customer_id,Recency,Frequency,Monetary,Cluster,PCA1,PCA2
C10000,4,2,210.58,3,-0.5405395441548286,-1.2005144270814856
C10001,193,5,3246.02,4,1.7002518470375423,2.2984642063715497
C10002,400,5,216.85000000000002,2,-1.0167655283674308,0.7248099340327733
C10003,71,3,154.3,3,-0.5012453135012552,-0.9226883128707201
C10004,599,3,716.99,0,-2.0524485984831373,2.1089559115879015
C10005,209,3,216.26,2,-0.9619017882238786,-0.20266462633243537
C10006,200,2,355.74,2,-1.1577131421206082,-0.12928897366195052
C10007,69,6,734.63,1,0.8395752207231015,-0.4341362092027221
C10008,33,2,276.65999999999997,3,-0.6029122850980517,-1.004106356720304
C10009,282,5,659.5500000000001,2,-0.30120876196644264,0.5304492892500979
C10010,376,3,1578.0,2,-0.6843453433142922,1.7623711544187763
C10011,67,6,1381.07,1,1.2663288086169353,0.10564443956523974
C10012,210,5,1801.64,1,0.7012488271777846,1.1530001630671474
C10013,175,4,681.33,3,-0.2177130647972504,0.029861713827828155
C10014,283,2,215.05,2,-1.5502556042421238,0.1525122339430779
C10015,189,5,1865.9,1,0.8191675737548264,1.106064285008459
C10016,24,6,796.44,1,1.0430109071384097,-0.5992170701443523
C10017,314,2,68.11,2,-1.7581224396799717,0.1775322599116105
C10018,11,12,728.1,1,2.959781346165767,-0.7102455043625325
C10019,32,1,4.4,3,-1.0949499239378697,-1.242008507086188
C10020,107,5,627.31,3,0.31302361016538904,-0.34324317097250456
C10021,191,3,1079.1200000000001,2,-0.3366354303214085,0.4436907914170422
C10022,37,4,914.7700000000001,3,0.4346375042221898,-0.43908178413478566
C10023,62,6,376.53000000000003,1,0.6325993346209513,-0.772360896500457
C10024,7,5,237.69,3,0.4231323586768551,-1.15800124786112
C10025,107,4,720.37,3,0.05442384118072,-0.26579951491027526
C10026,232,3,283.3,2,-1.001874850865349,-0.03445622892105037
C10027,8,10,963.57,1,2.485494884951521,-0.5279201518825966
C10028,130,5,317.21999999999997,3,0.02831935665676049,-0.4955827475541556
C10029,414,4,170.05,2,-1.4169370402586083,0.7510803978926086
C10030,49,3,273.55999999999995,3,-0.3440059340209399,-0.9277119578784221
C10031,177,2,137.26999999999998,2,-1.2160076377031288,-0.42620784147284085
C10032,119,3,91.03,3,-0.7165167910390405,-0.7443405829044425
C10033,424,1,39.02,0,-2.4952286700105795,0.6831058925802386
C10034,38,3,177.51999999999998,3,-0.3664052681778216,-1.0625381099542932
C10035,208,1,97.72,2,-1.6731750668674419,-0.31156413539912237
C10036,408,3,54.1,0,-1.7893930855099156,0.6218568549548256
C10037,46,4,1035.96,3,0.48061634419548727,-0.292550847746534
C10038,151,5,146.09,3,-0.1589506013539333,-0.539482819912129
C10039,112,1,166.46,3,-1.280140299504654,-0.7173876755607698
C10040,60,5,180.98000000000002,3,0.19397061164711488,-0.9498980348919356
C10041,410,2,330.64,0,-1.9361859727241866,0.8649242972616892
C10042,2,5,185.7,3,0.4075417117710296,-1.2263707219506643
C10043,25,5,1675.46,1,1.2908151685539573,0.1511024211966003
C10044,263,4,2698.53,4,0.7719180352872166,2.169977450097573
C10045,279,4,376.72,2,-0.7928466954241113,0.27389110960173
C10046,558,1,54.62,0,-2.971451763278876,1.3443813582113813
C10047,39,3,718.65,3,-0.0188789124786532,-0.5977596428847152
C10048,324,3,64.92,2,-1.4774977874135367,0.2248345206784265
C10049,29,2,77.23,3,-0.7178107080242725,-1.1929589935559433
C10050,214,4,563.25,2,-0.435887370191127,0.11809930265857266
C10051,6,6,779.9,1,1.097607710116639,-0.7003224439772892
C10052,107,3,56.1,3,-0.6956305264288924,-0.8320612048670474
C10053,24,3,93.19999999999999,3,-0.3703107834279157,-1.2019104718307547
C10054,91,4,381.18,3,-0.10761571017914202,-0.6314747918818017
C10055,286,4,1018.72,2,-0.40163941673270476,0.853421367436476
C10056,287,3,838.35,2,-0.8413057259234699,0.703294545388193
C10057,143,2,94.43,3,-1.1204064958866198,-0.6270423846150098
C10058,49,7,1290.28,1,1.59173176485107,-0.056916715085822
C10059,519,2,802.08,0,-2.025864278325543,1.7927501181748995
C10060,107,8,2044.12,1,2.1894026970329317,0.8659610301788324
C10061,54,4,1039.97,3,0.45418294924529495,-0.2504549595156878
C10062,190,5,302.9,2,-0.19874037871378147,-0.21759786128596734
C10063,115,3,420.26,3,-0.4883515718157856,-0.48384977866894346
C10064,151,5,413.46,3,0.014553968693933652,-0.31222720034720963
C10065,16,5,245.35,3,0.39543810953194813,-1.1079670406840936
C10066,336,8,2920.1099999999997,4,1.9267151600555488,2.7179537356429586
C10067,80,4,489.21,3,0.0024122197910967412,-0.5928482219446829
C10068,93,5,923.3399999999999,1,0.55593884226057,-0.15933066580510527
C10069,289,4,384.08,2,-0.8243650745676344,0.3285062669203534
C10070,107,4,799.35,3,0.1056763786470795,-0.19866913815432907
C10071,110,10,902.48,1,2.075647731608902,-0.0865787247439469
C10072,39,6,1261.13,1,1.290120697521808,-0.13170690171092236
C10073,53,5,1091.0800000000002,1,0.8099684912430792,-0.21019484422194507
C10074,31,5,175.82999999999998,3,0.2958826930287435,-1.0945176289839378
C10075,352,2,22.85,2,-1.925412169176772,0.32282848991933527
C10076,97,4,256.45,3,-0.21033352677174433,-0.7084755080315674
C10077,450,3,188.57999999999998,0,-1.8545618352650053,0.9392698757824312
C10078,47,4,1240.4,3,0.6096542618147801,-0.11394769784534696
C10079,66,6,988.2700000000001,1,1.015058326333633,-0.2330584541413412
C10080,17,5,339.25,3,0.45274324047700215,-1.02331921930408
C10081,322,6,176.85,2,-0.44063633839103833,0.3152621817978654
C10082,58,2,94.86,3,-0.8116241357267399,-1.0377318139750298
C10083,42,4,1610.28,3,0.8678279600714395,0.17625831606246278
C10084,145,6,303.61,1,0.2840348981273814,-0.4329574398102112
C10085,57,5,144.97,3,0.18149097381460985,-0.9950131593868958
C10086,124,2,23.15,3,-1.0977027022127426,-0.7795108804893571
C10087,472,2,130.64000000000001,0,-2.290998040442857,0.9947592310656606
C10088,66,4,376.75,3,-0.01975420207210649,-0.7561386491783529
C10089,239,7,1392.8,1,0.9686644717566395,0.9490505135156048
C10090,194,3,1452.69,2,-0.10510278480158645,0.7757207041841877
C10091,216,7,939.5,1,0.7579816073057319,0.4525339453552735
C10092,421,4,776.72,2,-1.0486564790739945,1.3005813291790185
C10093,536,2,37.33,0,-2.5838346058801362,1.2249490016195952
C10094,269,4,1045.52,2,-0.32254741309935725,0.7939894942848865
C10095,106,5,106.61,3,-0.021245093717652107,-0.7906568166047061
C10096,131,1,3.11,3,-1.455102675930265,-0.7643468866786692
C10097,48,5,174.4,3,0.2332540582928579,-1.0135220984722781
C10098,141,7,1435.16,1,1.351839351980139,0.5111329691852808
C10099,613,2,63.16,0,-2.8465404423343577,1.619271037360094
C10100,432,3,228.57,0,-1.7632809864147412,0.8862131243604042
C10101,173,1,2.5,2,-1.607935458178777,-0.5617558789678117
C10102,110,7,655.6800000000001,1,0.9585239164685724,-0.30131328664199675
C10103,223,1,17.12,2,-1.7799206342332352,-0.30753235568751947
C10104,167,6,374.37,1,0.25010530807929726,-0.2664231061324042
C10105,114,8,486.63,1,1.153293647136303,-0.42400215806056823
C10106,36,10,2057.5699999999997,1,3.0938003199828614,0.5373498369359424
C10107,241,4,323.6,2,-0.6893987567090335,0.044975147190232496
C10108,230,1,46.71,2,-1.7861249340398435,-0.24853025724893726
C10109,53,8,523.49,1,1.3986097286773,-0.6876647331503706
C10110,11,9,401.56,1,1.7909118063157952,-0.9927564177738663
C10111,196,6,1099.55,1,0.615442714566785,0.4901980728619015
C10112,67,3,27.43,3,-0.5690573333056853,-1.0498673597163437
C10113,87,3,65.08,3,-0.6172141133184389,-0.9211473066767943
C10114,123,6,230.03,1,0.31613450393065506,-0.6018886798244548
C10115,225,6,203.24,1,-0.07145433040593532,-0.13139339192701863
C10116,8,7,817.54,1,1.4337638046869199,-0.6570035607584043
C10117,262,3,94.7,2,-1.2331466835784277,-0.04968175943343471
C10118,186,2,288.45000000000005,2,-1.15056736953768,-0.2541864011733353
C10119,107,2,79.71000000000001,3,-0.9992985244213947,-0.8136477420904659
C10120,268,3,119.77,2,-1.238654698797763,0.0006425489551729186
C10121,29,2,244.29000000000002,3,-0.6094003647838317,-1.0509635422917198
C10122,119,4,493.63,3,-0.13626808915267807,-0.4004897018325583
C10123,168,4,278.65,3,-0.4536182763014051,-0.34625449278846954
C10124,161,4,1567.6599999999999,3,0.408265890599931,0.7155096127535844
C10125,25,6,2549.82,4,2.1772033624019524,0.8959336332179045
C10126,122,2,116.9,3,-1.02960655838427,-0.7094983746594036
C10127,523,2,202.10999999999999,0,-2.429720963662272,1.302139306305761
C10128,185,5,568.1899999999999,2,-0.008438330160927219,-0.016289873522806954
C10129,365,5,436.82,2,-0.7469894891391123,0.7425192217341103
C10130,336,4,164.99,2,-1.1371234647663129,0.3695762321193274
C10131,271,5,181.97,2,-0.5712010708626862,0.07132680965506104
C10132,589,3,741.55,0,-2.000216355121759,2.081471694077455
C10133,18,7,2256.3900000000003,4,2.3311830661830393,0.6143305510090598
C10134,233,3,774.12,2,-0.6869961928103,0.38756040914635426
C10135,4,4,238.95000000000002,3,0.11584911461926331,-1.1730923632831423
C10136,46,5,423.66,3,0.4022653971250475,-0.8113312577560599
C10137,27,4,187.68,3,-0.0008989253284238225,-1.1054435363199215
C10138,69,7,331.26,1,0.8968053404144558,-0.7753330586194418
C10139,4,3,148.34,3,-0.2619397345938972,-1.2517621068001057
C10140,2,5,1308.65,1,1.136258310249738,-0.27190051964514667
C10141,120,5,409.84,3,0.1247178155152319,-0.4652182256114533
C10142,0,7,379.74,1,1.1786976019220947,-1.067806541075372
C10143,40,6,2263.23,4,1.9367845841891675,0.7248807546874544
C10144,597,1,64.7,0,-3.1064591251213645,1.5415506903320986
C10145,40,4,721.9699999999999,3,0.29863533529756997,-0.5884475599377244
C10146,32,5,912.17,1,0.7700867878872945,-0.46381714562506837
C10147,66,4,606.77,3,0.12951281069077028,-0.5606292890694299
C10148,231,8,847.47,1,0.9628080124366225,0.44850485774341514
C10149,178,4,1560.38,2,0.34184101195193856,0.7915328375673171
C10150,229,2,612.3399999999999,2,-1.0964516283399668,0.22905476876232145
C10151,89,6,3336.5299999999997,4,2.455438688850539,1.8741111747615549
C10152,294,2,119.0,2,-1.6525093458248343,0.12406826610188497
C10153,21,7,843.53,1,1.4034466498387366,-0.5720457016849873
C10154,98,7,827.0,1,1.1132521138773612,-0.21372825899819622
C10155,348,4,930.01,2,-0.6842319998396871,1.0778491048510985
C10156,27,3,64.64000000000001,3,-0.3997325933569051,-1.2116777027059065
C10157,84,2,16.990000000000002,3,-0.9565220816602147,-0.9781842829864585
C10158,169,4,834.43,3,-0.0965850875573878,0.13097598769557556
C10159,6,4,622.61,3,0.3575589205478768,-0.8373222258229431
C10160,160,5,4703.29,4,2.7656907952937795,3.377509278708901
C10161,114,8,1280.72,1,1.6686029340021096,0.2509479670107069
C10162,475,3,1165.23,0,-1.3115200517090373,1.890288441735174
C10163,201,3,425.17,2,-0.7972980934846605,-0.06378558649445315
C10164,94,4,373.48,3,-0.1235008281411998,-0.6235117156016099
C10165,297,4,656.23,2,-0.6767942229208448,0.5985122491413162
C10166,331,3,371.06,2,-1.304240334417895,0.5188949337771369
C10167,630,1,163.59,0,-3.1620582569221702,1.785189931650523
C10168,524,2,619.41,0,-2.162551682088949,1.6616663862686178
C10169,226,3,549.53,2,-0.8073333567405884,0.16281478744353414
C10170,90,4,388.28999999999996,3,-0.09937236290848364,-0.6302674682109399
C10171,364,6,699.62,2,-0.2538318319697197,0.9627088059499376
C10172,593,2,85.03,0,-2.759759314005604,1.5411410074215062
C10173,131,3,743.66,3,-0.33655863436569594,-0.13159547724789036
C10174,74,3,703.6600000000001,3,-0.15563716074907888,-0.4412427387978291
C10175,134,5,549.03,3,0.16423015186913895,-0.2792081861887931
C10176,80,5,791.52,3,0.5175796734816983,-0.33424050983777515
C10177,225,2,131.05,2,-1.3942576254655807,-0.19936950636694895
C10178,108,6,812.02,1,0.7482473764402567,-0.1797556127183336
C10179,159,3,1223.48,3,-0.12681338496475128,0.41164191096331765
C10180,49,2,24.060000000000002,3,-0.8249033636092566,-1.1414329240182304
C10181,110,2,368.71999999999997,3,-0.8226394490225571,-0.5534910207449817
C10182,147,3,448.73,3,-0.5860189444665566,-0.3049011385959459
C10183,11,2,34.68,3,-0.6800925895167953,-1.3161720034919713
C10184,18,9,1160.18,1,2.2577973696276987,-0.31410303335924644
C10185,185,3,417.55,2,-0.7441717313509696,-0.14763737624175735
C10186,103,8,599.12,1,1.2662158075079086,-0.38158473625802114
C10187,14,5,486.25,3,0.5590243886880328,-0.9128819222985881
C10188,111,2,79.13,3,-1.0141927074542338,-0.7947969621167764
C10189,17,4,571.95,3,0.2847601381396164,-0.8271862012489372
C10190,88,7,420.96999999999997,1,0.8860613373901733,-0.6071996748796591
C10191,85,7,941.75,1,1.2348997590144208,-0.1790617926141321
C10192,310,4,1342.49,2,-0.2786419815558962,1.2446776779874429
C10193,59,5,963.7,1,0.7055310086048215,-0.28944797235453273
C10194,52,3,129.25,3,-0.44854145896298453,-1.0358628442296536
C10195,3,5,240.95999999999998,3,0.43977216497868016,-1.174565617180549
C10196,674,2,326.37,0,-2.897131923754685,2.1379831459160497
C10197,33,5,612.6099999999999,3,0.5720636915404542,-0.7135972558529885
C10198,454,2,102.59,0,-2.243870428478021,0.8838707395262037
C10199,676,2,903.09,0,-2.530139579420711,2.637847871075704
C10200,195,4,540.35,2,-0.38178831489883397,0.006752199889475705
C10201,114,7,412.40999999999997,1,0.7861407701828746,-0.488740945955476
C10202,59,2,128.57,3,-0.7933781365884746,-1.0042434934425777
C10203,40,3,655.51,3,-0.0634818403297132,-0.6465906055735012
C10204,317,5,299.51,2,-0.6618805079928488,0.39368515383787966
C10205,7,3,298.72,3,-0.1752419059532441,-1.109436280993705
C10206,506,3,182.04,0,-2.062055087403192,1.204523742935917
C10207,90,7,400.65,1,0.8656161662909333,-0.6147991196158025
C10208,195,5,510.52,2,-0.08215666513424712,-0.016948056295842003
C10209,31,9,891.71,1,2.036396115230968,-0.4794263940826882
C10210,22,1,10.29,3,-1.0548332145660702,-1.2853616044907028
C10211,334,2,128.5,2,-1.7915225382292534,0.32558055766412775
C10212,275,2,34.269999999999996,2,-1.6385336684958864,-0.03983228304376482
C10213,42,4,119.67999999999999,3,-0.0994679673450639,-1.0907021751050907
C10214,123,3,171.63,3,-0.6787307893223347,-0.6564894992456718
C10215,107,3,71.57,3,-0.6855915703057652,-0.8189122186880844
C10216,370,3,1073.6000000000001,2,-0.9898892245719143,1.3046322665109527
C10218,218,2,147.22,2,-1.3583582621687142,-0.21947712467952332
C10219,1,8,721.87,1,1.7160760206147176,-0.7705172113737331
C10220,116,5,319.35,3,0.08051389033002394,-0.5614754807834716
C10222,73,5,966.11,1,0.6562826197795864,-0.21969638991691073
C10223,30,4,974.44,3,0.49876534789113347,-0.4222158472576455
C10224,212,5,210.71,2,-0.3384132073050826,-0.1895656153820452
C10225,224,7,727.53,1,0.5913921849817195,0.3110540071522218
C10226,34,7,356.23,1,1.0400399159058777,-0.9233672941823425
C10227,35,5,499.53,3,0.4914237195374473,-0.8000396196557508
C10228,166,4,66.94,3,-0.5837444684374066,-0.5358728414010497
C10229,89,3,219.15,3,-0.5244922800018976,-0.7805210436075509
C10230,187,1,4.75,2,-1.6572876758973347,-0.492140291215945
C10231,24,2,220.47,3,-0.6067106371590502,-1.0953894520204763
C10232,70,6,1192.1999999999998,1,1.1328769368845515,-0.04038096676883516
C10233,57,5,548.91,3,0.44361999361913307,-0.651677575861992
C10234,196,5,418.95,2,-0.14520868946756343,-0.08994357470976803
C10235,287,4,112.96000000000001,2,-0.993044232655477,0.08839139155326871
C10236,44,6,933.8900000000001,1,1.0596173993356166,-0.3856703318649522
C10237,229,4,65.51,2,-0.8133278410605567,-0.2324240627295382
C10238,109,7,1725.1000000000001,1,1.6561327116486808,0.6028222534331347
C10239,32,6,694.9200000000001,1,0.9480958677361421,-0.6468181768369677
C10240,194,6,645.24,1,0.3278859629304188,0.09437778197288998
C10241,22,7,279.23,1,1.0336256708780192,-1.0468460188307243
C10242,342,5,920.49,2,-0.34964386498714795,1.0423960330245123
C10243,108,3,260.7,3,-0.5664887799162771,-0.653322060280105
C10244,4,9,1339.8200000000002,1,2.4251835711365337,-0.22911816241094785
C10245,2,6,223.85,1,0.7512876625860484,-1.1922902360257106
C10246,19,5,78.91,3,0.2765417507822237,-1.2349276920088512
C10248,140,4,810.8299999999999,3,-0.0066457754370193665,-0.029325493597581572
C10249,15,6,275.42,1,0.7375701520578127,-1.0855902265671693
C10250,128,4,200.06,3,-0.3594396978948435,-0.6064909895934105
C10251,32,2,737.45,3,-0.3002621108112123,-0.617286101590368
C10252,100,6,294.93,1,0.44172746772825955,-0.6579524594948986
C10253,125,7,803.85,1,1.000234198636573,-0.10283460530393385
C10254,166,4,787.8399999999999,3,-0.11593041096084858,0.07686821460504797
C10255,59,5,356.06,3,0.3112148289889862,-0.8059217901816172
C10256,27,11,1574.87,1,3.1322158339164385,0.08520166079169401
C10257,612,3,1135.95,0,-1.8277555020252267,2.5279252185441266
C10258,21,4,203.1,3,0.030884289207357144,-1.1213526895445856
C10260,87,4,1476.8,3,0.6178834187534474,0.2804220574535909
C10261,220,3,601.64,2,-0.7517408791047728,0.17809091559612586
C10262,121,3,251.84000000000003,3,-0.6194211655912855,-0.5979855436977581
C10263,293,2,128.45,2,-1.6427475009893333,0.12726451205191772
C10264,48,8,1053.58,1,1.7607485956790272,-0.26128554046223496
C10265,137,4,745.49,3,-0.038158547276720134,-0.099370143925055
C10266,159,3,548.1999999999999,3,-0.5650232292327082,-0.16232366026680828
C10267,157,3,332.03,3,-0.6980436517700765,-0.3557328607448167
C10268,98,3,382.07,3,-0.45143356678890423,-0.5985209932407524
C10269,17,6,789.39,1,1.0638421022918365,-0.6390609172271606
C10270,67,8,1965.14,1,2.2833281925120192,0.6053930463273628
C10271,32,7,646.9,1,1.2359234701911181,-0.685979328859088
C10272,56,7,1415.3,1,1.6474549106055492,0.08319771373792018
C10273,326,4,426.45,2,-0.9311595662291869,0.5434491462052806
C10275,15,6,461.67999999999995,1,0.8584399624969633,-0.9272754130123131
C10276,79,5,639.09,3,0.4222926354980773,-0.46863688720063895
C10277,46,11,1472.74,1,2.996980987798381,0.09027741631090566
C10278,533,1,287.71,0,-2.729456263034468,1.4216016119185313
C10279,193,4,707.1,2,-0.26632023849193337,0.1388122810952722
C10280,8,3,94.21000000000001,3,-0.31158415036063797,-1.2784270482151339
C10281,161,3,105.5,3,-0.8595637000918992,-0.5289320760611504
C10282,310,4,485.77,2,-0.8345937908516609,0.5164941331108384
C10283,18,3,41.9,3,-0.3818242174076514,-1.2745294090153672
C10284,50,3,182.24,3,-0.4068957257084396,-1.0004949845958555
C10285,329,4,149.83,2,-1.1215550966431742,0.32283915440229877
C10286,364,1,97.61,0,-2.2394407777188454,0.44274903592696213
C10287,53,4,1246.81,3,0.5920372019116987,-0.079483769682948
C10288,339,3,151.56,2,-1.4757162040339014,0.37101474567572756
C10289,37,5,1334.49,1,1.0259958976940684,-0.08067947168708726
C10290,336,1,187.41,2,-2.0795421882797336,0.38366972834024216
C10292,70,7,2399.7,4,2.2354498652418275,0.9876081803306651
C10293,63,2,36.32,3,-0.8677597861893204,-1.0633091687387994
C10294,26,7,796.82,1,1.3549878481761943,-0.5875679493707263
C10295,3,3,669.5699999999999,3,0.07993180414554743,-0.8135698591261159
C10296,154,4,118.89999999999999,3,-0.5064726254472639,-0.5497398493306821
C10297,112,2,153.94,3,-0.9692756613437303,-0.7263750066809389
C10298,115,6,167.92,1,0.30486503199308485,-0.6933676383201842
C10299,242,3,356.13,2,-0.9909077447224381,0.07580625387505839
C10300,293,2,509.51,2,-1.3954660129299392,0.4511528555138177
C10301,39,7,143.76999999999998,1,0.8840208700669733,-1.079771536642684
C10302,355,5,410.65,2,-0.7276774942668254,0.6719161891713828
C10303,201,6,3126.59,4,1.912703709952394,2.2372944475823844
C10304,107,2,186.08,3,-0.9302717782793758,-0.7232367750667891
C10305,44,8,1276.8600000000001,1,1.9201596196052353,-0.09084871720030488
C10306,162,7,640.59,1,0.7600001111380049,-0.06267039621811042
C10307,111,6,251.93,1,0.3738994935878177,-0.6413056893403589
C10308,401,3,250.63,0,-1.6364526022151686,0.7550492461598816
C10309,35,5,198.35,3,0.2959788064693522,-1.056032616254331
C10310,93,4,406.37,3,-0.09852805043394038,-0.6003922481884298
C10311,80,5,585.76,3,0.384055716668858,-0.509129675719055
C10312,79,2,92.27000000000001,3,-0.889523333233759,-0.9383784842255434
C10313,307,3,374.35,2,-1.214998533031681,0.4056287602456656
C10314,16,4,1042.24,3,0.593575152967484,-0.4322912616522822
C10315,266,1,34.93,2,-1.9244295659616213,-0.08444901960169816
C10316,52,4,721.0,3,0.2544524627481677,-0.5312407455914586
C10317,263,4,489.02,2,-0.6619005777451452,0.29196733682800224
C10318,33,3,1308.44,3,0.3856305611676987,-0.1254733732515316
C10319,57,4,324.13,3,-0.021235871950844906,-0.8443873630526109
C10320,14,4,151.81,3,0.02300679535709034,-1.1987990672387265
C10321,667,1,21.84,0,-3.388333847574684,1.843636926302571
C10322,342,2,798.7,2,-1.385644867913378,0.9339158190406285
C10323,419,1,33.78,0,-2.4804818121487133,0.6544723657348129
C10324,48,5,858.48,1,0.6771744916935567,-0.43207681952561244
C10325,265,6,2064.77,4,0.991371385316029,1.6442828862560779
C10326,27,2,388.38,3,-0.5086370553937418,-0.9381637084560137
C10327,309,4,421.56,2,-0.8726321727795433,0.45708182560628763
C10328,15,6,1104.63,1,1.2756698810079259,-0.38078926797261187
C10329,2,8,1312.14,1,2.095490825175584,-0.2639713764415671
C10330,125,2,2522.1,4,0.5203129280165335,1.3493495594888882
C10331,228,6,1007.23,1,0.43939101676329745,0.5664792248575283
C10332,17,6,2755.63,4,2.3397953723330454,1.0321777760193784
C10333,91,3,118.39,3,-0.5971374272190659,-0.8564918166071573
C10334,115,3,567.0699999999999,3,-0.3930820728864841,-0.35906615482062165
C10335,62,5,1398.07,1,0.9765186335872248,0.09425992099961608
C10336,513,2,78.99000000000001,0,-2.4733227888376366,1.149131993843198
C10337,7,4,295.64,3,0.14174863691371198,-1.1103999256543133
C10338,125,8,1379.92,1,1.6930528888021124,0.3884600141302446
C10339,216,3,196.55,2,-1.0000983657855074,-0.1855658904421962
C10340,37,8,2040.14,1,2.440881510966065,0.5240623499535039
C10341,277,5,1396.6200000000001,2,0.19524575715970974,1.1327546072983976
C10342,82,5,117.69,3,0.07305187691220495,-0.8973017488734676
C10343,25,6,664.17,1,0.9535474080661616,-0.7068062367472758
C10344,17,3,639.7200000000001,3,0.00974891470414676,-0.7712382052039005
C10345,286,2,355.54,2,-1.4699756990699728,0.2864318882362308
C10347,144,5,528.96,3,0.1149116068266258,-0.24790761780933915
C10348,315,4,468.74,2,-0.863792332802864,0.526198899632702
C10349,231,3,445.45,2,-0.8930213059651088,0.09852994524667011
C10350,136,2,38.650000000000006,3,-1.1311976880557517,-0.7083051131781581
C10351,400,1,24.4,0,-2.4176092153706623,0.5546168139120368
C10352,21,3,443.15,3,-0.13232917334302255,-0.9189724156125598
C10353,227,3,202.75,2,-1.0359989552292554,-0.1271007544179106
C10354,89,6,3088.99,4,2.2948024122688393,1.6637103965624294
C10355,1,4,318.33,3,0.1782495767898378,-1.1201298203449723
C10356,155,5,624.82,3,0.13719413347851966,-0.1132344597549428
C10357,250,5,250.73999999999998,2,-0.4503556473551142,0.028224281801099146
C10358,156,5,498.22999999999996,3,0.05141656011922315,-0.21599581501355414
C10359,39,7,249.17000000000002,1,0.952418153543224,-0.9901850374013986
C10360,177,4,793.3100000000001,2,-0.15230471973038073,0.1347128748755754
C10361,198,4,224.22000000000003,2,-0.5978230926576664,-0.24743997962719855
C10362,46,5,703.36,3,0.583771281264586,-0.5735955477201249
C10363,500,4,130.21,0,-1.754923205528643,1.1331085763949211
C10364,59,10,2209.7,4,3.1090447606715066,0.7778819081655531
C10365,286,3,470.39,2,-1.0764567725184413,0.38570482664511785
C10366,5,5,167.67000000000002,3,0.3849531408838326,-1.227187802569547
C10367,284,2,182.88,2,-1.5747611519294318,0.13000474261579661
C10368,6,4,256.63,3,0.12006330568413608,-1.1483930701524085
C10369,187,5,190.79,2,-0.2606036339328396,-0.3273954581932788
C10370,74,7,882.48,1,1.236361602404235,-0.2826346659698696
C10371,72,5,727.83,3,0.5052848912225675,-0.4270624158553378
C10372,28,6,626.67,1,0.9183241587227728,-0.7241721706890034
C10373,49,2,176.26,3,-0.7261361288361508,-1.0120679791935279
C10374,98,7,3286.12,4,2.709050289798783,1.8764420637174581
C10375,39,10,1481.6,1,2.7091474194681564,0.06230228775270633
C10376,40,3,199.21,3,-0.3595888654740514,-1.0344304500118178
C10377,173,3,116.60000000000001,2,-0.8959139805012792,-0.4614661626082215
C10378,329,3,407.68,2,-1.2732175948114168,0.5403488371245986
C10379,94,2,12.950000000000001,3,-0.9954382694529718,-0.9332587470278982
C10380,121,4,439.85,3,-0.17842647756800323,-0.4365290352272729
C10381,23,4,694.0999999999999,3,0.3422503039437578,-0.6943471172783182
C10382,461,3,826.2399999999999,0,-1.4806887185995188,1.5344550384756177
C10383,40,4,120.60999999999999,3,-0.0916055602553539,-1.0995835863489145
C10384,337,3,1280.35,2,-0.7359509493016466,1.3207768736565364
C10385,240,2,99.73,2,-1.4690238936880191,-0.1534513634427222
C10386,40,9,2511.52,4,3.054875305898564,0.9408817670966001
C10387,130,2,733.46,3,-0.65853752455479,-0.14675533168235788
C10388,52,5,785.6300000000001,3,0.6153820954080739,-0.47465313917400737
C10389,128,4,233.25,3,-0.3379016918362404,-0.5782805919670513
C10390,34,6,315.42,1,0.6945678097393707,-0.9597086917579776
C10391,70,8,497.76,1,1.320212080768047,-0.6273233955377928
C10392,164,9,743.29,1,1.4573648785189963,0.03760157913619276
C10393,19,8,1016.69,1,1.842063620347789,-0.4328830803409393
C10394,467,4,65.39,0,-1.67721500875596,0.9184277034745096
C10395,48,5,463.5,3,0.420859889915098,-0.7677967006482209
C10396,183,3,208.56,2,-0.8725328323004871,-0.3349438151964979
C10397,128,1,182.05,3,-1.328094684889714,-0.626761650529281
C10398,49,5,498.98999999999995,3,0.440260985491577,-0.7327954392367416
C10399,150,4,325.65999999999997,3,-0.35778193475661274,-0.39334447737298417
C10400,42,6,1429.23,1,1.388317576097937,0.025680335542874525
C10401,224,3,81.41,2,-1.10385183973186,-0.24474354475972934
C10402,64,6,245.75,1,0.5404732912941336,-0.8738476724148964
C10403,232,2,216.82,2,-1.3640050051042976,-0.0926162738925468
C10404,108,5,400.04,3,0.161911705682858,-0.5315791822426207
C10405,368,4,197.94,2,-1.2318836284040515,0.5523327233934724
C10406,2,6,848.31,1,1.15651885461242,-0.6615199768586031
C10407,304,4,62.34,2,-1.0875937627822239,0.12757705586304188
C10408,313,2,215.0,2,-1.6591715754803729,0.29754794092542186
C10409,427,1,60.48,0,-2.4921909721645967,0.7158540003393289
C10410,481,1,7.34,0,-2.722665487835713,0.9318275349118157
C10411,418,2,1172.96,0,-1.4186143704165435,1.6195558418394236
C10412,703,1,58.04,0,-3.4955027901113525,2.048499570340672
C10413,80,5,388.94,3,0.256333199270417,-0.6764201385337592
C10414,407,3,510.0,0,-1.489916181775248,1.0045207725013656
C10415,214,4,3874.9199999999996,4,1.71315657449384,2.9329088087533344
C10416,226,3,986.1800000000001,2,-0.5239778175574298,0.5339527845375315
C10417,251,4,2719.5,4,0.8290795195019417,2.129769971470716
C10418,236,3,217.01,2,-1.059410262524606,-0.07145676645347922
C10419,33,9,2880.62,4,3.319801739947548,1.2207529265565769
C10420,0,3,474.69,3,-0.0356434354504488,-0.9937192069082015
C10421,312,5,356.10999999999996,2,-0.6070037828618047,0.41761357303686675
C10422,149,5,538.64,3,0.10304600075446105,-0.2155002384342048
C10423,371,2,620.5799999999999,2,-1.6064864572901916,0.9227620002678262
C10424,14,4,1146.78,3,0.6686732577893983,-0.3531076142017074
C10425,31,3,149.04000000000002,3,-0.3594806554237879,-1.120596745260448
C10426,234,1,254.41,2,-1.6658598551900117,-0.05264839509332228
C10427,177,6,670.8299999999999,1,0.4061927605580143,0.033917449010276296
C10428,491,2,263.7,0,-2.2736109026825524,1.199738674977262
C10429,188,4,477.38,2,-0.3972453179616494,-0.08062178986480019
C10430,309,2,441.6,2,-1.4976061020177214,0.4708066539167738
C10431,181,4,1146.78,2,0.06255497024215581,0.4544943954221028
C10432,41,5,361.01,3,0.3797571502016049,-0.8887613777840491
C10433,76,6,598.43,1,0.7257847195168003,-0.5160501042101808
C10434,0,4,185.07,3,0.09540253808742852,-1.2382323344207826
C10435,188,4,249.01,2,-0.5454415952621371,-0.274728704776872
C10436,160,3,129.19,3,-0.8405610837506883,-0.5136323030788986
C10437,301,3,344.17,2,-1.212806553092836,0.35096112158074894
C10438,302,2,27.540000000000003,2,-1.7408961435594448,0.08501782527613225
C10439,157,3,350.73,3,-0.6859086498629997,-0.33983848184716925
C10440,6,7,1719.8,1,2.0265268143918966,0.1002155911965182
C10441,204,7,754.0600000000001,1,0.6811973298284938,0.23688482243625622
C10442,2,5,905.5300000000001,1,0.8746614135234929,-0.6145391304055546
C10443,25,6,709.78,1,0.98314513196893,-0.6680392516391636
C10444,160,5,300.82,3,-0.0912066296178896,-0.3644439975224284
C10445,140,4,1864.97,4,0.677417909607146,0.8666584941653092
C10446,176,8,571.96,1,0.9836409427409591,-0.05164620121564835
C10448,99,8,1004.96,1,1.5440955987151825,-0.05597797654932583
C10449,32,5,304.05,3,0.3754591215914914,-0.9806989475094187
C10450,542,1,39.2,0,-2.9233870596946607,1.2538998275335074
C10451,252,4,106.58,2,-0.8701536309494485,-0.08628930274980567
C10452,53,7,545.3,1,1.0937736556349187,-0.6707812105885359
C10453,72,4,531.06,3,0.058605571289873995,-0.5959646333709242
C10454,137,5,901.9300000000001,1,0.3823494022328501,0.035252913112343236
C10455,181,3,199.88,2,-0.8709066481159649,-0.3519934072534977
C10456,358,4,417.36,2,-1.053200771587434,0.690473033797228
C10457,12,2,67.89,3,-0.6621710556701632,-1.2831086663525046
C10458,124,4,303.53,3,-0.2777770471497516,-0.5378886869586005
C10459,189,3,1571.4699999999998,2,-0.009875556003053867,0.8525000581348172
C10460,183,6,505.11,1,0.2768752793573331,-0.07792340569641817
C10461,17,6,650.98,1,0.9740236202619706,-0.7567048200733306
C10462,178,3,113.0,2,-0.9163973847192182,-0.44034634215077467
C10463,172,4,639.35,3,-0.23406681821185427,-0.020327712379375626
C10464,125,7,206.82,1,0.6128031725091915,-0.6102902755318719
C10465,179,4,1276.04,2,0.153694639082409,0.5546892218218671
C10466,106,2,45.53,3,-1.0178495209337952,-0.8475355470123239
C10467,119,4,958.99,3,0.16571824707605134,-0.004949158313349339
C10468,618,2,404.95,0,-2.6428897123980057,1.9339608860238746
C10469,205,3,277.53999999999996,2,-0.9076175187867851,-0.16992242239771851
C10470,37,8,1854.3200000000002,1,2.320297229983552,0.366121521784475
C10471,228,3,333.87,2,-0.9545406279750358,-0.01081716926407699
C10472,187,3,1254.58,2,-0.20825626688698748,0.5734822029738651
C10473,211,3,986.81,2,-0.46912722893542935,0.4619491609518715
C10474,278,2,605.47,2,-1.278752871805178,0.4601765656347208
C10475,245,6,393.18,2,-0.02078547189308893,0.12676810294797056
C10476,514,1,24.68,0,-2.8311849087018723,1.1061519848343502
C10477,74,5,1263.17,1,0.8454244880209888,0.03763068370085951
C10478,191,2,22.619999999999997,2,-1.3412198406054978,-0.45595337100091976
C10479,125,4,1302.66,3,0.3669595156853075,0.316174568085444
C10480,9,2,34.68,3,-0.672833687869523,-1.3258438838467475
C10481,87,4,376.41,3,-0.09619330576677675,-0.6548728941604331
C10482,115,3,43.39,3,-0.7329140407312945,-0.804176761297627
C10483,178,3,1475.2,2,-0.032424144194086714,0.7174784136981731
C10484,0,6,1231.1100000000001,1,1.4121883835339697,-0.3458245715438905
C10485,346,2,42.169999999999995,2,-1.8910981253662533,0.31023420715995575
C10486,61,4,701.23,3,0.20895804770427054,-0.5045211273536016
C10487,256,1,57.79,2,-1.8733005045917954,-0.11337818064829451
C10488,27,6,990.0799999999999,1,1.1577814728111557,-0.4201216811768702
C10489,116,6,1426.71,1,1.118102910079029,0.3813979923689474
C10490,63,4,242.05,3,-0.09627679916714653,-0.8851369957807369
C10491,180,2,353.9,2,-1.086318157921094,-0.2275717160958979
C10492,78,7,1388.25,1,1.5500534202082041,0.16659679607995745
C10493,211,4,827.86,2,-0.25328549608216594,0.32850119336204936
C10494,157,3,441.44,3,-0.6270441566549285,-0.2627379946917897
C10495,284,3,849.0300000000001,2,-0.8234867948232789,0.6978643701301932
C10496,205,3,226.64999999999998,2,-0.9406415961691988,-0.21317723213575474
C10497,213,8,2222.81,4,1.9206383156513223,1.5304512539670292
C10498,53,5,487.0,3,0.41796250450367123,-0.723642780290975
C10499,100,4,189.17000000000002,3,-0.26488192888479867,-0.7511534528594952
C10500,61,4,1063.0,3,0.4437216648124608,-0.19702864319307176
C10501,503,2,1175.3200000000002,0,-1.7255862142491112,2.0326166785323014
C10502,25,3,828.86,3,0.1034520386340143,-0.571787965886345
C10503,36,1,25.84,3,-1.0955546555271882,-1.204441458485429
C10504,323,3,663.7099999999999,2,-1.0852951926359706,0.7289501922722845
C10505,185,5,2185.41,4,1.0410251877087344,1.3582934120843253
C10506,178,3,233.3,2,-0.8383310355523019,-0.3380953377985295
C10507,288,4,976.35,2,-0.4363935071929634,0.827080155069684
C10508,129,6,673.5799999999999,1,0.582190959196533,-0.19587027084293304
C10509,269,3,855.1500000000001,2,-0.7650735772991475,0.6305270641995111
C10510,132,5,394.84,3,0.0714304468826057,-0.419936445272353
C10511,216,3,2208.31,4,0.3053942244059757,1.5243632909017173
C10512,305,2,7.17,2,-1.7650032120114845,0.08221182237807842
C10513,223,5,609.8199999999999,2,-0.11934248127773286,0.20285997051789012
C10514,31,8,863.79,1,1.6992887242827621,-0.5048117197871641
C10515,125,6,244.73,1,0.3184148818573949,-0.5797222877159129
C10516,174,5,1078.35,1,0.36254405525812305,0.36413384005660915
C10517,164,6,325.51,1,0.22928691225182243,-0.32246030382708474
C10518,116,2,287.90999999999997,3,-0.8968562343981108,-0.5931611956549253
C10519,33,6,941.81,1,1.1046808886150823,-0.43213393687133533
C10520,317,5,727.17,2,-0.3843588547532528,0.7571819495260026
C10521,474,6,1039.33,2,-0.43262321412836047,1.7834044423246485
C10522,44,5,1357.85,1,1.015748760353712,-0.02697266632510098
C10523,333,3,216.39,2,-1.4118693293789406,0.3971024513458633
C10524,316,4,193.32999999999998,2,-1.0461437555638269,0.29694548728596815
C10525,48,5,334.9,3,0.33740741690707277,-0.8771024293240209
C10526,60,9,611.94,1,1.749590732065152,-0.5769793366493866
C10527,5,7,308.58,1,1.1143724474986956,-1.104110476678089
C10528,259,5,325.28000000000003,2,-0.43464941909118193,0.13510426762382927
C10529,9,8,320.62,1,1.4266570174900908,-1.0728788628252715
C10530,367,6,731.1,2,-0.24429184967941026,1.0039735809044517
C10531,165,4,684.93,3,-0.17908240646113052,-0.015437807516559144
C10532,180,3,216.48,2,-0.8565049496101108,-0.3427198987837763
C10533,18,2,488.2,3,-0.41119574715939033,-0.896843485476936
C10534,71,3,764.51,3,-0.10526138228642601,-0.40403008040369154
C10535,229,6,313.89,1,-0.014167964662082002,-0.01800080634983588
C10536,42,5,334.54,3,0.35895050683891405,-0.9064240584312988
C10537,244,3,398.15999999999997,2,-0.9708920939550347,0.12120223824417262
C10538,664,1,58.59,0,-3.353597296168745,1.8603653851548207
C10539,12,5,277.78000000000003,3,0.43100073164181363,-1.099746378524624
C10540,22,5,1490.3,1,1.1815475342273078,-0.020785249425852678
C10541,43,7,3515.9300000000003,4,3.0578008224391646,1.8057962210449832
C10542,123,4,275.5,3,-0.2923371205750652,-0.5665491961467402
C10543,8,2,128.49,3,-0.6083280590296906,-1.2509444398322476
C10544,211,6,1174.8899999999999,1,0.609891382355513,0.6267736731777366
C10545,10,10,6238.82,4,5.901507042678936,3.965539016162799
C10546,123,4,1226.27,3,0.32464661007687956,0.241573724950385
C10547,21,2,260.21999999999997,3,-0.5700272940033128,-1.0761110928103153
C10548,410,4,277.3,2,-1.3328214319087706,0.8228955749783871
C10549,36,4,652.37,3,0.26798756999679163,-0.66694900895082
C10550,52,2,171.51999999999998,3,-0.7401004122717407,-1.0015890012268633
C10551,204,4,584.32,2,-0.38591989456534764,0.08764870106508925
C10552,65,6,473.53,1,0.6846572487268578,-0.675406297729159
C10553,183,4,538.89,2,-0.3391823436667684,-0.05252003374669819
C10554,175,4,132.82999999999998,3,-0.5736514897187264,-0.43634506827696395
C10555,115,6,434.19,1,0.47765577839935913,-0.4670469822198324
C10556,97,6,872.97,1,0.8277236545503258,-0.1811454790647036
C10557,294,6,1611.65,1,0.5920738855410278,1.3993882013414018
C10558,62,2,464.55,3,-0.5862387916936265,-0.7041638321600615
C10559,65,9,372.25,1,1.575901306443911,-0.7565281746917035
C10560,49,7,2278.76,4,2.233186667797981,0.7832584535102493
C10561,147,8,3758.5699999999997,4,3.1567837025681125,2.5166241934813947
C10562,86,5,754.25,3,0.4716173257015523,-0.3369031308865653
C10563,110,2,226.53,3,-0.9149108886571691,-0.6743477980421201
C10564,95,4,388.88,3,-0.11713674798253748,-0.6055862869202769
C10565,180,5,295.01,3,-0.1675659327793895,-0.27266350100115505
C10566,254,5,1001.84,2,0.022538310441536428,0.685978095453057
C10567,12,6,1521.61,1,1.557149308089148,-0.0408779380908178
C10568,264,3,171.14,2,-1.1908013314408368,0.024961582040922612
C10569,107,6,1307.18,1,1.0732012948739533,0.23627800084540668
C10570,195,5,591.39,2,-0.029677648865514626,0.05178875768558835
C10571,115,6,329.23,1,0.4095440243797454,-0.5562594960752908
C10572,40,5,175.35999999999999,3,0.2629126382418828,-1.0513936517768512
C10573,489,1,112.12,0,-2.683706147910177,1.0595745761649042
C10574,9,9,2509.57,4,3.1661228667939167,0.7893101863649272
C10575,46,6,1122.69,1,1.1748765918089907,-0.215524722318955
C10576,413,3,98.88,0,-1.7784812281094389,0.6840980685175224
C10577,237,2,53.790000000000006,2,-1.4879474122123566,-0.20700665812236907
C10578,57,4,72.84,3,-0.1843056382197924,-1.0579755166991254
C10579,11,3,536.26,3,-0.03561273849875069,-0.8881914099447319
C10580,111,7,324.70000000000005,1,0.7401114211955103,-0.5777993532851083
C10581,251,5,996.93,2,0.03024041374860823,0.6672969380017777
C10582,47,5,247.55,3,0.284352781282412,-0.9561829682559279
C10583,22,7,1826.3100000000002,1,2.037573197637394,0.2681205964084403
C10584,127,4,400.77000000000004,3,-0.22556338970386094,-0.44073009615866954
C10585,270,3,721.53,2,-0.8554131326588048,0.5217904424355275
C10586,617,2,56.690000000000005,0,-2.8652568265026344,1.6331155129644177
C10587,461,2,2031.6399999999999,0,-1.0174570425939333,2.557350749244218
C10588,70,5,1113.18,1,0.7626091931314457,-0.1091995952364008
C10589,27,6,1986.99,1,1.804706860575,0.4272187074249316
C10590,167,3,167.59,3,-0.8410483051187219,-0.4471419972559167
C10591,47,6,547.27,1,0.7978395047623542,-0.6997766701246836
C10592,24,4,2721.12,4,1.6540161240122462,1.0333884973968925
C10593,127,7,204.95999999999998,1,0.6043372599770442,-0.6021993333990008
C10594,192,5,662.86,2,0.02758977239142472,0.09802806334673224
C10595,87,8,644.08,1,1.353462939709733,-0.42074527239899906
C10596,271,6,425.59000000000003,2,-0.09411935310397417,0.2800499710933631
C10597,25,9,2327.1800000000003,4,2.989693204533827,0.7116597871099861
C10598,29,5,427.15,3,0.46623082886246137,-0.8905758566886205
C10599,152,7,1510.68,1,1.3609226305683997,0.6285178028130382
C10600,42,9,1711.6100000000001,1,2.528530341390876,0.27065671568575317
C10601,18,2,507.22,3,-0.39885308746566844,-0.8806771172077781
C10602,110,5,378.34000000000003,3,0.14057101037871045,-0.5403515811434033
C10603,320,4,338.58,2,-0.9664043916389654,0.4397469236577285
C10604,132,5,1714.79,1,0.9279863702647428,0.7019772138693432
C10605,131,5,812.36,3,0.34600139483151926,-0.06989425297135858
C10606,339,4,1021.36,2,-0.5922871336455998,1.1119701091530063
C10607,223,4,492.95,2,-0.514172247607462,0.10187009920134271
C10608,4,4,310.19,3,0.16207892937114282,-1.1125407294506076
C10609,7,4,4276.01,4,2.724732462628745,2.272782370218889
C10610,28,6,2899.66,4,2.393336885180869,1.2077938341539711
C10611,97,5,971.8100000000001,1,0.572874704336935,-0.09878901497956506
C10612,83,5,1278.99,1,0.8230255124355335,0.0946006198514047
C10613,27,5,862.36,1,0.7559108096529892,-0.5303336921211969
C10614,7,7,782.5,1,1.4146547278729107,-0.691622337116197
C10615,137,8,1491.4,1,1.721842260340987,0.5412455935588875
C10616,57,7,1838.9899999999998,1,1.9187708586059422,0.4481560814631284
C10617,79,3,603.94,3,-0.23849577263055896,-0.501821725807862
C10618,395,3,2381.39,2,-0.23196056767319795,2.5371088339699503
C10619,99,6,1055.6,1,0.938978945324948,-0.016244164588144126
C10620,32,5,569.91,3,0.5479838064586264,-0.7547267777913147
C10621,255,2,115.29,2,-1.5133682961669408,-0.0676867775922007
C10622,67,5,568.35,3,0.419940695921465,-0.5867948197688456
C10623,21,3,579.51,3,-0.04384099900885214,-0.8030709446776292
C10624,11,1,43.87,3,-0.9931181665199953,-1.310015061769084
C10625,35,6,535.2,1,0.8335603225059662,-0.7680670513600039
C10626,240,2,18.22,2,-1.5219182255300419,-0.22273215616717365
C10627,4,2,122.03999999999999,3,-0.5979958579972124,-1.2757704863113095
C10628,24,4,923.8699999999999,3,0.4877256332371819,-0.49421430868849986
C10629,629,2,322.85,0,-2.7360908723441537,1.91737395484697
C10630,264,3,429.90000000000003,2,-1.022884053714891,0.24489898757863643
C10631,224,4,646.74,2,-0.41800266403059905,0.23742243139312647
C10632,41,4,362.77,3,0.06191001896473755,-0.888919689280922
C10633,58,4,163.01999999999998,3,-0.12941452904448839,-0.976489571762922
C10634,220,6,425.08,1,0.09065168430400537,0.03298353898572578
C10635,77,3,277.34000000000003,3,-0.4431775994780069,-0.7890927584605874
C10636,16,4,375.12,3,0.1606605822589789,-0.9993211039088892
C10637,37,4,201.09,3,-0.028491274443186713,-1.045686079946177
C10638,214,4,204.61,2,-0.6686198345736942,-0.18673278546186975
C10639,107,6,773.19,1,0.7266788527156689,-0.21759576319495424
C10640,331,1,110.96,2,-2.111005677252249,0.2945100666658608
C10641,0,3,324.01,3,-0.13342429573699027,-1.121792202218229
C10642,7,4,1520.0400000000002,3,0.9362992430647699,-0.0697005929120936
C10643,169,5,1600.08,1,0.7192578625837456,0.783407310414032
C10644,115,3,227.63,3,-0.6133550700703415,-0.6475788806504313
C10645,62,7,3165.43,4,2.7613910873552956,1.5997657259327134
C10646,165,3,128.85,3,-0.8589289742671796,-0.4897415908991881
C10647,392,3,344.18,2,-1.543080088737896,0.7910401773909244
C10648,6,3,133.4,3,-0.2788936591551658,-1.254788730227728
C10649,49,4,494.94,3,0.11864356756593336,-0.7378920577601029
C10650,373,2,62.68,0,-1.9757837313416418,0.45823741072968793
C10651,394,3,349.9,2,-1.546627107448886,0.8055738677614516
C10652,331,2,32.69,2,-1.8428082249410735,0.22963741936813456
C10653,306,2,744.48,2,-1.2901696544871653,0.7137367735193395
C10654,156,5,865.97,1,0.2900542928095123,0.09657097085921942
C10655,3,3,427.74,3,-0.07699907880570236,-1.01911732697735
C10656,158,5,405.2,3,-0.016212353689297892,-0.28539634475760894
C10657,97,3,164.18,3,-0.5891996007531266,-0.7885561964132419
C10658,52,7,1468.4,1,1.6964309278715257,0.10898718936339896
C10659,111,7,881.87,1,1.1016760742739038,-0.1042233591459525
C10660,101,6,472.75,1,0.5534908532210078,-0.501975425436245
C10661,96,8,559.52,1,1.2659243121760229,-0.44909500222416765
C10662,137,5,757.9,3,0.28888393032502835,-0.08716780307098082
C10663,356,6,339.01,2,-0.45880708301223183,0.6175147618420287
C10664,23,1,46.39,3,-1.0350362713337988,-1.2498418633397814
C10665,432,4,1571.47,2,-0.5728428570832304,2.029287774280303
C10666,136,6,826.73,1,0.6561685222582886,-0.031846276329841876
C10667,22,6,1075.33,1,1.2312500591527749,-0.3718417135598297
C10668,227,2,678.04,2,-1.0465579873721091,0.2752257062458039
C10669,221,6,1385.41,1,0.7102097405083384,0.8540680827341168
C10670,22,2,9.64,3,-0.7362657703817775,-1.2842598298614027
C10671,96,7,784.0699999999999,1,1.0926524255850183,-0.2598892134746839
C10672,384,5,264.28,2,-0.9279155376249391,0.6877488158531424
C10673,114,3,95.22,3,-0.6956505177769745,-0.7649589229581667
C10674,183,2,34.8,2,-1.304280259512227,-0.4842882969669044
C10675,155,6,316.83,1,0.25631925220179785,-0.37336147712580103
C10676,363,1,131.04,0,-2.2141175774966224,0.4663274854045662
C10677,248,3,110.94,2,-1.1717957393752794,-0.10358146131270797
C10678,50,4,52.76,3,-0.17193000856632318,-1.1088944310031286
C10679,145,6,182.89,1,0.20569599811549336,-0.535565430212564
C10680,22,6,360.36,1,0.7672841600349851,-0.9795424665251227
C10681,58,3,191.04,3,-0.4302207431647871,-0.954327755460211
C10682,82,3,1024.78,3,0.023711821560253366,-0.12961388306789348
C10683,178,3,565.37,2,-0.622840656767116,-0.05584686718132198
C10684,206,4,420.02000000000004,2,-0.49979809104324624,-0.042328961515079644
C10685,260,4,109.35,2,-0.8973916998228908,-0.04524737333356292
C10686,53,5,1611.74,1,1.1478406887264259,0.2323488625614296
C10687,56,8,725.62,1,1.5188897150019756,-0.5013531261699992
C10688,151,4,314.0,3,-0.36897791618113207,-0.3984191499200115
C10689,72,6,195.08,1,0.4785563720509489,-0.8782279680409144
C10690,2,5,1230.5,1,1.0855443851674893,-0.33832542396873744
C10691,176,3,869.9000000000001,2,-0.417962924597807,0.19332163779548325
C10692,72,4,166.96,3,-0.17767005407732633,-0.9054375401427652
C10693,6,7,1437.6100000000001,1,1.8434050931000256,-0.13963653613648308
C10694,434,1,157.95,0,-2.4543458639791,0.8325518442095851
C10695,147,3,543.22,3,-0.5247014936537393,-0.22458777698959806
C10696,287,2,71.84,2,-1.657706756366212,0.0501322512338021
C10697,113,2,389.09000000000003,3,-0.8203090855123345,-0.5216693767825993
C10698,67,6,1305.9199999999998,1,1.2175616752844851,0.04176943559956025
C10699,228,3,85.25,2,-1.1158777495866627,-0.22213591159205037
C10700,573,3,1092.68,0,-1.7142861462413417,2.3025454887970502
C10701,247,4,463.75,2,-0.6202278404061016,0.19311363330831965
C10702,248,4,857.1099999999999,2,-0.3685939569961703,0.532292508415044
C10703,27,10,897.06,1,2.3733749462094025,-0.49256857944711785
C10704,279,5,2532.76,4,0.9252628483844262,2.1081077518656417
C10705,592,2,391.67,0,-2.5571417891292394,1.7969388824940968
C10706,158,2,126.08,3,-1.1543096052807893,-0.5276018331782237
C10707,88,5,953.63,1,0.5937422037458823,-0.15776487274500067
C10708,139,1,313.9,3,-1.282457146546072,-0.4614981878478083
C10709,1,5,504.73,3,0.6181994865740614,-0.9600417583998994
C10710,481,2,85.59,0,-2.3528974206317224,0.9999916889541843
C10711,86,5,170.78,3,0.09298579828325948,-0.8328332514967441
C10712,336,5,486.26,2,-0.6096522872169854,0.6442993144882351
C10713,253,6,357.41,2,-0.07303332544560806,0.13505231243291227
C10714,190,6,697.16,1,0.37609624210814135,0.11916429679092339
C10715,10,3,740.59,3,0.10061269840365515,-0.7193536367447778
C10716,228,6,854.17,1,0.34006570168858247,0.43638330859689106
C10717,2,5,685.27,3,0.7317279632532936,-0.8017528146834062
C10718,214,1,53.3,2,-1.7237772683179409,-0.32030401896760136
C10719,21,7,971.52,1,1.4865032751909695,-0.46325845274862926
C10720,639,2,290.78999999999996,0,-2.793190095080028,1.938483421462638
C10721,24,5,2629.67,4,1.9136606712359738,0.957313287860076
C10722,9,7,2313.61,4,2.400979931570253,0.6194421889057962
C10723,30,8,1116.28,1,1.8667666580752653,-0.29503954617487327
C10724,117,3,403.61,3,-0.5064151676744392,-0.4883298453005752
C10725,307,3,229.13000000000002,2,-1.3092362323335893,0.2821965835870367
C10726,128,6,486.3,1,0.4642886903860871,-0.35988799069686706
C10727,445,4,756.0400000000001,0,-1.1491831833032067,1.3990665803024636
C10728,75,3,2090.55,4,0.7407287250532575,0.7424036371741174
C10729,83,4,1666.34,3,0.7553995248002556,0.4221810013568777
C10730,251,4,180.44,2,-0.8185941672457755,-0.028346696115416466
C10731,88,5,488.78000000000003,3,0.2920868221146186,-0.5528719332033645
C10732,130,6,607.78,1,0.5358618759939849,-0.2469621451824006
C10734,335,3,757.79,2,-1.0677972132459266,0.8669463496250416
C10735,462,2,172.01,0,-2.2278572739767752,0.9815629552273771
C10736,644,1,335.12,0,-3.1015595055054366,1.9986878969314676
C10737,418,3,657.65,0,-1.434025540216001,1.1832137104011715
C10738,56,2,564.9000000000001,3,-0.4993419027210525,-0.6478853062522553
C10739,160,3,293.72,3,-0.7337925348859107,-0.3737872677831804
C10740,127,5,1499.67,1,0.8065356773107125,0.4949526579844395
C10741,253,4,193.01000000000002,2,-0.8176960114613925,-0.007990733260991586
C10742,324,2,416.48,2,-1.5683490006239096,0.5219945909140173
C10743,123,5,1120.8200000000002,1,0.5752061291348813,0.15359898040998207
C10744,10,3,2086.85,4,0.9742419854315243,0.4249226485358008
C10745,143,4,186.17,3,-0.4228951060509529,-0.5457579255897189
C10746,1,6,498.11,1,0.9328928151762554,-0.9640142854828428
C10747,184,3,935.5799999999999,2,-0.4043767704779767,0.28783497771712696
C10748,23,2,71.85,3,-0.6995252496204273,-1.2265474559287926
C10749,86,5,444.09999999999997,3,0.27035150530155994,-0.6005203295553005
C10750,98,2,644.24,3,-0.6002926848374369,-0.37733945400306024
C10751,65,2,364.44,3,-0.6620915848553081,-0.7747461865713992
C10752,80,1,194.03,3,-1.146106856967649,-0.8487041769479833
C10753,157,9,1139.35,1,1.7397864810928356,0.34038784314593273
C10754,260,6,3272.16,4,1.7930309363639108,2.6463445830819996
C10755,80,4,381.78000000000003,3,-0.06730239276918427,-0.6841601537614884
C10756,202,4,1558.42,2,0.2534622882414686,0.905929466924129
C10757,84,8,1424.76,1,1.8709584199248495,0.22829897754024808
C10758,33,2,449.63,3,-0.49066676211050797,-0.8570876017509951
C10759,82,6,2256.31,4,1.7798570499602462,0.9221084719788383
C10760,145,4,677.24,3,-0.11148366617372342,-0.11869285564843356
C10761,64,8,409.18,1,1.2845065146441499,-0.7316290945033839
C10762,84,5,392.92,3,0.24439813969727148,-0.6536935100160443
C10763,26,5,703.66,3,0.6565549769122893,-0.6700593612320954
C10764,108,4,766.5,3,0.08072955816315067,-0.2217546068960703
C10765,246,2,189.76999999999998,2,-1.432370888912553,-0.047904712969614294
C10766,74,4,490.63,3,0.025110406161151733,-0.6206569101729332
C10767,9,5,1295.22,1,1.1021370167510203,-0.24946399233901315
C10768,27,4,482.51,3,0.19042527853593133,-0.8548478288122535
C10769,13,8,1026.89,1,1.8704594172389206,-0.45322906018836917
C10770,145,6,729.67,1,0.5605182624337516,-0.07082059097964108
C10771,46,5,679.19,3,0.5680866290670434,-0.5941392449370306
C10772,21,5,261.94,3,0.3880566137901524,-1.0696863908179033
C10773,35,4,443.95,3,0.13636690865609963,-0.8489350266601694
C10774,283,5,775.01,2,-0.22991268764617065,0.633422394535634
C10775,81,7,975.63,1,1.271403330470022,-0.1696086786150056
C10776,190,3,166.16,2,-0.9254536447964247,-0.3371308256799286
C10777,6,2,104.49000000000001,3,-0.6166434913808055,-1.2810155230503146
C10778,178,4,360.11,2,-0.4370508992249074,-0.22865679662943575
C10779,181,2,57.95,2,-1.2819986148623432,-0.47428344622646457
C10780,393,3,451.5,2,-1.4770663093654102,0.8870945530386612
C10781,82,5,1737.4700000000003,1,1.124176657075028,0.479457451705749
C10782,3,6,1603.23,1,1.642780079708056,-0.015027110616402366
C10783,320,4,1282.59,2,-0.35380743172989965,1.2421240692816935
C10784,36,6,3576.1,4,2.803263882336325,1.8214328882749273
C10785,231,5,2619.1,4,1.155505154478161,1.9493687556517019
C10786,220,4,187.55,2,-0.7014672952660316,-0.172217577766197
C10787,355,6,1174.02,2,0.08668589414446123,1.3224095876178266
C10788,189,3,321.63,2,-0.8209349561924021,-0.20982242964249062
C10789,55,4,1947.1899999999998,4,1.0392763021723632,0.5254878482298123
C10790,160,3,2268.1,4,0.5474430301030844,1.304370155101158
C10791,57,7,2735.79,4,2.5007318056790138,1.210406295121429
C10792,70,6,915.97,1,0.9536228418689466,-0.2751672920574525
C10793,68,5,867.33,1,0.6103285108827384,-0.32783580992201217
C10794,149,4,1311.26,3,0.2854334989341278,0.4395468467021038
C10795,332,3,1830.2400000000002,2,-0.3609632567512496,1.7639854087068871
C10796,87,7,2365.45,4,2.151523328763147,1.0407078009267745
C10797,28,8,800.5999999999999,1,1.6691711531970836,-0.5730289415248011
C10798,35,6,754.5,1,0.9758707994162299,-0.5816693351966842
C10799,491,3,155.19,0,-2.025037111209345,1.1091630320717893
C10800,301,4,732.09,2,-0.6420841521688204,0.682334490234587
C10801,19,1,161.78,3,-0.9456383680361746,-1.1711079566162035
C10802,161,4,414.97,3,-0.339749903425112,-0.2642386017666942
C10803,58,6,1358.9399999999998,1,1.2846330322219812,0.043311212995220776
C10804,22,8,733.25,1,1.6472423833559264,-0.6592898456242395
C10805,189,5,188.53,2,-0.26932911869829346,-0.3196445027747959
C10806,48,8,1224.57,1,1.871709236111704,-0.11594971972914758
C10807,223,2,54.83,2,-1.4364602128748534,-0.27382585514839286
C10808,206,2,140.10999999999999,2,-1.319418748732102,-0.2835516706564302
C10809,39,4,512.89,3,0.16658637977192234,-0.7709945557258142
C10810,118,3,63.2,3,-0.7309470783477009,-0.7728310987353881
C10811,1,1,142.38,3,-0.8928975065260862,-1.2746442354570158
C10812,408,2,1518.6499999999999,0,-1.157991048850911,1.8650214583076679
C10813,226,7,913.49,1,0.704808414598618,0.47878571102606293
C10814,493,4,50.96,0,-1.7809447984870312,1.0318971273650464
C10815,6,8,674.64,1,1.6672797750488768,-0.7864814417881769
C10816,90,3,497.64,3,-0.34740105269174737,-0.538977853205252
C10817,185,3,155.39000000000001,2,-0.9142953730600201,-0.37046466885177076
C10818,0,5,848.51,3,0.84491829331293,-0.6726761168963659
C10819,29,5,891.84,1,0.7677823816004025,-0.49560479091601184
C10820,163,3,156.64,3,-0.8336362917109413,-0.4757928942718455
C10821,325,4,441.13,2,-0.9180038144432039,0.5510907184459387
C10822,309,4,942.32,2,-0.5346950822378699,0.8997105290682595
C10823,86,4,607.3,3,0.057267727427177714,-0.463460003125104
C10824,514,4,105.18,0,-1.8219782495587011,1.179537070225514
C10825,15,9,1113.1399999999999,1,2.238160027461768,-0.3685932915034609
C10826,15,6,539.1500000000001,1,0.908712614782591,-0.8614284861031822
C10827,148,6,599.14,1,0.4649250009291143,-0.16725893502019973
C10828,329,1,12.71,2,-2.167504205410874,0.20132894958948794
C10829,215,3,1316.5,2,-0.26969910823296145,0.7615184713280218
C10830,46,4,159.71,3,-0.08800907939146503,-1.0373342439531412
C10831,170,5,899.31,1,0.2608773269246987,0.19261202598690738
C10832,14,6,1385.97,1,1.4618694621276571,-0.1464955525850735
C10833,312,3,1798.23,2,-0.3091465082488751,1.6400591683402113
C10834,37,5,482.85,3,0.4733406557612958,-0.8045451852909616
C10835,314,5,862.61,2,-0.28557934408477875,0.8577936304856763
C10836,8,5,243.81,3,0.4234743630228077,-1.1479635109535926
C10837,133,4,842.8899999999999,3,0.039565094827946214,-0.03592713968108556
C10838,30,5,668.7900000000001,3,0.6194089641792545,-0.6803539423493327
C10839,483,3,1014.13,0,-1.4386090694296405,1.8005459817941436
C10840,143,5,554.3100000000001,3,0.13499144793605858,-0.23119689996237627
C10841,194,4,1773.6100000000001,2,0.4221412670435981,1.0501462981780059
C10842,29,5,680.6899999999999,3,0.6307606889437577,-0.6750752777736725
C10843,69,3,324.13,3,-0.3837785308978949,-0.7880103339641348
C10844,25,4,222.19,3,0.02875457074736289,-1.0857830628908574
C10845,274,7,797.21,1,0.4551371268418949,0.6120767016680472
C10846,336,2,130.73000000000002,2,-1.7973343246758422,0.33714786395161805
C10847,247,5,411.01000000000005,2,-0.33546319030414185,0.14994063805641902
C10848,62,4,309.96000000000004,3,-0.04857847243390696,-0.8322516915228717
C10849,4,6,572.87,1,0.9705185131103231,-0.8859629480315276
C10850,144,3,885.47,3,-0.2917166490599954,0.0518055349766244
C10851,0,4,1417.57,3,0.8952094819629419,-0.1906482707122023
C10852,435,1,465.43,0,-2.2584421390600644,1.0987355717371674
C10853,372,2,91.65,0,-1.9533547615207854,0.47802500834186384
C10854,8,5,527.83,3,0.6077836272820559,-0.9065559444022653
C10855,103,8,815.91,1,1.4068974686541744,-0.19732043672748723
C10856,532,2,419.32,0,-2.3214318090837596,1.5302840534828952
C10857,28,5,1543.49,1,1.1942874470094167,0.05344012498424428
C10858,47,4,370.23999999999995,3,0.04498082547991847,-0.8535547963253943
C10859,50,1,133.76,3,-1.0763343785120134,-1.0450098804600647
C10860,0,3,190.45000000000002,3,-0.22009546443801545,-1.2353137661524423
C10861,27,5,1074.61,1,0.8936463259512266,-0.3499282417989689
C10862,54,3,66.41,3,-0.49657915846270095,-1.0796028767052606
C10863,41,6,616.71,1,0.8646779494061718,-0.6697706175712239
C10864,117,4,104.36,3,-0.38161839565341477,-0.7410281529620516
C10865,321,5,2196.3199999999997,4,0.554499708357647,2.0252544138440425
C10866,315,1,81.48,2,-2.072064937668755,0.1920780029772427
C10867,101,6,289.47,1,0.4345548559199903,-0.6577573379689091
C10868,14,4,252.27,3,0.08819836175200638,-1.113411403920135
C10869,165,7,815.62,1,0.8626940786561683,0.10060711086246178
C10870,7,9,1028.6,1,2.2123350425415382,-0.47913700500850753
C10871,150,5,179.04,3,-0.13393888781167793,-0.5163123544917907
C10872,333,2,38.36,2,-1.8463876901812268,0.24412861139936318
C10873,18,5,209.34,3,0.36481121758126217,-1.128902464292113
C10874,301,3,1598.09,2,-0.39909951612376177,1.4167514738448164
C10875,134,4,1262.16,3,0.30801276965030333,0.3252743748501335
C10876,15,3,127.89999999999999,3,-0.3151278347758551,-1.2159400859540728
C10877,174,7,498.39,1,0.6241687723139261,-0.1255043910544515
C10878,26,2,40.49,3,-0.730764065182562,-1.2386945938046618
C10879,148,2,54.83,3,-1.1642514011021396,-0.6365213684524992
C10880,141,1,9.17,3,-1.4874646648320342,-0.7108366861818075
C10881,70,4,969.5899999999999,3,0.35044000161684524,-0.2329005790740788
C10882,3,7,2090.02,4,2.2776622473995944,0.40038247416633427
C10883,7,3,64.24000000000001,3,-0.32740314911748786,-1.3087364929680565
C10884,33,4,320.41,3,0.06345692604667347,-0.963611803753735
C10885,128,7,546.55,1,0.8223760070912877,-0.3070232388019666
C10886,19,8,1603.23,1,2.2226873646567085,0.06565643830216873
C10887,213,4,706.72,2,-0.33915584858629816,0.23520809726436515
C10888,136,7,696.61,1,0.8907189238271146,-0.140789701480136
C10889,69,7,920.03,1,1.2788761999240592,-0.27489811404361975
C10890,30,4,438.68,3,0.15109429860046802,-0.8775940525091741
C10891,49,6,1040.26,1,1.1104968913594546,-0.271079663954335
C10892,2,4,1629.09,3,1.025212377288123,-0.0011914157889566124
C10893,28,2,107.49,3,-0.6945446177510032,-1.1720749387898655
C10894,126,4,901.0699999999999,3,0.10272603192782338,-0.02032765331504129
C10895,34,5,169.8,3,0.2810812891407402,-1.0851351081711753
C10896,163,4,208.87,3,-0.4807533982835352,-0.429744876000428
C10897,13,7,340.08,1,1.1057781542824894,-1.0386490015009153
C10898,405,2,67.4,0,-2.088863205344983,0.6169993396358874
C10899,73,4,348.25,3,-0.06365487946064463,-0.7465111213367942
C10900,49,4,927.0799999999999,3,0.3990724298185616,-0.37058741087083247
C10901,295,4,1351.78,2,-0.21817165408281103,1.180034766768287
C10902,137,4,156.11,3,-0.42062525444211585,-0.6003235682403191
C10903,124,5,1992.21,4,1.137048299263524,0.8990874782141611
C10904,38,5,651.3,3,0.5790235616888403,-0.6565323400168512
C10905,376,2,142.61,0,-1.9348030622920878,0.5406830764644704
C10906,49,6,361.6,1,0.6700936617200582,-0.8479181229210409
C10907,502,2,143.07,0,-2.391815358001945,1.1504025235369155
C10908,44,2,241.28,3,-0.6657954081940056,-0.9809828396566695
C10909,45,6,1299.21,1,1.2930552691907655,-0.07032452543683915
C10910,270,6,1182.36,1,0.40060129521797627,0.9184433955348329
C10911,295,2,470.69000000000005,2,-1.427916399819603,0.427829025237221
C10912,9,5,567.73,3,0.6300465067307386,-0.8678063294646562
C10913,95,5,115.51,3,0.024454347533414474,-0.8362874541608382
C10914,29,5,399.85,3,0.4485150239392959,-0.9137799499456137
C10915,0,8,439.41,1,1.5364085388890008,-1.0154347699163344
C10916,24,8,4756.990000000001,4,4.251111426819939,2.7704273901112777
C10917,129,6,558.64,1,0.5076028779559232,-0.2935654532223766
C10918,28,6,786.19,1,1.0218415653653872,-0.5885854689909971
C10919,94,6,2922.28,4,2.1684719406143613,1.5461921345602365
C10920,7,7,1081.83,1,1.6088991193619633,-0.43720177907166213
C10921,7,2,47.95,3,-0.656963477382309,-1.3242367049516959
C10922,363,9,950.16,1,0.8693484343756614,1.1757863034501288
C10923,68,5,1620.82,1,1.0992912160679398,0.31260566363886255
C10924,221,7,1425.67,1,1.055324934854049,0.889941998577468
C10925,144,4,154.19,3,-0.44727735692744014,-0.5681039232276658
C10926,155,5,774.14,3,0.23409244817181915,0.013682580726164822
C10927,258,1,45.66,2,-1.888430934214086,-0.11401639740733985
C10928,91,3,383.71,3,-0.4249631648668945,-0.6309786289534774
C10929,36,8,1549.79,1,2.126307850285151,0.10244519627550527
C10930,8,4,261.43,3,0.11591927083654129,-1.1346413492249743
C10931,293,3,56.87,2,-1.3702087030761076,0.06807814255233376
C10932,85,2,70.71,3,-0.925290981550794,-0.9276881270667378
C10933,324,3,238.14,2,-1.3650900317801766,0.3720657673442279
C10934,17,3,111.97,3,-0.332724200614557,-1.2198081764998059
C10935,58,7,851.46,1,1.2743029888894981,-0.3863756785088823
C10936,485,1,23.74,0,-2.7265408295646933,0.9651107509112832
C10937,65,2,139.27,3,-0.8082112842893441,-0.9661332077683654
C10938,42,7,1051.4,1,1.4621213828859085,-0.29380836216015976
C10939,87,6,384.65,1,0.5471323803661677,-0.6445606617636749
C10940,564,1,5.43,0,-3.0251493636115545,1.3315871330738231
C10941,1,8,444.8,1,1.536276823909169,-1.0060175087625658
C10942,406,5,1326.53,2,-0.31843694367048136,1.6970167181527915
C10943,229,6,621.8199999999999,1,0.18565722984305946,0.2437294660540449
C10944,145,7,926.51,1,1.0072430075072738,0.09814112421096333
C10945,138,5,723.81,3,0.26313243591784957,-0.11130723062732543
C10946,10,6,1693.77,1,1.6761280989515186,0.09578046342707881
C10947,9,10,1475.52,1,2.8140854462309832,-0.08794371562763645
C10948,10,10,1589.75,1,2.884583335933838,0.013983930511156206
C10949,66,10,1423.24,1,2.5732806583905674,0.14326861091294926
C10950,336,4,754.23,2,-0.7547476078825744,0.8704106610845558
C10951,77,5,2123.79,4,1.3930187741205828,0.7836369195749129
C10952,281,3,81.72,2,-1.3105293681983097,0.03116853505504243
C10953,22,5,517.03,3,0.549962865451875,-0.8480324232073131
C10954,27,10,6161.11,4,5.7893779830515095,3.9816990802406322
C10955,328,3,643.1700000000001,2,-1.116771480934438,0.735671575375392
C10956,175,9,1085.23,1,1.639336243101021,0.3814345638821976
C10957,548,2,43.54,0,-2.6233581568416877,1.2882585774891284
C10958,268,3,421.42999999999995,2,-1.0428982990497002,0.257043529611019
C10959,237,3,192.99,2,-1.0786270259582948,-0.08703702847510135
C10960,449,1,12.43,0,-2.603220004810531,0.7814037801759867
C10961,142,3,85.72,3,-0.8034399813798159,-0.6376272824580196
C10962,1,4,173.77,3,0.08444017167288505,-1.2430010189248608
C10963,160,3,342.20000000000005,3,-0.7023323802091684,-0.3325808779993329
C10964,3,4,111.71000000000001,3,0.03690863802811624,-1.2860780773074105
C10965,261,6,1123.75,1,0.39523253114547363,0.8251033806126121
C10966,57,5,707.9399999999999,3,0.5468194242759468,-0.5165073578891113
C10967,510,1,57.62,0,-2.795291331994541,1.1148061300546646
C10968,196,9,867.8100000000001,1,1.4220272883909377,0.2981895290016521
C10969,256,5,348.71,2,-0.4085566230543478,0.14051116888695264
C10970,642,1,26.81,0,-3.294372391984947,1.726962756794142
C10971,195,1,514.26,2,-1.3556866610064948,-0.02038619267703607
C10972,95,8,731.33,1,1.3810465265106142,-0.30789814890397255
C10973,6,5,1301.08,1,1.1168281024398683,-0.25899100750539067
C10974,56,8,2018.6599999999999,1,2.357982916388421,0.5976879267612322
C10975,329,10,7209.120000000001,4,5.373369574882127,6.332926705176727
C10976,61,9,5741.83,4,5.074903791032638,3.788092719209956
C10977,252,2,761.56,2,-1.0830955756486258,0.46711343664475813
C10978,409,3,397.49,0,-1.5701862633457933,0.9185628897666066
C10979,89,3,136.19,3,-0.5783275611896563,-0.8510342881716595
C10980,184,2,165.04000000000002,2,-1.2233929911712813,-0.36875268258472477
C10981,14,5,729.64,3,0.7169676033491779,-0.7060085062612401
C10982,38,5,875.47,1,0.7244943305396102,-0.46599528560585535
C10983,53,5,1967.35,4,1.3786068934416968,0.5346055513203817
C10984,63,6,326.48,1,0.596490908104845,-0.81006579396089
C10985,19,4,312.94,3,0.10942172612058196,-1.0376642181283675
C10986,32,4,651.3499999999999,3,0.2818434640964048,-0.6871597357820622
C10987,25,10,2871.78,4,3.662090049243981,1.1762059517896746
C10988,117,6,1603.44,1,1.229158961236017,0.5364485626308932
C10989,38,4,1239.4299999999998,3,0.6416898565617374,-0.1582956272242313
C10990,287,9,1367.71,1,1.4161476620147868,1.1631584814505962
C10991,45,6,1378.2,1,1.3443142959629577,-0.003185649013033272
C10992,200,9,1085.45,1,1.5487427372384348,0.5025200610098133
C10994,9,4,176.14000000000001,3,0.05694253056613625,-1.202299076223006
C10995,81,3,509.08000000000004,3,-0.30731222940645714,-0.5727776947702428
C10996,166,1,87.32,2,-1.52748701034069,-0.5235132774235146
C10997,2,3,133.13,3,-0.2645510671181028,-1.2743619819694925
C10998,42,7,857.3000000000001,1,1.3361639566739514,-0.45878691531702426
C10999,80,6,353.87,1,0.5525644527786894,-0.7045742206775619
C11000,35,2,192.68,3,-0.6646683771280142,-1.0658146870513263
C11001,56,3,149.69,3,-0.44979512113556946,-0.9991457624148653
C11002,313,3,527.21,2,-1.1375797090154363,0.5645703242134372
C11003,144,4,406.47,3,-0.2835651493810591,-0.35367430246304055
C11004,38,8,735.29,1,1.5904949885676103,-0.5801808705426504
C11005,328,3,374.35,2,-1.2912170003280408,0.5071835039708155
C11006,397,3,106.52,2,-1.7154521852751068,0.6132167719241275
C11007,41,4,589.5799999999999,3,0.20909396455533,-0.6961387225549642
C11008,154,5,461.67,3,0.03495055964228561,-0.2567424810634099
C11009,215,3,487.84,2,-0.8074419253622783,0.057184994465748075
C11010,167,2,81.53,2,-1.2158845201780213,-0.5219443918967146
C11011,196,5,898.42,2,0.16593405729105112,0.3175900001594839
C11012,190,5,104.8,2,-0.32729352725880323,-0.3859762815867136
C11013,54,4,289.21,3,-0.03300817544758987,-0.8885760237508632
C11014,191,6,1466.25,1,0.8715528135686582,0.7777011923903254
C11015,116,6,545.57,1,0.5463042159399051,-0.36754174142105545
C11016,53,9,1290.68,1,2.215452031916663,-0.033924461581519745
C11017,56,5,504.15999999999997,3,0.41820980084160964,-0.6945495297115578
C11018,110,4,1337.1,3,0.4437504473275358,0.27290832153344485
C11019,35,6,554.21,1,0.8458964928938554,-0.7519091827587057
C11020,521,2,689.62,0,-2.1061019133669245,1.706834733779439
C11021,48,3,537.4000000000001,3,-0.16916263810836604,-0.7082926612453664
C11022,478,1,1170.77,0,-1.9567918268754831,1.9061965721812526
C11023,464,4,1260.63,0,-0.890698865942034,1.9198341842056668
C11024,242,5,641.88,2,-0.16749733242730797,0.3219927690464765
C11025,35,6,852.0699999999999,1,1.039186956425507,-0.4987380758895474
C11026,191,4,2233.6,4,0.7315311985110967,1.4266146995243887
C11027,19,2,24.91,3,-0.7154682479043951,-1.285788657571798
C11028,126,5,579.4,3,0.21297378027202096,-0.2920822163179752
C11029,132,5,660.54,3,0.24385130285641823,-0.1941002702400043
C11030,64,3,64.99,3,-0.5337951481273007,-1.0324504277674578
C11031,50,7,523.2,1,1.0903206422156455,-0.704073297090647
C11032,4,4,1201.99,3,0.7407952235278835,-0.3545403497221597
C11033,0,3,623.84,3,0.06114456104369551,-0.8669466607807088
C11034,641,1,13.94,0,-3.2990946777679455,1.7111877440813144
C11035,111,2,247.69,3,-0.9048089683388938,-0.6515265606735973
C11036,24,8,1049.3799999999999,1,1.8451299069965779,-0.380917965220625
C11037,4,10,1611.44,1,2.920435345226698,0.0034040690345267456
C11038,90,5,679.74,3,0.4087477046478477,-0.38089039539967123
C11039,65,3,195.29,3,-0.45286894395135935,-0.91686381537812
C11040,33,6,366.7900000000001,1,0.7315328246253884,-0.9208818381400636
C11041,67,4,492.39,3,0.05165867975315342,-0.6530125498713419
C11042,10,3,203.26,3,-0.24807717190273815,-1.17606628985028
C11043,60,3,127.60000000000001,3,-0.47864780101446314,-0.9985777680074001
C11044,37,2,263.45,3,-0.626002461397542,-0.9959906572534213
C11045,26,2,602.41,3,-0.3661169918336544,-0.7610812574321462
C11046,33,5,499.3,3,0.4985333671505684,-0.8099069923713001
C11047,138,3,616.38,3,-0.44456067476926303,-0.2059276685244927
C11048,137,2,94.19,3,-1.0987855342847868,-0.6562620177079712
C11049,24,4,1449.84,3,0.8290436521176718,-0.04715727827162197
C11050,5,4,811.33,3,0.4836545510454984,-0.6817524341519877
C11051,31,4,114.44,3,-0.06294440454138042,-1.1483513430148449
C11052,272,3,178.61,2,-1.2149894265729282,0.06999835535122659
C11053,322,2,780.09,2,-1.3251324495952372,0.8213791336059566
C11054,289,5,559.77,2,-0.3913652113301911,0.4794911845876828
C11055,64,4,457.64,3,0.039996694455563746,-0.6970567162159794
C11057,203,3,205.55,2,-0.9470751298288418,-0.24078341167450729
C11058,25,6,3982.22,4,3.1067315298723663,2.1134260574419774
C11059,171,4,363.39,3,-0.40951625114634127,-0.2597204868131693
C11060,106,1,264.98,3,-1.1944309534994573,-0.6626645888712894
C11061,312,1,49.78,2,-2.0817476846873832,0.150626235329815
C11062,105,2,168.64999999999998,3,-0.9343237366984323,-0.7477235765010302
C11063,212,2,238.37,2,-1.2774315345621887,-0.17101829320264528
C11064,80,5,1423.6299999999999,1,0.9277751844700559,0.20303199524200627
C11065,218,5,775.24,2,0.006150869924332428,0.31928177536618174
C11066,201,4,471.93,2,-0.4479648503477202,-0.022386886542294
C11067,231,7,1264.32,1,0.9143254770076958,0.8011592594350165
C11068,332,3,61.53,2,-1.5087332686798984,0.2606406546930912
C11069,42,7,2585.16,4,2.4574251542761782,1.0098366954898783
C11070,50,10,2102.06,1,3.0718589301014654,0.6428680217272013
C11071,284,2,211.24,2,-1.5563574805880043,0.15410980066591862
C11072,120,3,778.7199999999999,3,-0.2738831690563872,-0.15499098368303535
C11073,212,6,1687.1200000000001,1,0.9386636441982901,1.0669881001327686
C11074,78,9,2489.5299999999997,4,2.902686191074366,1.105956724213857
C11075,31,8,1095.38,1,1.849574558061367,-0.3079679118242673
C11076,12,6,400.29,1,0.8294904664611636,-0.9939626945352034
C11077,137,6,513.1200000000001,1,0.4490279512165593,-0.29356841990064675
C11078,326,2,135.95,2,-1.7576523987948314,0.29322528880050286
C11079,76,6,507.66999999999996,1,0.6668877797795658,-0.593193089704859
C11080,24,5,440.19,3,0.49284013778643276,-0.9036719906865063
C11081,239,6,3554.23,4,2.0522932532821496,2.784539970675535
C11082,69,6,574.03,1,0.73535696905056,-0.5706408750295765
C11083,61,8,869.25,1,1.59394836055831,-0.35509269581412295
C11084,277,3,452.63,2,-1.0553167222645223,0.32708595492978987
C11085,82,5,295.88,3,0.18868481754439786,-0.745846167281393
C11086,174,2,27.29,2,-1.27648867077983,-0.5341950091260352
C11088,192,8,1628.48,1,1.611177869395119,0.9237357503360614
C11089,80,6,1191.8600000000001,1,1.0963617922498794,0.007689446297815987
C11090,6,3,334.07,3,-0.1486727590111501,-1.0842258952870378
C11091,245,6,188.51999999999998,2,-0.1535956050643365,-0.04718609946874189
C11092,67,1,113.58,3,-1.1511304616841391,-0.979951227185351
C11093,98,6,2075.27,4,1.6043034439875659,0.8456055278849574
C11094,286,4,1190.37,2,-0.2902504821150725,0.9993181662483037
C11095,428,3,2182.45,2,-0.4808306950881573,2.5276024674227955
C11096,116,6,742.9200000000001,1,0.6743706665474772,-0.199800796209787
C11097,17,1,27.59,3,-1.025459461357385,-1.2948368799803542
C11098,73,11,3185.63,4,4.010532522330937,1.6767474091213093
C11099,297,4,72.08,2,-1.0558670231357585,0.10200415111667743
C11100,41,9,1152.12,1,2.169089620182941,-0.20972714157424255
C11101,21,4,332.59000000000003,3,0.11491431043448921,-1.0112904904292719
C11102,18,5,168.82,3,0.33851655034731837,-1.1633431184596357
C11103,276,1,157.29,2,-1.8813209280295387,0.06791231810352712
C11104,26,7,2597.4,4,2.5234392777935346,0.9428652461119476
C11105,128,7,1098.13,1,1.1803131382092233,0.16180144100361468
C11106,218,2,225.16,2,-1.3077806125089515,-0.15323071338098648
C11107,425,2,1653.07,0,-1.132462463850092,2.0614849766934134
C11108,245,1,272.9,2,-1.6937850877654188,0.01626283273054022
C11109,248,5,123.27000000000001,2,-0.5258159271567763,-0.08979286476133046
C11110,30,4,664.1600000000001,3,0.2974151665153166,-0.6859435416085569
C11111,102,2,132.85,3,-0.9466670991084514,-0.7926602079709365
C11112,384,6,654.74,2,-0.35554485301942756,1.0212811001433457
C11113,56,2,106.39999999999999,3,-0.7968765751485762,-1.037595077619707
C11114,266,1,43.6,2,-1.9188033378047038,-0.07707980756733428
C11115,127,3,236.85000000000002,3,-0.6509253399762619,-0.5817109047551267
C11116,42,6,1137.01,1,1.1986870810559065,-0.22269695865341052
C11117,286,4,242.65,2,-0.9052549744880555,0.1937876438483883
C11118,199,4,142.43,2,-0.6545285758866399,-0.3121228228743337
C11119,228,3,846.17,2,-0.622093490167794,0.4246208151885848
C11120,252,5,3084.41,4,1.3812405768813671,2.446421544556762
C11121,685,1,1176.36,0,-2.704460625407715,2.9119875032341613
C11122,236,3,4028.33,4,1.4138718480892865,3.1680386442514186
C11123,235,3,90.39999999999999,2,-1.1379419128482955,-0.18390700140258606
C11124,51,6,635.15,1,0.8403497211252375,-0.6057378282640481
C11125,95,5,712.9,3,0.4121189886707719,-0.3285257958899507
C11126,34,6,1517.93,1,1.474913325422733,0.06238486803934898
C11127,66,4,652.29,3,0.1590521308410448,-0.521938800972055
C11128,101,3,603.46,3,-0.31865517743052274,-0.39583902596259
C11129,117,10,1625.94,1,2.519716895613168,0.562189827475952
C11130,97,4,236.09,3,-0.22354575344704286,-0.7257808317939258
C11131,300,4,1326.03,2,-0.2530288707200949,1.1823278229164882
C11132,11,6,1381.3400000000001,1,1.4697532659980435,-0.1649387193362808
C11133,153,3,232.27,3,-0.7482631634621616,-0.4598693080227812
C11134,42,7,2188.73,4,2.2001696031519837,0.6728843625276129
C11135,14,10,1835.9299999999998,1,3.029819263627751,0.2425725145909141
C11136,72,4,276.87,3,-0.10634609367054527,-0.812017690696753
C11137,360,4,1016.96,2,-0.6713608955083307,1.2097849990198861
C11138,123,6,237.88,1,0.32122860900929423,-0.5952164405545868
C11139,236,2,154.25,2,-1.4191263949938044,-0.12645493498116556
C11140,385,4,530.61,2,-1.077704555270721,0.9173021570978598
C11141,63,7,596.64,1,1.0907952435434403,-0.5787845140229322
C11142,557,1,100.58,0,-2.9379974628483283,1.3786098915171952
C11143,148,5,594.3000000000001,3,0.14279492784269043,-0.17302702730447753
C11144,326,3,1240.51,2,-0.7218803846789714,1.2337188549522047
C11145,11,4,661.0799999999999,3,0.3643760259679443,-0.7804443026797195
C11146,370,3,148.07999999999998,2,-1.5904874579963892,0.5179710067595812
C11147,423,1,46.12,0,-2.486991812045754,0.6843047165832408
C11148,197,3,727.27,2,-0.586738360985416,0.17364561883766758
C11149,26,4,989.3100000000001,3,0.5229327489588456,-0.4289206018598171
C11150,139,4,1140.91,3,0.21118268231110335,0.24639560293815682
C11151,206,7,2540.6800000000003,4,1.833330786856167,1.7651243619415593
C11152,269,4,307.80999999999995,2,-0.801269993680619,0.16696049660662537
C11153,487,2,301.67,0,-2.2344532051413926,1.2126681531310077
C11154,64,6,2805.9700000000003,4,2.201878349183762,1.3022542923623708
C11155,110,4,1764.44,3,0.7210644427804869,0.6361331278500575
C11156,151,6,580.74,1,0.4420963257261088,-0.16839050334989175
C11157,4,2,44.59,3,-0.6482555316711747,-1.3416004138847208
C11158,13,4,404.78,3,0.19079621582956108,-0.9886189095691699
C11159,19,6,760.11,1,1.0375825131665317,-0.6542760643655993
C11160,150,5,393.34000000000003,3,0.005126936182255225,-0.33416447225832313
C11161,105,8,691.5500000000001,1,1.3189375596719255,-0.2933504258759962
C11162,347,3,46.019999999999996,2,-1.573239944380899,0.31999677250351094
C11163,66,2,326.88,3,-0.6900948683864203,-0.801834998875061
C11164,125,7,1011.86,1,1.1352182492617622,0.07396698584577956
C11165,25,6,221.48,1,0.6662723281600755,-1.0830780332285346
C11166,419,2,115.37,0,-2.1085463167966134,0.7254754088423229
C11167,8,5,1318.78,1,1.1210552721164067,-0.23427471503893743
C11168,111,5,233.08,3,0.042677903029835304,-0.6589818162960829
C11169,33,8,1292.04,1,1.969934344919213,-0.13114156334054256
C11170,15,2,84.14999999999999,3,-0.6625077968571643,-1.254780385880461
C11171,311,2,52.89,2,-1.7571108106863738,0.150087944896976
C11172,293,4,46.46,2,-1.0579748213844922,0.06088424135056223
C11173,499,3,1592.5400000000002,0,-1.1213323439408527,2.3695503133055213
C11174,10,3,222.35999999999999,3,-0.23568259776235487,-1.1598319242382444
C11175,143,1,11.08,3,-1.4934841090652682,-0.6995413692658278
C11176,0,8,735.03,1,1.7282453979141361,-0.7641675886477499
C11177,50,6,1083.99,1,1.1352451749420465,-0.22907467622645913
C11178,104,4,1113.21,3,0.3202380839818977,0.05359361675819231
C11179,240,5,398.64,2,-0.3180843058536907,0.10557496767224786
C11180,174,4,679.4200000000001,3,-0.2153230713876525,0.02340233708923654
C11181,244,7,601.1700000000001,1,0.4368043000074869,0.30037100762475744
C11182,150,2,58.14,3,-1.1693623425188011,-0.6240360980361608
C11183,230,1,7.15,2,-1.811796627913852,-0.2821549433019283
C11184,133,10,514.83,1,1.740612422062152,-0.30484172524546604
C11185,248,5,821.5500000000001,2,-0.07268067947369823,0.5037219425461159
C11186,88,6,551.56,1,0.6518159331954824,-0.49785676533995893
C11187,53,5,1598.31,1,1.1391255509931615,0.22093380862584633
C11188,33,2,38.669999999999995,3,-0.7573512746095596,-1.2063899521134116
C11189,82,5,4681.16,4,3.0344271257297217,2.9814961798991044
C11190,7,2,50.14,3,-0.6555423194049562,-1.3223752776904207
C11191,89,6,571.71,1,0.661262433624659,-0.47589399442526614
C11192,362,2,69.13,2,-1.931674170019577,0.41052435454792846
C11193,21,3,460.08000000000004,3,-0.12134277856832681,-0.90458247792608
C11194,109,5,502.15999999999997,3,0.22455104602235965,-0.4399446338819303
C11195,246,5,560.03,2,-0.23513010396218598,0.27176674832434744
C11196,124,7,907.3100000000001,1,1.0710020076049238,-0.019732981804819073
C11197,222,3,294.53,2,-0.9582928521789085,-0.07327050368848312
C11198,276,5,441.57,2,-0.42088594556497805,0.31615788817993046
C11199,232,2,288.55,2,-1.3174572143666174,-0.03164815633488641
C11200,68,3,144.53,3,-0.4966970128288569,-0.9455003089018157
C11201,321,2,2008.12,2,-0.5245967746032872,1.860327905603861
C11202,78,2,63.31,3,-0.9046869121015101,-0.9678294625246358
C11203,101,6,180.87,1,0.3640809945772878,-0.7500637309253001
C11204,138,2,37.989999999999995,3,-1.1388848838879795,-0.6991942109021224
C11205,204,5,526.03,2,-0.104756809200515,0.03975839015105249
C11206,226,3,81.99000000000001,2,-1.110734361640838,-0.2345786836690903
C11207,17,6,282.71000000000004,1,0.7350419543625505,-1.0697220883426684
C11208,128,5,726.27,3,0.3010233133890461,-0.15757571410771895
C11209,112,4,559.4399999999999,3,-0.06815581170248036,-0.3784049688895595
C11210,50,5,911.43,1,0.7042764644302262,-0.37739919785370096
C11211,37,3,1360.67,3,0.40500640223714435,-0.06173584731074258
C11212,24,6,530.49,1,0.8704278185187806,-0.8252657368731937
C11213,278,3,253.58,2,-1.188115805687283,0.16273600635975988
C11214,200,3,467.92,2,-0.765926860226397,-0.03228544657160449
C11215,30,2,74.77,3,-0.7230365280827434,-1.1902139716720426
C11216,68,9,843.44,1,1.8707825555021733,-0.34152450427812264
C11217,193,7,413.66,1,0.5002253183446989,-0.10563921345935416
C11218,37,6,451.81,1,0.7721870995201306,-0.8292739012873036
C11219,496,2,693.2,0,-2.0130424712879273,1.588979110438511
C11220,102,6,149.53,1,0.3401140592740909,-0.7718657498202259
C11221,113,3,645.8299999999999,3,-0.3347133985011708,-0.30179465111236514
C11222,26,5,528.47,3,0.5428688280298948,-0.8189650424662586
C11223,92,3,40.620000000000005,3,-0.6512342095033096,-0.9177577933746911
C11224,0,4,828.71,3,0.5130802187008447,-0.6911597122987617
C11225,11,7,2998.39,4,2.8380957147319656,1.2111543249574173
C11226,47,2,597.1899999999999,3,-0.44572287677466343,-0.6639633403297622
C11227,462,1,58.26,0,-2.6206623768867137,0.8832249802830575
C11228,300,3,289.18,2,-1.2448617950430045,0.2993855078428457
C11229,64,5,654.8700000000001,3,0.4869745224565598,-0.5277635139788464
C11230,9,6,246.72,1,0.7407225492598917,-1.1389999143888496
C11231,146,4,137.02,3,-0.46567839668939204,-0.5730259725880023
C11232,127,5,249.84,3,-0.004517233572803162,-0.5673613301250087
C11233,30,3,157.10000000000002,3,-0.3506208240990266,-1.1185819531429144
C11234,14,3,209.57999999999998,3,-0.2584937339110408,-1.1513507390533944
C11235,41,4,159.29,3,-0.07013437611825597,-1.0618709308901892
C11236,8,6,1288.1499999999999,1,1.4201677774143804,-0.2586549446530316
C11237,174,5,1356.87,1,0.5432842013094075,0.6008665892850991
C11238,46,6,1174.9,1,1.208757257561316,-0.17114795642343777
C11239,69,4,1086.9,3,0.4301954991634321,-0.1380269155892732
C11240,75,6,879.99,1,0.9121270653648501,-0.2815693961297289
C11241,102,7,751.83,1,1.0499541986387009,-0.2582765015900426
C11242,81,6,1243.4399999999998,1,1.1262041809111103,0.05636667329555974
C11243,56,7,1640.51,1,1.7936005672629158,0.2746187336063254
C11244,167,8,2380.68,4,2.1900397247188117,1.4421822623083322
C11245,35,6,2177.83,4,1.8995131664964204,0.6281138902786373
C11246,239,3,290.41999999999996,2,-1.0226606208779476,0.0054471158367757925
C11247,148,3,50.11,3,-0.8483251043917401,-0.6388789586420989
C11248,232,4,521.83,2,-0.5280961897754616,0.16994060157666216
C11249,51,5,831.45,3,0.6487455455569645,-0.44054360121822944
C11250,80,7,254.78,1,0.8072511703462637,-0.787143176459193
C11251,45,5,727.39,3,0.6029945340041074,-0.558006786030643
C11252,121,7,600.81,1,0.8829931363047615,-0.29475562223692653
C11253,76,4,522.61,3,0.0386043045667304,-0.5838030920028221
C11254,76,3,1507.95,3,0.3590323164187698,0.2520489278451207
C11255,276,4,55.92,2,-0.9901352740649796,-0.013286055869754858
C11256,24,7,1893.27,1,2.0737666878456222,0.3347062527517979
C11257,208,6,247.85,1,0.019195126915382207,-0.1756873566204741
C11258,214,4,558.0899999999999,2,-0.4392358520007803,0.11371347404296507
C11259,131,4,153.9,3,-0.40028268608931694,-0.6312176359016424
C11260,281,3,30.990000000000002,2,-1.3434496166874008,-0.011950279997238536
C11261,269,1,167.18,2,-1.849496848795583,0.04246690837505825
C11262,81,5,978.72,1,0.6354300278454829,-0.17029078732671862
C11263,8,4,371.78,3,0.18752876069995944,-1.040847514393135
C11264,81,4,360.58,3,-0.08468917195806266,-0.6973435094466739
C11265,48,6,2061.9700000000003,4,1.7771452084119355,0.5925039607621463
C11266,495,3,879.8000000000001,0,-1.5693333245634145,1.7444012255633898
C11267,382,3,32.22,2,-1.709225965257238,0.4775251370657017
C11268,369,6,203.46,2,-0.593952484281227,0.5651689863097794
C11269,49,7,215.18,1,0.8940664947816463,-0.9707160066826535
C11270,259,3,403.47,2,-1.0218880349124342,0.198254664538497
C11271,158,3,54.94,3,-0.8814852779109266,-0.5864142172919807
C11272,214,3,249.22,2,-0.9586602903176077,-0.1504700201799088
C11273,167,6,520.25,1,0.34477130156616126,-0.14242995139503495
C11274,6,5,1049.9099999999999,1,0.9538362078409127,-0.4724771651375888
C11275,32,5,1965.28,4,1.4534820744306955,0.4312913763482728
C11276,319,4,321.65000000000003,2,-0.9737613355900249,0.4205210457938607
C11277,214,1,123.79,2,-1.6780341515035109,-0.2603898602245443
C11278,172,6,695.18,1,0.44014147437872564,0.030434439361716366
C11279,37,4,132.8,3,-0.07280674397443111,-1.1037303117600987
C11280,206,6,305.99,1,0.06418285267374775,-0.13594216803892836
C11281,135,3,294.18,3,-0.6427577562267038,-0.49429478749633615
C11282,78,2,172.42000000000002,3,-0.833882096161342,-0.8750895865073999
C11283,11,9,742.72,1,2.01230096410287,-0.7027817490721874
C11284,66,6,1223.32,1,1.1675894599303382,-0.03327376109898691
C11285,321,4,486.19,2,-0.8742451990666871,0.5700464611122149
C11286,86,5,744.7900000000001,3,0.46547844238385466,-0.3449438166818457
C11287,194,4,253.38,2,-0.5643824735550811,-0.24199870885785255
C11288,18,2,506.73,3,-0.3991710634514688,-0.8810936009329036
C11289,31,5,2215.78,4,1.6196686363624995,0.6393721160564831
C11290,82,2,1850.42,3,0.2405056192646908,0.5704984410605686
C11291,264,5,342.57,2,-0.4415766634246914,0.17397989424019877
C11292,13,6,630.95,1,0.9755433439736947,-0.7930734155058712
C11293,58,6,630.34,1,0.8118222092542742,-0.5759745872628492
C11294,11,4,290.31,3,0.12377203361035882,-1.0955864879139834
C11295,125,6,2345.55,4,1.6817012297945604,1.2059049355865292
C11296,39,5,155.7,3,0.2537841137985067,-1.0729399389664185
C11297,708,1,21.4,0,-3.5374268608004042,2.0415364881896556
C11298,29,4,1467.57,3,0.8224019372407996,-0.007907666269425373
C11299,167,7,871.95,1,0.8919894367642774,0.15815762027095345
C11300,48,6,1349.43,1,1.3147562106114823,-0.013131372913238815
C11301,29,9,2102.1400000000003,1,2.829140062781071,0.5397270223047483
C11302,84,3,1486.58,3,0.31612906326528295,0.27257265904803674
C11303,248,3,913.66,2,-0.6508861815758861,0.5787038771214922
C11304,44,8,1009.32,1,1.746544731358213,-0.31824883111883934
C11305,127,6,571.86,1,0.523440641913974,-0.2920007726666234
C11306,8,5,331.13,3,0.48013898155360674,-1.0737444112026528
C11307,19,5,522.14,3,0.5641672532032735,-0.8581969134631683
C11308,11,7,1197.47,1,1.6694236487163148,-0.31956785923248676
C11309,26,4,1315.66,3,0.7347112448077493,-0.1515339412583606
C11310,97,3,980.9,3,-0.05920501478800741,-0.09437132297545558
C11311,24,5,153.66,3,0.3069020577631866,-1.1472129738706194
C11312,44,7,456.77,1,1.0689888885110932,-0.7895522317469926
C11313,638,2,255.33999999999997,0,-2.812565233433176,1.9035161587225973
C11314,29,5,788.0,3,0.7003974298340468,-0.5838653419711834
C11315,46,2,758.0300000000001,3,-0.3377194309385017,-0.532090622651663
C11316,30,8,1567.8200000000002,1,2.1597847736432567,0.08875445636222416
C11317,162,3,416.73999999999995,3,-0.661219996179783,-0.25955247341831944
C11318,183,4,182.6,2,-0.5703898211786602,-0.35535469992011
C11319,61,2,685.14,3,-0.4394617435073132,-0.521505599020228
C11320,319,3,860.22,2,-0.9432560404237973,0.8766334046737855
C11321,496,2,57.86,0,-2.425334028060235,1.0489612126400447
C11322,8,3,82.06,3,-0.3194686569473215,-1.2887541446646749
C11323,570,1,119.82,0,-2.972694899133558,1.4578304747853115
C11324,148,2,234.01999999999998,3,-1.0479695298866807,-0.48421582007445424
C11325,198,5,1035.95,1,0.2479225787603706,0.4441578125887762
C11326,129,5,193.63000000000002,3,-0.04825252330546512,-0.6054660828096315
C11327,65,5,397.04,3,0.3160312993494154,-0.7420745102282197
C11328,129,1,15.16,3,-1.4400241607546358,-0.7637766672625015
C11329,6,5,287.63,3,0.4591694028288021,-1.1203898467471436
C11330,48,5,658.7,3,0.5475311397686479,-0.601883184026789
C11331,244,5,1240.01,2,0.21338861569439402,0.8400552830937583
C11332,83,7,739.75,1,1.1110746828419336,-0.3604269637349394
C11333,326,4,659.59,2,-0.7798678900465198,0.7416104026864314
C11334,115,4,878.92,3,0.1282761785684765,-0.09234975957555572
C11335,366,2,971.6199999999999,2,-1.3605386112222662,1.1969546399279527
C11336,208,3,575.38,2,-0.7252283863377075,0.09773950566788481
C11337,77,2,228.45,3,-0.7938930647573041,-0.8323018876668637
C11338,183,3,46.870000000000005,2,-0.9774584183087889,-0.4723749448200602
C11339,560,1,165.58,0,-2.9067053274069377,1.4483655531374384
C11340,435,3,266.91,0,-1.7492893403232261,0.9333086714666753
C11341,49,6,807.91,1,0.9597178703375677,-0.46856944667456923
C11342,49,2,479.72,3,-0.5292116540382088,-0.7541370583229348
C11343,572,2,31.240000000000002,0,-2.7184468227831293,1.3938665502790057
C11344,412,3,1229.97,2,-1.0408528838593083,1.6406510602834514
C11345,19,8,930.3100000000001,1,1.78600899656526,-0.5063032113130668
C11347,261,1,57.2,2,-1.8918306277541033,-0.08969996016507648
C11348,16,5,854.25,1,0.7905719416826987,-0.5904222647066862
C11349,444,3,37.45,0,-1.9308580093721994,0.7817987543543884
C11350,624,2,186.26,0,-2.806581046594294,1.7770972906643254
C11351,65,4,537.9399999999999,3,0.08847636946819824,-0.6239684431251642
C11352,35,3,271.87,3,-0.294290315175753,-0.9968515642301454
C11353,283,6,1227.73,1,0.38286041507349056,1.0198736109203572
C11354,134,6,971.78,1,0.757554805008314,0.08176952562039579
C11355,137,4,648.5,3,-0.10109832454770273,-0.181808422496329
C11356,106,5,568.71,3,0.27862572880962966,-0.39788716480776093
C11357,11,8,891.59,1,1.7899180109702846,-0.5779014466849473
C11358,132,4,1056.11,3,0.1815595246155881,0.14046683824614586
C11359,94,9,1392.05,1,2.1324266413732675,0.2505102187852163
C11360,15,8,614.56,1,1.595626968193522,-0.7940239846927889
C11361,16,7,1682.8700000000001,1,1.9662672997155166,0.11718571956451047
C11362,37,5,146.62,3,0.25515072574972264,-1.0903295177378063
C11363,106,7,629.49,1,0.956046227787377,-0.34291767747611523
C11364,185,4,874.4200000000001,2,-0.12870556671075384,0.24234120230474335
C11365,84,7,5036.3099999999995,4,3.8956144188562494,3.2963422703716474
C11366,674,1,137.49,0,-3.3386911813854088,1.9757871663417703
C11367,175,2,37.88,2,-1.2732459467266777,-0.52035792068522
C11368,96,5,1119.55,1,0.6723771595323101,0.02194913780232112
C11369,55,5,851.91,1,0.6475048619960448,-0.40380952006772175
C11370,36,4,3494.1800000000003,4,2.112124990828332,1.7484951030878664
C11371,192,3,751.34,2,-0.552971347728019,0.16992461848903592
C11372,674,1,46.85,0,-3.397510249452651,1.8987461768614087
C11373,164,1,109.53,2,-1.5058153604390767,-0.5143073954618871
C11374,48,4,1997.64,4,1.0974210058635931,0.5345170913403051
C11375,63,3,923.3199999999999,3,0.026830890231158613,-0.30773437654282904
C11376,10,4,578.39,3,0.3143454068613035,-0.855563996389004
C11377,267,6,774.39,1,0.14674543763379905,0.5571746253303039
C11378,14,6,1477.0100000000002,1,1.5209481024282063,-0.06911457639032345
C11379,45,4,106.09,3,-0.11917528644255912,-1.0877454031942648
C11380,300,3,216.15,2,-1.2922531955389305,0.23731243346342365
C11381,24,7,1429.75,1,1.7729743838901024,-0.05927035188122544
C11382,61,5,2412.48,4,1.6384297573818627,0.9516387881785129
C11383,538,2,2645.43,0,-0.8986176533109972,3.4514192564639035
C11384,383,5,777.62,2,-0.5911640611874642,1.1192348255858253
C11385,154,2,540.97,3,-0.8705569922949571,-0.19430287405649588
C11386,291,4,542.32,2,-0.7289372007188732,0.47267689148709363
C11387,13,5,418.33,3,0.518578474296233,-0.9754476065790892
C11388,1,7,1621.35,1,1.9807868525875267,-0.007643339769213144
C11389,98,8,1510.26,1,1.8756296732631974,0.36867430022415476
C11390,34,7,397.33,1,1.066710962878116,-0.888433659278957
C11391,29,6,234.42000000000002,1,0.6601516866129946,-1.0527357023085246
C11392,46,5,1927.2199999999998,1,1.37797146490068,0.4666448029576706
C11393,519,1,98.28,0,-2.8015708718916654,1.1928892411687155
C11394,56,8,2382.0099999999998,4,2.5937718438181716,0.9065233584435954
C11395,310,4,589.8100000000001,2,-0.767079052968652,0.6049246775232041
C11396,393,2,939.04,0,-1.4796759418632537,1.2998331068305138
C11397,87,6,244.75000000000003,1,0.45634699176723525,-0.7634710151209408
C11398,183,2,718.95,2,-0.8603144009706993,0.0972164796547794
C11399,11,4,1780.77,3,1.0909771107452049,0.17125500790353437
C11400,195,4,448.22,2,-0.44157428953514316,-0.07155524010198192
C11401,74,5,595.8299999999999,3,0.412367152584165,-0.529586151248661
C11402,220,2,1046.11,2,-0.782299951823889,0.5542213999162311
C11403,51,7,2343.5099999999998,4,2.2679460214171905,0.8479656832566118
C11404,35,8,1398.94,1,2.0320461226230906,-0.030608233565525177
C11405,31,5,684.75,3,0.6261364454645458,-0.6619525322678561
C11406,36,2,2356.4700000000003,4,0.7358516788137839,0.7781708849410635
C11407,44,4,226.13,3,-0.03764820840365593,-0.9905513303837601
C11408,132,5,381.35,3,0.06267637331434556,-0.4314024972150944
C11409,50,6,397.14,1,0.6895272038257005,-0.8128743631702631
C11410,181,5,2080.32,4,0.987346876007841,1.2496266418371385
C11411,498,3,2582.88,0,-0.4750409792854309,3.206470479946109
C11412,480,3,440.13,0,-1.8002068717534943,1.2981572261149406
C11413,133,5,929.8399999999999,1,0.4149788581063526,0.03963172539922606
C11414,553,1,162.06,0,-2.8835834072945814,1.411522088809106
C11415,282,3,2078.9900000000002,2,-0.018069232981988894,1.7336176378476327
C11416,102,7,1118.45,1,1.287865129075732,0.05333832148244398
C11417,41,7,1079.56,1,1.4840247189343192,-0.2747092376446201
C11418,129,4,536.71,3,-0.14460666786193468,-0.3155137309190703
C11419,43,5,708.0,3,0.5976706716418493,-0.5841595223653863
C11420,86,5,911.27,1,0.573512405886001,-0.2034413461534852
C11421,28,8,1516.4699999999998,1,2.133721089839813,0.03543678154786515
C11422,226,3,177.71,2,-1.0486187262106033,-0.15321986291599873
C11423,166,4,884.99,3,-0.05288680479654335,0.15944248786207732
C11424,400,4,299.40999999999997,2,-1.2821790684763945,0.7933289388423128
C11425,133,7,549.32,1,0.806026290688754,-0.2804891299178879
C11426,11,3,32.39,3,-0.36258939148905905,-1.316464174391663
C11428,5,3,369.44,3,-0.12209063345739055,-1.058998510244651
C11429,278,2,670.3199999999999,2,-1.236669723480369,0.5152969117049045
C11430,289,2,79.61,2,-1.6599234673815066,0.06640837351556865
C11431,71,4,295.9,3,-0.09036749384735458,-0.8006787629371235
C11432,392,4,797.4,2,-0.9299825207266016,1.1779163771686327
C11434,102,1,15.27,3,-1.3419576061522995,-0.8942535557055231
C11435,183,2,91.46000000000001,2,-1.2675118526643674,-0.43612917887381863
C11436,213,8,758.79,1,0.9705909631380327,0.28608287997057
C11437,115,6,397.28000000000003,1,0.45370375057100604,-0.49841925629000167
C11438,117,8,1326.74,1,1.6875783669731086,0.3045712590332313
C11439,33,8,817.35,1,1.6618934863486106,-0.5346122969728556
C11440,51,9,2217.3399999999997,4,2.8240489478533335,0.7440338799510816
C11441,145,2,68.51,3,-1.1444856782521504,-0.6394016433525876
C11442,115,5,399.99,3,0.13647310338824145,-0.49777009934020267
C11443,466,3,288.74,0,-1.847636161223248,1.101777591903441
C11444,79,2,27.42,3,-0.931606481558568,-0.9934988302957272
C11445,307,6,902.74,2,0.08485764505056038,0.8597054694051346
C11446,51,9,1117.8,1,2.110523814328886,-0.19053859989486746
C11447,259,7,1425.1499999999999,1,0.9170683596525754,1.0732657425895105
C11448,118,2,338.03,3,-0.8715907352120843,-0.5408889799873102
C11449,116,7,483.06,1,0.8247288142433548,-0.41901891217188747
C11450,726,1,1861.68,0,-2.4085430018528498,3.692760288268342
C11451,14,6,840.4399999999999,1,1.1078583610384816,-0.6101779333355334
C11452,13,4,121.0,3,0.0066426949102968225,-1.2298224840918643
C11453,309,1,49.88,2,-2.0707944391581483,0.1362034114762479
C11454,95,3,179.08,3,-0.5722716334151887,-0.7855635716570583
C11455,82,3,1012.25,3,0.01558072135192869,-0.1402639668961032
C11456,64,1,5.78,3,-1.21019682608932,-1.0860854672451299
C11457,76,2,32.12,3,-0.9176681553463086,-1.0040118069338302
C11458,53,6,1689.4999999999998,1,1.5172907799446163,0.3000965328786725
C11459,99,5,651.64,3,0.3578476978453436,-0.36125100048894815
C11460,35,6,434.14,1,0.7679793977610904,-0.8539646947501777
C11461,40,5,544.25,3,0.5022966411029279,-0.7378494041002118
C11462,30,7,901.22,1,1.4082183977746343,-0.47948765620585915
C11463,179,3,335.98,2,-0.7753282940861712,-0.2459848080376955
C11464,86,5,252.55,3,0.14604885207693152,-0.7633314674079403
C11465,130,6,1124.33,1,0.8710669687801078,0.19208819811063563
C11466,258,6,562.42,2,0.041856679311601655,0.3334837041116547
C11467,627,2,89.94,0,-2.879974392845397,1.709736310371816
C11468,147,5,177.14999999999998,3,-0.12427701414314236,-0.5324266122494391
C11469,62,6,315.74,1,0.5931508444642027,-0.8240303774196007
C11470,613,2,214.73000000000002,0,-2.748182033828709,1.7481005031096353
C11471,270,4,190.03,2,-0.8813304886013408,0.0716873487324138
C11472,104,4,474.84000000000003,3,-0.094019732457706,-0.4889996804017642
C11473,179,9,1534.31,1,1.916240186139633,0.7824814088353599
C11474,159,4,728.77,3,-0.12885658474892597,-0.007190904683943076
C11475,195,2,671.88,2,-0.9344129734086707,0.11523982516780726
C11476,71,3,98.50999999999999,3,-0.5374491507416731,-0.9701079598600115
C11477,7,7,1795.85,1,2.0722485344256505,0.16969150544695902
C11478,1,6,1130.6000000000001,1,1.3433349197862543,-0.42641879302439256
C11479,124,4,114.89,3,-0.4001913123770756,-0.6982264214640662
C11480,175,5,293.52,3,-0.15038558523027512,-0.2981096523991914
C11481,280,4,667.21,2,-0.6079683011147674,0.5256339014356742
C11482,191,2,333.59000000000003,2,-1.1394218971272272,-0.19163919956768877
C11483,418,2,13.299999999999999,0,-2.1711532106069518,0.6338833588209308
C11484,519,3,88.77,0,-2.169763703611695,1.1881145631144983
C11485,48,5,137.88,3,0.20955511339197858,-1.044562885495919
C11486,124,6,653.27,1,0.5871584331685786,-0.2373127971529333
C11487,287,3,184.49,2,-1.265615477097866,0.1475352627135542
C11488,53,5,386.14,3,0.3525113658754487,-0.8093704303239546
C11490,260,2,74.8,2,-1.5577907496015675,-0.07792223186920388
C11491,207,2,222.83,2,-1.2693686617079636,-0.2084064779435665
C11492,99,3,775.02,3,-0.200065744918112,-0.25969060451627574
C11493,345,3,51.28,2,-1.5625676678656468,0.3147957174429392
C11494,90,6,428.80999999999995,1,0.5649008024522917,-0.5925183079630556
C11495,40,5,304.5,3,0.3467155337648717,-0.9416289410366273
C11496,230,2,932.04,2,-0.8926179716934188,0.5056250904144627
C11497,111,6,1382.8,1,1.1077556222859937,0.31989624991004434
C11498,355,3,114.38000000000001,2,-1.5579146562979154,0.4167880234115556
C11499,24,6,238.13,1,0.6807064731950928,-1.0737620264195147
C11500,8,7,1366.05,1,1.7897087189142284,-0.19078827898575246
C11501,76,4,271.52,3,-0.12433567558556388,-0.7972212522921426
C11502,229,8,746.3,1,0.9044146069748596,0.35284183765200844
C11503,243,3,163.22,2,-1.1197223943639447,-0.08332489862911317
C11504,77,6,1632.6399999999999,1,1.3932857672128354,0.3678299856857067
C11505,83,8,1045.25,1,1.6283122250931539,-0.09910785758078579
C11506,50,4,236.76,3,-0.05252678124535402,-0.9525005423845657
C11507,331,4,261.77,2,-1.0561727087996353,0.42765631677860716
C11508,39,3,723.5,3,-0.015731599149812422,-0.5936373039727584
C11509,517,1,107.68,0,-2.7882120227616913,1.1912070486020616
C11510,372,2,248.9,0,-1.8513104273021854,0.6116822854357172
C11511,30,3,721.97,3,0.01594059447051609,-0.638461214751786
C11513,19,4,323.58,3,0.11632634752653365,-1.0286205715256418
C11514,490,4,970.67,0,-1.1732284992804238,1.799112259557765
C11515,58,5,125.08,3,0.16495429368981027,-1.00708305858246
C11516,134,4,541.28,3,-0.1597883092145894,-0.287449681820245
C11517,71,7,1890.45,1,1.901352514889911,0.5595985347526011
C11518,186,4,701.1800000000001,2,-0.24475575177941558,0.09992889648061057
C11519,133,3,141.16,3,-0.7347982124308157,-0.6340285854403106
C11520,594,2,72.27000000000001,0,-2.7716691190717158,1.535131371409911
C11521,0,8,827.72,1,1.7883947736770742,-0.6853841672561488
C11522,247,6,875.98,1,0.2852593120605295,0.5468039475692803
C11523,47,7,789.26,1,1.2738634656703425,-0.49243895454751335
C11524,101,4,129.34,3,-0.3073368965052477,-0.7971710254867191
C11525,82,6,584.39,1,0.6948970291859268,-0.4989679968208775
C11526,34,7,3343.51,4,2.978577268685143,1.6157214862114655
C11527,15,4,155.55,3,0.021804344914869517,-1.1907842512818088
C11528,66,5,938.73,1,0.6639210561752128,-0.2768200617584982
C11529,59,8,373.16,1,1.2792792891530846,-0.7864245990209798
C11531,204,5,189.69,2,-0.3230181215762475,-0.2461194386422489
C11532,137,6,396.2,1,0.3731549874210825,-0.3929465365163119
C11533,367,3,844.6,2,-1.1276059756689512,1.0954820519915551
C11534,255,3,206.95,2,-1.1348980698413509,0.011875431050031695
C11535,108,4,229.37,3,-0.2678305260265894,-0.6782972666443784
C11536,327,2,17.64,2,-1.838056826924684,0.1975016585297269
C11537,76,7,1805.1399999999999,1,1.8278449927132963,0.5112675691284024
C11538,135,5,645.35,3,0.22310569482569706,-0.19250344518673118
C11539,61,4,809.16,3,0.2789971255561846,-0.41278421214381095
C11540,110,6,1127.33,1,0.94560277700263,0.09791929492078527
C11541,333,2,118.72999999999999,2,-1.7942331392041273,0.3124404419878083
C11542,102,7,238.98999999999998,1,0.7171566383164953,-0.6941734681071284
C11543,123,8,223.01,1,0.9495575093629584,-0.6045469405816055
C11544,91,2,125.53,3,-0.9114933119179615,-0.8520773067955093
C11545,7,6,1625.6599999999999,1,1.6428177893961706,0.023381405102466887
C11546,56,4,1431.16,3,0.7007792024659026,0.09171542784286899
C11547,461,3,366.8,0,-1.7788333857753127,1.143946298329354
C11548,47,7,396.55,1,1.0190219363158979,-0.8262294110659689
C11549,107,4,215.92000000000002,3,-0.2729291915478827,-0.6945652600930691
C11550,8,5,183.01,3,0.3840193835602266,-1.199641491540596
C11551,33,5,602.6,3,0.5655678964019603,-0.7221054233805526
C11552,387,4,506.85,2,-1.1003820475763968,0.906778826617978
C11553,43,7,1459.14,1,1.723086888083207,0.05759303532881985
C11554,58,3,158.65,3,-0.45123960475677727,-0.9818581796577938
C11555,187,3,231.75,2,-0.8720019353690901,-0.2958893247202909
C11556,174,6,245.25,1,0.14090923540252048,-0.34231923629519223
C11557,41,4,141.72,3,-0.08153608646624196,-1.07680484731969
C11558,297,4,360.67999999999995,2,-0.8685856568051515,0.3473045655477494
C11559,209,4,378.39,2,-0.5377014236955241,-0.06320525828286526
C11560,114,7,2048.79,4,1.8480377980279155,0.90212770327085
C11561,37,7,1464.4,1,1.748276967893004,0.033048219558695864
C11562,506,4,640.09,0,-1.4458231846747223,1.5955052822898628
C11563,279,4,998.52,2,-0.3893416587492275,0.8024004571181562
C11564,2,7,962.9499999999999,1,1.5499015057414658,-0.5624255314747697
C11565,145,4,536.89,3,-0.20256107353512573,-0.23798569405938633
C11566,453,3,982.18,0,-1.3504588768559076,1.628311337660745
C11567,53,8,678.9,1,1.4994600306226904,-0.5555713949427028
C11568,222,5,415.56,2,-0.24177428555937638,0.03290948249788236
C11569,62,2,216.22,3,-0.7473877234361063,-0.9152360841201035
C11570,46,6,380.42,1,0.6931948877680355,-0.8464295685412413
C11571,84,7,659.77,1,1.0555437639686716,-0.42357136709946785
C11572,343,4,537.54,2,-0.9207705317359669,0.7200829394743352
C11573,57,13,576.68,1,3.0135547884237592,-0.6148399738941455
C11574,57,5,703.43,3,0.5438927473454165,-0.520340708093838
C11575,135,1,146.92,3,-1.3762977720453067,-0.6227694024787064
C11576,231,3,164.56,2,-1.0752994174987338,-0.14021722526456973
C11577,235,5,1961.3000000000002,4,0.7141208135111516,1.4096043645498921
C11578,98,4,1027.5,3,0.2863949486319742,-0.04827267753166355
C11579,108,3,303.22,3,-0.538896251515801,-0.6171814725406415
C11580,355,1,289.45,0,-2.082284877212344,0.5622832025510406
C11581,250,3,286.92999999999995,2,-1.0648493476735443,0.05567607370500786
C11582,240,3,107.23,2,-1.145167665250107,-0.14542235950776294
C11583,82,2,55.54,3,-0.9242469060280328,-0.9550899437420738
C11584,12,4,865.03,3,0.49309596760143654,-0.6022576365036579
C11585,141,7,2179.9,4,1.835123914561762,1.1441372333689142
C11586,528,3,444.79,0,-1.9713964947700107,1.5342431998521908
C11587,98,4,221.44000000000003,3,-0.23668203731552795,-0.7333969050310049
C11588,3,4,214.73,3,0.10376146671619367,-1.1985144990167347
C11589,24,5,418.81,3,0.47896600191620275,-0.9218442805705545
C11590,175,3,67.91,2,-0.9347693122477798,-0.4931791650623466
C11591,159,4,373.37,3,-0.359486514041711,-0.30926910041784117
C11592,61,4,539.84,3,0.10422714087094875,-0.6416972669413725
C11593,66,3,493.12,3,-0.263227399160842,-0.6588822673351524
C11594,37,4,603.6600000000001,3,0.232748710462262,-0.7035149509180525
C11595,421,2,145.4,0,-2.0963178330284036,0.7606717917797918
C11596,35,7,289.63,1,0.9931916882367167,-0.9751391419505865
C11597,62,5,1297.88,1,0.9115022784497907,0.009101748713236798
C11598,295,2,190.33999999999997,2,-1.6098440888382644,0.18954083679040518
C11600,202,3,78.7,2,-1.0257625234925152,-0.3534376386522471
C11601,58,10,580.76,1,2.055605227189602,-0.6114989283505405
C11602,47,5,1699.46,1,1.2265415844323486,0.277892307962429
C11603,297,4,321.8,2,-0.8938160778825389,0.31425785690921837
C11604,91,3,65.93,3,-0.6311803256172075,-0.9010810741991672
C11605,2,6,712.87,1,1.0686276964148547,-0.7766394783504409
C11606,299,1,39.13,2,-2.0414759346918974,0.07870686675318453
C11607,178,11,1107.7,1,2.2810078589629343,0.4183496441754797
C11608,228,3,484.48,2,-0.856805192829323,0.11719632837093258
C11609,348,2,64.92,2,-1.8835938562442207,0.33924283189555965
C11610,81,3,1230.5700000000002,3,0.16088469711422798,0.04046484163957764
C11611,123,2,338.33,3,-0.8895433101552854,-0.5164542890645786
C11612,10,4,356.16999999999996,3,0.17014005264790263,-1.0444436155673575
C11613,151,5,358.97,3,-0.0208062587882381,-0.35854189051473945
C11614,49,4,302.87,3,-0.005996529561993547,-0.9011451783414474
C11615,14,3,1054.46,3,0.28977473727885283,-0.4332308009226802
C11616,29,4,538.26,3,0.2193442569057461,-0.7977903001396247
C11617,87,4,240.03,3,-0.1846944587126125,-0.7707913644310832
C11618,273,2,153.86,2,-1.553669158395817,0.05214336453566522
C11619,169,2,166.98000000000002,2,-1.1676923034852023,-0.4396428496807634
C11620,30,9,660.0,1,1.889661860606008,-0.6812081382372894
C11621,174,5,81.21,3,-0.28453058653987245,-0.4834020409059658
C11622,90,6,201.0,1,0.41706792627843314,-0.7861492414749839
C11623,210,6,680.0699999999999,1,0.2924170019673994,0.20135716796645006
C11624,71,4,530.22,3,0.06168992042356661,-0.6015145456485274
C11625,36,6,403.42999999999995,1,0.7444212887253511,-0.8752312345699421
C11626,237,3,76.84,2,-1.1540003132046566,-0.18576067066556914
C11627,90,6,422.91999999999996,1,0.5610786013168543,-0.5975246123324215
C11628,50,3,71.88,3,-0.4785117048776905,-1.0942973190955545
C11629,0,10,1857.52,1,3.0946419864513737,0.193220135016583
C11630,17,5,827.22,3,0.7694018971933789,-0.6085609267540792
C11631,7,5,1835.67,1,1.4601104521244763,0.20022867678394068
C11632,508,3,925.4100000000001,0,-1.5869184613679164,1.8460354329775472
C11633,1,6,913.24,1,1.2022833682075267,-0.6111675736229297
C11634,83,4,117.71000000000001,3,-0.24955384436318157,-0.894103062400541
C11635,11,4,412.43,3,0.20301943643881942,-0.9917885440112719
C11636,37,7,541.62,1,1.1494568042666782,-0.7512841311991165
C11637,148,7,3765.8500000000004,4,2.8388892173272384,2.5259936388204673
C11638,141,3,498.89,3,-0.53169188146811,-0.2912824456759967
C11639,258,4,796.9899999999999,2,-0.44390217189849224,0.5295519070163816
C11640,163,3,96.06,3,-0.8729485064452038,-0.5272838821659352
C11641,1,4,1379.67,3,0.8669855620335194,-0.2180260717230943
C11642,335,2,61.29,2,-1.8387666135542067,0.2732902301564419
C11643,3,4,1136.8400000000001,3,0.702146846851731,-0.41475162600552246
C11644,500,3,147.16,0,-2.0629130812056977,1.1458612603769394
C11645,58,6,569.74,1,0.7724970159083463,-0.6274825744926585
C11646,181,5,219.8,3,-0.22000145277047176,-0.33175356279660445
C11647,23,5,605.97,3,0.604049300703929,-0.7676004370857129
C11648,12,8,1260.91,1,2.025951603158498,-0.25915577311295235
C11649,224,3,110.32,2,-1.085091256569636,-0.22017100497732353
C11650,658,1,131.46,0,-3.284533019624324,1.893286823784159
C11651,109,4,189.83,3,-0.2971186921125686,-0.7070690131842619
C11652,48,3,516.05,3,-0.18301730606109815,-0.7264394521258357
C11653,147,3,307.94,3,-0.6773818812845959,-0.4245679623927257
C11654,181,5,239.73,3,-0.2070682662459777,-0.3148137247522134
C11655,141,3,67.95,3,-0.8113420270208189,-0.6575671324221026
C11656,50,6,195.77,1,0.5588520522733985,-0.9840321748611327
C11657,54,4,264.68,3,-0.04892644265510819,-0.9094257090107184
C11658,164,7,2097.45,4,1.6981422190278364,1.1852840959455764
C11659,203,2,22.66,2,-1.3847472932658014,-0.397888090200824
C11660,111,7,1143.5500000000002,1,1.2714882293029866,0.11819594940679515
C11661,134,2,163.22,3,-1.0431015036510167,-0.6120966310045952
C11662,77,1,28.13,3,-1.2428760882605923,-1.0042214872726452
C11663,43,8,3112.39,4,3.114920623931363,1.4644548772746482
C11664,208,4,1155.6599999999999,2,-0.029677698416617895,0.5926124852709987
C11665,17,4,708.4300000000001,3,0.37332618414377877,-0.71118273429969
C11666,61,4,1055.0900000000001,3,0.43858862389882575,-0.20375188047009787
C11667,91,6,1091.33,1,0.9912008416541365,-0.024562372744524597
C11668,34,4,1222.26,3,0.6450655217416027,-0.192233317648896
C11669,211,3,306.82000000000005,2,-0.9103935362505696,-0.11601975384017514
C11670,152,4,219.93,3,-0.4336522669726138,-0.47353958529886375
C11671,219,4,3194.44,4,1.2534250370747184,2.378703111123103
C11672,98,6,925.98,1,0.8584940139456275,-0.1312527995630219
C11673,152,6,536.67,1,0.40986850409793396,-0.20101259943022146
C11674,96,7,1320.03,1,1.4404532609923368,0.1956589851340388
C11675,136,6,461.45,1,0.41912715880283413,-0.3423221439091281
C11676,98,5,647.99,3,0.3591085520400584,-0.36918931943512834
C11677,122,7,684.66,1,0.9337765148879908,-0.21864996705591616
C11678,164,4,320.11,3,-0.41219581102464636,-0.33035863055168696
C11679,323,4,615.18,2,-0.7977985447784605,0.6893555571893194
C11680,36,4,393.96000000000004,3,0.1002974179749893,-0.8865889261134441
C11681,16,7,2392.94,4,2.4270534389753022,0.7207216352785484
C11682,356,6,2083.44,4,0.6732068943547151,2.1002223222924616
C11683,13,2,270.84,3,-0.5341000446199369,-1.1057719669624138
C11684,365,1,768.65,0,-1.8076118499475735,1.0179466881619614
C11685,278,5,3138.81,4,1.3221766791965042,2.6183941823256447
C11686,91,7,919.16,1,1.1984637121966215,-0.16924690124487615
C11687,16,6,441.67,1,0.8418254107021719,-0.9394473082221938
C11688,67,4,402.8,3,-0.006479011201659761,-0.7291610742264346
C11689,10,8,1367.07,1,2.1021009755253033,-0.17859517946910555
C11690,187,4,556.4599999999999,2,-0.34229843661332715,-0.01824235660764507
C11691,123,4,872.8,3,0.09526911680979824,-0.05886403488659015
C11692,167,3,1107.6100000000001,3,-0.2310405782368879,0.35184378089202634
C11693,23,7,758.86,1,1.3412427957063204,-0.634340509098329
C11694,209,4,238.48,2,-0.6284933016002893,-0.18212411130799103
C11695,378,3,138.33,2,-1.6258501377723236,0.5483713520154739
C11696,256,4,115.15,2,-0.8791100991454025,-0.05966132668448668
C11697,96,3,1116.7099999999998,3,0.032555698549002664,0.01622672604980307
C11698,116,3,58.79,3,-0.7265499605726322,-0.7862513326162941
C11699,72,4,118.89999999999999,3,-0.20885765790909688,-0.9462869438765051
C11700,89,2,27.68,3,-0.9677322678432806,-0.944918437157494
C11701,111,4,173.26999999999998,3,-0.3151238842187282,-0.7114725828051565
C11702,43,7,1372.73,1,1.66701279638318,-0.015852594646886826
C11703,210,4,252.45,2,-0.6230571921756975,-0.16541413513059577
C11704,283,3,661.32,2,-0.9416681037845293,0.5334811645582918
C11705,158,2,880.77,3,-0.6645681833956687,0.11385960052581552
C11706,381,4,186.08999999999997,2,-1.2867563165230256,0.6051278392857679
C11707,463,4,410.56,0,-1.4387058360354428,1.1924669782783777
C11708,172,6,322.0,1,0.19797355931546878,-0.28675616582673635
C11709,6,4,156.75,3,0.05524811902751433,-1.2332877527351371
C11711,3,6,284.87,1,0.787255955953312,-1.1355893225684055
C11712,294,3,1354.31,2,-0.5318896579469273,1.1756949895192232
C11713,106,4,544.9,3,-0.055814557441352865,-0.41977912702189835
C11714,57,5,533.4,3,0.4335550802726753,-0.6648605607123937
C11715,308,5,644.1,2,-0.4056004608924452,0.6430517470189445
C11716,64,8,1857.85,1,2.2245927827043044,0.4996922893284287
C11717,105,7,721.28,1,1.019241016849012,-0.2697351663692757
C11718,11,5,1309.0,1,1.1038203785411553,-0.22807956967356421
C11719,212,5,4093.64,4,2.181338822376498,3.1107959168661967
C11720,112,4,339.03,3,-0.21118660156016952,-0.5657461481853064
C11721,7,7,1197.3,1,1.6838311338117042,-0.3390561142956542
C11722,167,3,696.7500000000001,3,-0.4976601976776129,0.0026264272082069905
C11723,211,4,952.45,2,-0.17243523471303793,0.43439855522610776
C11724,41,11,1240.61,1,2.864491985622993,-0.13120507460335554
C11725,71,8,3983.13,4,3.578345816942706,2.3399612814574247
C11726,204,2,87.06,2,-1.3465856145270982,-0.3383142890069388
C11727,114,2,394.86,3,-0.820194206870525,-0.5119291282501618
C11728,592,2,43.160000000000004,0,-2.7833005867033207,1.500716957915535
C11729,469,1,126.44,0,-2.601824445485082,0.9750272969922392
C11730,89,1,3.5,3,-1.3024126584100715,-0.9671248870824403
C11731,367,2,109.38,2,-1.923701968161296,0.4689152185701795
C11732,252,3,619.44,2,-0.8563323410789935,0.3479704100628187
C11733,6,7,1840.23,1,2.1046775245346376,0.20257709123093978
C11734,223,4,531.99,2,-0.48883799763675206,0.1350528025256291
C11735,251,3,138.97,2,-1.164494567597238,-0.06524907176979185
C11736,271,4,498.70000000000005,2,-0.6846545362882185,0.33888253673530094
C11737,50,3,167.23000000000002,3,-0.41663617376326434,-1.013252986053272
C11738,142,2,258.86,3,-1.0100733892565328,-0.4921182861752767
C11739,192,3,1257.79,2,-0.22432045383288415,0.6003902972437706
C11740,699,1,113.07,0,-3.445274336819672,2.075929481863074
C11741,173,3,67.58,2,-0.9277245576929852,-0.503131534456493
C11742,6,4,254.83,3,0.11889523063425704,-1.1499230103671554
C11743,566,2,43.43,0,-2.688759654031298,1.3752120043356573
C11744,49,5,312.71,3,0.31937819644076104,-0.8911272521273171
C11745,227,4,645.74,2,-0.4295399470847737,0.25108028513932024
C11746,231,6,174.98,2,-0.11156981363085339,-0.126397812234215
C11748,33,5,1351.62,1,1.0516298818799619,-0.08546330135296587
C11749,54,9,2223.76,4,2.817326729726994,0.7639984872491766
C11750,85,4,192.45999999999998,3,-0.20830518491131034,-0.8208961647944737
C11751,155,6,148.6,1,0.14714966017893574,-0.5163513895296099
C11752,252,2,119.41,2,-1.4998063496929757,-0.07869273496616672
C11753,27,9,3301.54,4,3.6147263059977477,1.5495053050429304
C11754,144,3,561.86,3,-0.5017170751107499,-0.22325221663127312
C11755,367,6,555.76,2,-0.3580753381492947,0.854940404652393
C11756,194,4,1197.78,2,0.04846756928145841,0.560709923812641
C11757,116,7,857.12,1,1.0674677882198857,-0.10108033621178072
C11758,144,4,274.82,3,-0.368996860668046,-0.46557242983605035
C11759,40,6,896.47,1,1.0498522202043423,-0.43681984970551885
C11760,34,4,74.27000000000001,3,-0.09990029854208965,-1.1679866882751135
C11761,63,4,412.66,3,0.014437247643889092,-0.7401241624263183
C11762,28,4,219.79999999999998,3,0.016315274182448283,-1.0733066629771624
C11763,77,5,738.47,3,0.4940422585103383,-0.3938390683656718
C11764,93,5,661.78,3,0.3862045589014793,-0.3816479783435363
C11765,533,2,89.62,0,-2.539013673210241,1.2548859443258258
C11766,218,4,223.75,2,-0.6707171065045251,-0.15112066046884298
C11767,55,6,1897.33,1,1.6448991214175452,0.48641701036168766
C11768,161,1,36.03,2,-1.5426234058382293,-0.5912877747628794
C11769,588,2,24.380000000000003,0,-2.780969699762514,1.4654108209654582
C11770,5,3,192.66,3,-0.23680858196717824,-1.2092556386685074
C11771,55,5,196.84,3,0.22240990481589665,-0.9605972625533847
C11772,77,7,619.18,1,1.0546098273593523,-0.49192310018372515
C11773,250,7,645.33,1,0.44368436962270236,0.36692118195754103
C11774,110,5,4260.73,4,2.6599726175453267,2.759550969040414
C11775,72,6,1208.78,1,1.1363773043078318,-0.01661663710266872
C11776,81,6,874.11,1,0.8865346485934281,-0.25755155976690663
C11777,204,5,205.76,2,-0.3125898071031606,-0.23246047239170367
C11778,48,4,262.5,3,-0.028564406384811267,-0.9402942776684625
C11779,7,5,844.8199999999999,3,0.8171175836952247,-0.6419609130948803
C11780,82,5,801.14,3,0.516563484045446,-0.3163919490019632
C11781,19,7,5635.55,4,4.5203938851090015,3.4913402556663553
C11782,46,5,670.6800000000001,3,0.5625642298034487,-0.6013724622856391
C11783,201,2,81.45,2,-1.3393377626283127,-0.3575904232083973
C11784,601,2,102.25,0,-2.7776203359508504,1.594464956895022
C11785,221,5,1115.4399999999998,2,0.21602870188056347,0.6229482964854932
C11786,118,3,62.54,3,-0.7313753725326566,-0.7733920768141287
C11787,14,8,635.63,1,1.6129293864065757,-0.7809511246897795
C11788,422,3,112.83000000000001,0,-1.8020937038856022,0.7394785667783033
C11789,12,5,536.1800000000001,3,0.5986843943577834,-0.8801149610298596
C11790,43,4,185.15,3,-0.06061193288226607,-1.0302189094502174
C11791,275,3,134.22,2,-1.2546838076350206,0.046776150254162596
C11792,169,6,512.6800000000001,1,0.33259999540356433,-0.13919231961005502
C11793,1,4,477.95,3,0.2818318764907785,-0.984458121968369
C11794,183,4,531.14,2,-0.344211555687081,-0.059107276337969174
C11795,207,2,88.78999999999999,2,-1.3563513170889565,-0.32233602593504573
C11796,26,4,318.86,3,0.08785723940806421,-0.9987808335137056
C11797,48,6,1340.73,1,1.309110514537067,-0.020526083951181773
C11798,4,5,573.31,3,0.6518147935035445,-0.8872432156858816
C11799,74,5,440.52,3,0.31158174369710134,-0.6615944927777316
C11800,371,2,569.78,2,-1.6394521309201113,0.8795836875405273
C11801,71,4,277.69000000000005,3,-0.10218451976863087,-0.8161566581096452
C11802,9,3,835.51,3,0.16583864019091302,-0.6435107295978507
C11803,337,4,569.15,2,-0.8784811310571073,0.7179347485145328
C11804,239,4,2101.9,4,0.4718534011604099,1.5467992023267088
C11806,131,6,3502.59,4,2.4107631669149945,2.218366146690108
C11807,232,2,1236.69,2,-0.7021801711486626,0.7742393521151367
C11808,200,3,176.94,2,-0.9547526813451775,-0.27960878195328626
C11809,211,5,1870.2299999999998,1,0.7421295250603726,1.2161353250942486
C11810,319,7,565.78,1,0.14162983489298459,0.6329861963733696
C11811,45,5,2544.71,4,1.782309061585323,0.9866548534491763
C11812,54,4,877.23,3,0.34857598612456386,-0.38877855426451896
C11813,22,4,658.32,3,0.3226610184981317,-0.729594869057729
C11814,366,6,3025.0499999999997,4,1.2479519126275802,2.9489189494039785
C11815,471,1,7.46,0,-2.6862931079293593,0.8835701291522515
C11816,333,3,206.99,2,-1.4179692768616423,0.3891127635577411
C11817,144,5,365.21,3,0.00864922381679585,-0.3870896790120005
C11818,78,2,615.27,3,-0.5465031873619334,-0.4986817953403859
C11819,4,4,120.42,3,0.038931372584728036,-1.2738389264242198
C11820,139,3,280.14,3,-0.666386544910305,-0.48688456046180895
C11821,69,3,225.07999999999998,3,-0.4480551051704057,-0.8721995441145077
C11822,179,3,3210.12,4,1.089789052502363,2.1969387301914156
C11823,60,9,1125.6499999999999,1,2.082952861994799,-0.1403428990285067
C11824,30,5,1130.07,1,0.918747663628258,-0.2882812633168834
C11825,20,6,584.26,1,0.9198386192755454,-0.7989067835011149
C11826,61,2,1125.52,3,-0.1536856932485719,-0.147197225814561
C11827,39,4,176.13,3,-0.05194748344878185,-1.057229370569223
C11828,53,7,1584.18,1,1.767934659978443,0.2122322840204459
C11829,298,3,343.80999999999995,2,-1.2021518156319033,0.3361473130056352
C11830,168,5,966.2,1,0.311543195286643,0.2397944239456947
C11831,70,3,125.47,3,-0.5163245313931818,-0.9520287954876363
C11832,225,4,1876.24,2,0.37622803727147974,1.2872925349211835
C11833,126,5,669.39,3,0.27137104346014057,-0.21559370524849436
C11834,36,3,2345.81,4,1.0479233278595823,0.770764492042799
C11835,236,4,1537.1000000000001,2,0.1162257602026044,1.052230141078434
C11836,212,6,2840.2200000000003,4,1.6869454997624727,2.0470848010352958
C11837,45,3,648.3199999999999,3,-0.08629490534157767,-0.6285221658776884
C11838,24,3,503.57,3,-0.10400913997299108,-0.853109601872061
C11839,291,6,399.89,2,-0.1833858855666375,0.3549246282416841
C11840,111,6,557.8199999999999,1,0.5724008697030962,-0.3813093491798579
C11841,195,8,545.05,1,0.89721865509618,0.017364055944260333
C11842,70,7,881.78,1,1.2504251542904932,-0.3025734034296014
C11843,196,3,236.76,2,-0.9014158505596526,-0.2481075295260862
C11844,15,4,675.5400000000001,3,0.35924175890742793,-0.7488100222450343
C11845,5,7,1421.48,1,1.8365672936155792,-0.1581824405715746
C11846,56,5,252.38000000000002,3,0.2548220585868618,-0.9085541670831978
C11847,178,4,2898.22,4,1.2100063034687067,1.9286524025100245
C11848,78,8,463.76,1,1.269112834347909,-0.6175347448416835
C11849,33,6,911.11,1,1.084758719708812,-0.4582279172006281
C11850,260,2,268.98,2,-1.431781408942949,0.0871243186305383
C11851,64,3,119.80000000000001,3,-0.4982272628584837,-0.9858637482284173
C11852,314,3,415.1,2,-1.2139607675290394,0.474116488015678
C11853,135,4,314.93,3,-0.3103031975605156,-0.4750037236472684
C11854,5,7,3211.8900000000003,4,2.998419099201103,1.36360659269778
C11855,96,8,850.1800000000001,1,1.4545424755081584,-0.2020436562139964
C11856,6,5,408.96000000000004,3,0.5379041504964825,-1.017263376605349
C11857,90,7,214.6,1,0.7448826312742686,-0.7729354401456048
C11858,111,5,664.46,3,0.32261357803918134,-0.2923231441641499
C11859,32,5,467.65999999999997,3,0.48163065431966395,-0.8416358816567934
C11860,88,6,321.3,1,0.5023931770926219,-0.6935701174775147
C11861,50,6,2171.38,4,1.840885801879811,0.6951707071699494
C11862,247,1,47.7,2,-1.847183156764225,-0.16547780711522897
C11863,15,6,441.55999999999995,1,0.8453834791616486,-0.9443767447460386
C11864,95,3,197.84,3,-0.5600976956731161,-0.7696181947522527
C11865,4,8,1788.91,1,2.3976225577121077,0.15093916846034075
C11866,39,5,176.19,3,0.2670807014496298,-1.0555241195218839
C11867,79,3,1727.95,3,0.4909086922664113,0.453549441290784
C11868,116,6,697.95,1,0.6451882582179991,-0.23802380257487818
C11869,30,5,384.95,3,0.4352165074249942,-0.9216085148791855
C11870,360,3,269.25,2,-1.4755620309856696,0.5726020804417397
C11871,78,3,229.25,3,-0.4780141220509116,-0.8251317210205182
C11872,76,6,1276.8,1,1.1659997592870495,0.060541864388593665
C11873,191,4,575.98,2,-0.3441491149225169,0.01769275576405054
C11874,211,3,2103.31,4,0.2554037672812124,1.4109370774878798
C11875,54,7,483.42999999999995,1,1.0499948696246066,-0.7185327154591397
C11876,6,8,798.87,1,1.747896421408029,-0.6808900679670679
C11877,69,5,2192.7400000000002,4,1.4667981444258726,0.803554608048471
C11878,245,5,1310.35,2,0.25540494209769776,0.9046778869963078
C11879,380,4,792.85,2,-0.8893817449968282,1.1160177461638103
C11880,2,3,207.57,3,-0.2162446744997715,-1.2110904544218521
C11881,20,7,992.3800000000001,1,1.503669417981537,-0.45036408577067355
C11882,11,2,441.55,3,-0.4160622031033023,-0.9703460172841741
C11883,76,2,148.57999999999998,3,-0.8420936996191344,-0.9050246750397116
C11884,1,9,1599.0500000000002,1,2.6042941987075237,-0.023289093015992274
C11885,229,6,1433.8,1,0.7125758848434971,0.9338854969263314
C11886,248,4,346.17,2,-0.7001585492101702,0.0980104787913021
C11887,149,6,393.15,1,0.3276223392584866,-0.33750765308486474
C11888,200,3,103.64999999999999,2,-1.0023128037927527,-0.3419028476970606
C11889,272,2,81.13,2,-1.597236428893127,-0.014510659985353808
C11890,436,4,3283.75,4,0.5237901987371655,3.504012663271338
C11891,160,3,568.78,3,-0.5552976886527272,-0.13999540363414828
C11892,118,6,2195.21,4,1.6095471616717827,1.044269347742015
C11893,44,8,3145.2599999999998,4,3.1326215213796846,1.4972292257068847
C11894,137,6,1902.37,1,1.3505547640190396,0.8872479375088017
C11895,284,4,160.32999999999998,2,-0.9514160384552516,0.1141464976725247
C11896,55,9,1060.41,1,2.0587638848606975,-0.2199744330321591
C11897,10,5,2751.1200000000003,4,2.043285602104553,0.9928385915327543
C11898,499,1,26.49,0,-2.775568581991618,1.0351513220561355
C11899,446,3,1835.7,0,-0.7711774896611416,2.3199234075805273
C11900,215,4,94.95,2,-0.7434110131582949,-0.2751042030340013
C11901,161,2,27.919999999999998,3,-1.2288969838051018,-0.5965267523569189
C11902,10,4,751.98,3,0.4269932668104722,-0.7080182620123936
C11903,43,6,2987.13,4,2.3956570809446154,1.3546795315836277
C11904,223,5,363.03,2,-0.2794920599219827,-0.006903332591757321
C11905,1,3,606.14,3,0.046029038896248785,-0.8771551327149978
C11906,231,6,369.04,1,0.014361655357773123,0.03854674225121066
C11907,30,7,1127.55,1,1.555090856685259,-0.28711467353716713
C11908,222,6,652.0799999999999,1,0.23070002505814605,0.23559787975579413
C11909,0,6,370.59,1,0.8537706380217936,-1.0772379902071827
C11910,7,7,1566.46,1,1.9233903479302312,-0.02528237558680263
C11911,14,1,61.02,3,-0.9928773594878896,-1.2809303108575265
C11912,130,4,1245.46,3,0.31169343220430357,0.29173616881487463
C11913,59,5,769.05,3,0.579216670572068,-0.454894007243681
C11914,123,7,2088.46,4,1.8411158168533575,0.9793693472667906
C11915,32,3,105.83999999999999,3,-0.39114390744452116,-1.1524793702369835
C11916,156,5,2590.98,4,1.4094660382494308,1.5627721763261064
C11917,119,6,757.18,1,0.6727360641939438,-0.17317244930968423
C11918,23,6,1462.06,1,1.4785815327956517,-0.038298118244089206
C11919,14,4,982.54,3,0.562092898793768,-0.4927061591294942
C11920,8,4,237.16,3,0.10016972558067207,-1.1552700431204772
C11921,32,1,16.6,3,-1.0870329708220228,-1.2316389122973483
C11922,165,4,137.92000000000002,3,-0.53405392481354,-0.4803781391102553
C11923,161,2,182.54,3,-1.1285593370204918,-0.46510488791016796
C11924,80,3,359.75,3,-0.4005875825819531,-0.7045391750965984
C11925,15,7,2548.65,4,2.5317278709193087,0.8482340233446193
C11926,295,4,342.34999999999997,2,-0.8732216527491474,0.322052794006135
C11927,73,4,791.97,3,0.2242885989462056,-0.3693638590659859
C11928,146,6,1486.87,1,1.0482590492592343,0.5776101995345722
C11929,23,7,695.95,1,1.3004185727130477,-0.6878119196037299
C11930,17,2,190.11,3,-0.6010060139015568,-1.1550460248842558
C11931,45,5,1063.49,1,0.8211001030398559,-0.2723329492659746
C11932,222,6,264.52000000000004,1,-0.020799511792477843,-0.0938152478149136
C11933,11,4,410.67,3,0.20187731861227104,-0.9932844855545799
C11934,172,3,173.53,2,-0.855340911572302,-0.41791349366031183
C11935,126,3,460.7,3,-0.502032778088501,-0.3962817798930295
C11936,360,5,436.46999999999997,2,-0.7290693607250746,0.7180420324720803
C11937,105,3,440.28999999999996,3,-0.4390589839966031,-0.5151843457198361
C11938,49,5,938.6199999999999,1,0.7255503378128686,-0.3591245411205526
C11939,19,7,466.93,1,1.1663182938279817,-0.901815073636235
C11940,174,2,187.41,2,-1.1725819057872562,-0.39809832735644674
C11941,98,3,75.64999999999999,3,-0.6502788761133139,-0.8589678157978178
C11942,137,5,291.96999999999997,3,-0.013472296336162677,-0.4831928276581928
C11943,48,6,1911.3300000000002,1,1.6793903053487245,0.46446496412355726
C11944,174,4,252.07,3,-0.49264355614643607,-0.33983096889523556
C11945,228,3,97.9,2,-1.1076687777083463,-0.21138383174952424
C11946,97,7,932.48,1,1.1853307626239094,-0.12890970259142118
C11947,62,5,434.65,3,0.35132593105696336,-0.7246150799400353
C11948,17,5,128.94,3,0.31626664951030087,-1.2020757340615256
C11949,327,4,205.15,2,-1.078397355129619,0.36018743664740777
C11950,74,4,735.76,3,0.18418276003717982,-0.4123045519279968
C11951,22,3,423.8,3,-0.14851543095285846,-0.9305833327437
C11952,141,3,5248.67,4,2.550585624317721,3.74587279499073
C11953,61,4,296.29,3,-0.05381990268351887,-0.8487066776644758
C11954,564,1,188.66,0,-2.9062458128397,1.4873265472671888
C11955,22,6,151.01,1,0.6314305424282194,-1.1574830131680365
C11956,19,6,204.12,1,0.6767835981763923,-1.12684909769731
C11957,454,3,1097.19,0,-1.2794548212981056,1.7309019578925946
C11958,47,5,1295.25,1,0.9642373533703434,-0.06567276659468688
C11959,237,4,422.82,2,-0.6104940609428228,0.10996509098466817
C11960,70,6,783.79,1,0.8678471973728287,-0.3875159018270267
C11961,79,2,35.989999999999995,3,-0.9260451464599772,-0.9862146149399603
C11963,17,6,1002.59,1,1.202194102644177,-0.4578479984582605
C11964,9,2,452.55,3,-0.4016650650401025,-0.9706682629932754
C11965,162,2,365.94,3,-1.0131749188731185,-0.3043850391857992
C11966,110,3,102.99000000000001,3,-0.6760905238504519,-0.7776984417407287
C11967,16,6,499.71999999999997,1,0.8794958310607711,-0.8901067362966092
C11968,326,3,44.74,2,-1.4978521082311198,0.21735407129231898
C11969,328,6,2938.01,4,1.329388125958271,2.691172113612364
C11970,54,6,586.48,1,0.797877917166766,-0.6325978912050656
C11971,80,4,195.79999999999998,3,-0.18799050264502043,-0.8422369766162728
C11972,15,5,1403.62,1,1.1507043870352525,-0.12831195167548787
C11973,126,7,1282.27,1,1.307066117459122,0.3086424446174372
C11974,282,1,105.94,2,-1.9364202184220718,0.053282164708272926
C11975,217,5,796.97,2,0.02388158232234176,0.3329156134479316
C11976,157,6,452.62,1,0.3371786344562343,-0.2482726069040974
C11977,24,8,833.0,1,1.7047143073894513,-0.5648337783689109
C11978,191,2,46.32000000000001,2,-1.3258401857820903,-0.4358091581734201
C11979,54,5,624.3,3,0.5034312227624755,-0.6021064003998441
C11980,67,3,1692.72,3,0.5116002777015796,0.3655738292923881
C11981,294,2,102.08000000000001,2,-1.6634892512936974,0.10968682808326503
C11982,12,9,968.57,1,2.1552324855098908,-0.5059808102833729
C11983,46,1,43.78,3,-1.1202073490997557,-1.1408336525712384
C11984,61,4,857.47,3,0.3103469620337717,-0.3717223167135784
C11985,22,5,672.5,3,0.6508521032322613,-0.7158880869924871
C11986,163,11,1149.27,1,2.3624256656638503,0.38114366080745
C11987,116,7,853.88,1,1.0653652531301037,-0.10383422859832499
C11988,0,4,560.22,3,0.3388488463997197,-0.919367294663968
C11989,66,3,479.54,3,-0.2720398764815961,-0.6704248162886312
C11990,236,4,1417.7,2,0.03874344856062765,0.9507441068335621
C11991,113,5,420.61,3,0.15711295366246153,-0.4899156645682681
C11992,292,4,92.47999999999999,2,-1.0244815851189484,0.09516377266353428
C11993,59,4,438.78999999999996,3,0.0459116070791779,-0.7372582910184629
C11994,333,4,867.9,2,-0.6700953160118042,0.9525185651136524
C11995,438,5,656.1899999999999,2,-0.8695834972134613,1.2820000685217783
C11996,131,9,596.29,1,1.481743959958868,-0.2469295642552703
C11997,214,3,273.40999999999997,2,-0.9429626595083999,-0.12990932362728363
C11998,2,5,347.66,3,0.5126425090368132,-1.0887101012948899
C11999,51,4,139.14000000000001,3,-0.11950483560743043,-1.030638359853613
C12000,22,4,957.8100000000001,3,0.517009238880507,-0.47503831632743876
C12001,14,4,168.03,3,0.03353244941766702,-1.185012605970286
C12002,34,4,153.2,3,-0.04868020760489355,-1.100898809858466
C12003,53,5,1035.47,1,0.7738814615076492,-0.25746149718976197
C12004,294,4,118.09,2,-1.015121374528775,0.12660330240701365
C12005,190,3,137.45000000000002,2,-0.9440844418419954,-0.36153337210514014
C12006,111,3,110.66,3,-0.6747426771004368,-0.7663432563149473
C12007,29,6,1533.12,1,1.5029178351007262,0.05111616263129938
C12008,112,2,368.45,3,-0.8300735619273114,-0.5440486314224176
C12009,52,2,183.47,3,-0.7323456918017104,-0.9914318981345165
C12010,4,4,943.84,3,0.5732737934577304,-0.5739592755204314
C12011,34,5,381.98,3,0.41877138029814903,-0.9047891555239652
C12012,275,3,124.78999999999999,2,-1.2608032230352202,0.0387609634624612
C12013,134,2,189.44,3,-1.0260865437577786,-0.5898105018764501
C12014,165,5,1639.05,1,0.7590644907081716,0.7971867553537481
C12015,32,6,258.41999999999996,1,0.6648376681404733,-1.0178286789130695
C12016,168,4,368.13,3,-0.3955519677107512,-0.2701994647798336
C12017,140,3,444.41999999999996,3,-0.5634096795149803,-0.34241607668519525
C12018,80,2,375.15999999999997,3,-0.7095768113572377,-0.6930954399649746
C12019,210,3,762.3199999999999,2,-0.6111762047492082,0.26630417699197695
C12020,282,2,40.010000000000005,2,-1.6602149627133924,-0.0011018924505778428
C12021,84,5,1828.43,1,1.1759444812816433,0.5664423109123972
C12022,9,4,375.99,3,0.18663130763187372,-1.0324332140468113
C12023,491,2,486.03,0,-2.129334166104992,1.3887117905020723
C12024,317,6,417.27,2,-0.26647319344401277,0.4954314955939408
C12025,130,4,3451.1600000000003,4,1.7430396197144216,2.1665079086298977
C12026,41,6,4781.64,4,3.567428403568803,2.8702815483206847
C12027,86,5,340.65000000000003,3,0.20321963646267818,-0.6884493935639436
C12028,156,7,696.75,1,0.8182207576360482,-0.04395190258233845
C12029,185,2,46.2,2,-1.3041413525102652,-0.46492679525206504
C12030,179,5,159.48000000000002,3,-0.2518860439058128,-0.3926954396811182
C12031,35,4,1467.21,3,0.8003916172890067,0.020801986751953837
C12032,98,6,1788.86,1,1.4184432356343115,0.6021665407151603
C12033,36,5,382.71999999999997,3,0.41199268728249366,-0.894488299747571
C12035,58,6,1059.08,1,1.0900447075237976,-0.2115598274458784
C12036,267,2,153.84,2,-1.5319054320656653,0.02311072413561729
C12037,132,4,400.97,3,-0.24358085770538862,-0.416380401914535
C12038,109,6,645.01,1,0.636240028905343,-0.31687262546587047
C12039,139,4,1840.0100000000002,1,0.6648500530724596,0.8406073830100991
C12040,16,8,621.69,1,1.5966243924285732,-0.7831277813314315
C12041,328,5,709.74,2,-0.4355936738795796,0.7955623703978066
C12042,6,7,993.9499999999999,1,1.5555005505281714,-0.5167328004001333
C12043,64,2,1033.33,3,-0.22439895619078562,-0.21104784328101261
C12044,133,6,805.4100000000001,1,0.6532216746939631,-0.06447538873889606
C12045,426,5,195.9,2,-1.1247263455013972,0.8327375744787826
C12046,182,5,258.38,3,-0.1985951616917004,-0.2941259040164764
C12047,64,6,958.01,1,1.0026805885312722,-0.2684503294395833
C12048,291,5,1825.5,2,0.42274679417998395,1.5649915249488375
C12049,30,4,228.18,3,0.014494410822946181,-1.056512060955954
C12050,81,4,256.2,3,-0.15242454623938198,-0.7860630425662695
C12051,261,5,604.96,2,-0.26041541521058126,0.38249485867882116
C12052,153,4,433.39000000000004,3,-0.2987609954922603,-0.2872697349882232
C12053,216,5,370.61,2,-0.24916701033537214,-0.03431216559581786
C12054,155,4,165.36,3,-0.4799527613723553,-0.5054144522771069
C12055,315,4,420.14,2,-0.8953303591495984,0.4848905138345381
C12056,158,10,1274.51,1,2.142855736966866,0.4617595471552679
C12057,290,2,60.8,2,-1.6757593024763788,0.05525643844885248
C12058,1,3,1481.6100000000001,3,0.6141482966282535,-0.1330347106014474
C12059,100,5,1259.06,1,0.7483916619092241,0.15987176482261103
C12060,14,6,1003.28,1,1.2135302172175393,-0.4717693419081052
C12061,352,4,55.14,2,-1.266479702516277,0.35358242351868274
C12062,106,5,292.14,3,0.09915099739571424,-0.6329624788036085
C12063,7,10,2010.78,1,3.168690931877288,0.3573376258761306
C12064,114,9,2012.81,1,2.4626677737688314,0.8748544043919951
C12065,145,7,1137.43,1,1.1441154461297673,0.2774161187078508
C12066,89,3,565.6,3,-0.29967027942934454,-0.4860500506080883
C12067,198,2,1830.58,2,-0.19338545904910656,1.1146041606039327
C12068,37,6,2214.08,4,1.9157779984925454,0.6685970666248423
C12069,612,1,29.34,0,-3.183847072900198,1.5840349674410046
C12070,454,6,1312.0600000000002,2,-0.18305135968146316,1.9184970803146082
C12071,126,1,191.94,3,-1.3144178597739395,-0.6280273593708096
C12072,396,6,709.1,2,-0.36382239639671454,1.125516576757356
C12073,169,6,323.73,1,0.2099845616954278,-0.29979354381917167
C12074,240,6,796.8499999999999,1,0.25931559077213334,0.44569449455372173
C12075,247,3,593.12,2,-0.8552649399123773,0.30141958336913593
C12076,147,7,630.05,1,0.8076021451449225,-0.1441681488030603
C12077,61,3,464.16,3,-0.2638731747340483,-0.7076770063437972
C12078,52,6,220.33,1,0.5675308857511425,-0.9534851102429222
C12079,102,7,972.99,1,1.1934716864338397,-0.07029784720481778
C12080,336,3,291.7,2,-1.3738867196240765,0.47562127052946235
C12081,222,5,153.07000000000002,2,-0.41211207436090463,-0.19019829915150116
C12082,138,3,1778.29,3,0.30943825923349394,0.7816572397624336
C12083,10,3,907.21,3,0.20873751218745887,-0.5777321708663813
C12084,509,2,104.66999999999999,0,-2.4421404481648175,1.151615380197367
C12085,170,2,761.4699999999999,2,-0.7855390118629529,0.07048984508819774
C12086,141,5,196.52,3,-0.08993052380346023,-0.54497839666952
C12087,297,2,168.51999999999998,2,-1.631262655812404,0.18066644187530592
C12088,76,2,930.85,3,-0.3344547722475335,-0.24012115737860726
C12089,7,4,689.2700000000001,3,0.3971871824047614,-0.7758274996927648
C12090,168,4,427.52000000000004,3,-0.3570119803705753,-0.21971993736104847
C12091,50,4,2051.73,4,1.1252627594651863,0.5901636751482231
C12092,37,3,77.91,3,-0.4274157927533253,-1.1520392416821978
C12093,60,4,815.31,3,0.28661749946690745,-0.4123928565874807
C12094,509,2,225.43,0,-2.363775590929599,1.2542573692711585
C12095,160,3,1062.86,3,-0.23467406607259436,0.2799561859781319
C12096,20,6,105.33,1,0.6090462950318947,-1.2059813763059426
C12097,39,2,57.69,3,-0.7667853198576547,-1.1612079427799251
C12098,99,3,56.67,3,-0.6662250294073414,-0.8702642452181489
C12099,75,3,1163.1399999999999,3,0.13890401282640935,-0.045864059802738624
C12100,4,6,430.08,1,0.8778577151257514,-1.0073297054002484
C12101,6,6,691.53,1,1.0402617144734105,-0.7754340088534979
C12102,365,5,633.9599999999999,2,-0.6190593139540262,0.9100816739203249
C12103,303,6,291.02,2,-0.297588368050456,0.3204200263817382
C12104,307,3,124.69999999999999,2,-1.3770040531440721,0.1934345521281425
C12105,27,7,1317.85,1,1.6894706991517132,-0.13987381469915464
C12106,87,4,285.84000000000003,3,-0.15496694869319072,-0.7318543859657768
C12107,291,3,499.27,2,-1.0758629113918963,0.4344315683108848
C12108,459,3,398.69,0,-1.7508800878276831,1.1613798587791753
C12109,8,6,2121.0699999999997,4,1.960675038828411,0.449299390717476
C12110,36,3,48.87,3,-0.44263128606773766,-1.1815582173241677
C12111,131,1,490.25,3,-1.1389826315979992,-0.350294066561024
C12112,63,3,320.57,3,-0.3643120188325053,-0.8200518567865179
C12113,232,4,1825.5199999999998,2,0.31790812232276794,1.2780338007784786
C12114,188,6,1512.53,1,0.9124736734331236,0.8025298347128735
C12115,26,5,1351.09,1,1.0766921044362843,-0.11976536499124668
C12116,89,3,350.38,3,-0.43933311955988247,-0.6689799022846487
C12117,316,2,126.89,2,-1.7272372016428605,0.23716518794572966
C12118,195,5,623.71,2,-0.008704212414353051,0.07925968420815337
C12120,80,5,3002.33,4,1.9522418962723063,1.544874560253557
C12121,181,7,890.8,1,0.8534094667279375,0.24188265666992956
C12122,283,6,646.54,2,0.005708449385044531,0.5258814145821911
C12123,40,4,173.29999999999998,3,-0.05741340782306118,-1.0547988363961314
C12124,16,3,261.3,3,-0.2321899457917886,-1.0977185765282267
C12125,46,6,1370.8500000000001,1,1.3359152053523153,-0.004596964712527872
C12126,122,6,1606.46,1,1.2129714774793,0.5631951632114643
C12127,283,2,318.94,2,-1.482838205946605,0.24081528333754787
C12128,77,4,3554.91,4,2.0027270613810004,1.998387133272763
C12129,52,3,798.0,3,-0.014569131403755585,-0.4674475561119148
C12130,260,3,129.14999999999998,2,-1.2035321233376373,-0.030072284011528932
C12131,29,3,114.32,3,-0.37475262362751566,-1.1597794724241184
C12132,31,4,102.97,3,-0.07038763833144294,-1.1581004620499258
C12133,185,1,572.66,2,-1.2814946067073907,-0.019107534150242595
C12134,115,8,546.85,1,1.1887427960369537,-0.3679812180320396
C12135,188,6,907.88,1,0.520097796261254,0.28859741757584056
C12136,51,1,89.17,3,-1.1088996440434866,-1.078073959269099
C12137,270,2,103.97,2,-1.575155952724056,-0.004769298948564868
C12138,128,4,522.79,3,-0.15001033075736314,-0.3321812087571671
C12139,419,3,154.83,0,-1.7639502669175158,0.7606693512568977
C12140,9,1,57.36,3,-0.9771051913044627,-1.3082208901811188
C12141,174,1,5.39,2,-1.609689499616774,-0.5544635347789689
C12142,112,5,1605.6799999999998,1,0.9297705707972982,0.5125185343043456
C12143,15,6,361.47,1,0.7934106287478637,-1.0124505846344118
C12144,102,5,2949.0299999999997,4,1.8378059780642249,1.6059620144638695
C12146,25,4,658.72,3,0.3120322382605296,-0.7147470618111765
C12147,356,5,724.02,2,-0.5279515682123523,0.943106221068331
C12148,130,6,710.67,1,0.6026303437062378,-0.15950906257390093
C12149,79,2,73.53999999999999,3,-0.9016778030583338,-0.95429836212677
C12150,41,2,176.12,3,-0.6971913725287185,-1.0508744959626684
C12151,42,5,934.19,1,0.748081731094453,-0.3967414752241181
C12152,205,3,218.0,2,-0.9462548457144508,-0.22052944483439907
C12153,6,4,578.8000000000001,3,0.32912927169498735,-0.8745592707163085
C12154,44,5,373.11,3,0.37672085778821657,-0.8639689591416424
C12155,131,5,574.39,3,0.1915753839316767,-0.2721608490287467
C12156,161,10,2866.3,4,3.164928597633162,1.829235997927336
C12157,119,2,168.24,3,-0.9854021097684779,-0.6803689003998449
C12158,15,10,3223.83,4,3.926840569319186,1.4270773570166904
C12159,8,5,2560.04,4,1.9265468479013317,0.8207550577147441
C12160,195,6,1538.09,1,0.9036541833759527,0.8581065670039948
C12161,42,7,323.8,1,0.9899594905014674,-0.9122441956322597
C12162,109,4,394.69,3,-0.16417877282466778,-0.5329448174103554
C12163,438,6,2878.16,4,0.8913100399498123,3.1722550209847213
C12164,117,3,201.1,3,-0.6378301000916645,-0.6604566191274511
C12165,12,4,198.2,3,0.060369586762078625,-1.1690409883923336
C12166,93,3,267.92,3,-0.5073617387505528,-0.7197244027462196
C12167,455,3,212.85,0,-1.856959544127317,0.9840782705648744
C12168,49,1,7.85,3,-1.1544117774274165,-1.1568651386589923
C12169,202,6,584.43,1,0.2593888875729155,0.0813788231371315
C12170,197,6,279.26,1,0.07950199559576955,-0.20218524182441125
C12171,278,2,76.24000000000001,2,-1.6221864043871155,0.010348643495579228
C12172,103,6,1394.41,1,1.1443253129468032,0.29107684287605673
C12173,349,2,50.019999999999996,2,-1.8968923727585225,0.33141426696198795
C12174,526,2,24.96,0,-2.5555673689587763,1.1660755107032599
C12175,351,5,522.65,2,-0.6404794656464734,0.747768708490521
C12176,64,4,170.18,3,-0.14654489101011994,-0.9413881685110451
C12177,75,2,54.69,3,-0.8993923412583557,-0.9896639967518653
C12178,184,4,725.0,2,-0.22203932363874385,0.11050322496765047
C12179,137,6,2593.1800000000003,4,1.79884250024512,1.4744134929250492
C12180,104,4,725.03,3,0.0683362101696487,-0.2763464902198172
C12181,23,5,237.65,3,0.3650351882753455,-1.0806602036943493
C12182,176,3,47.86,2,-0.9514098212659021,-0.5053850589436659
C12183,322,2,218.42000000000002,2,-1.6896172902983282,0.3439782889299335
C12184,6,1,17.71,3,-0.9919469364600566,-1.3564298937770112
C12185,228,5,252.17000000000002,2,-0.3695797585010476,-0.07695094959750098
C12186,405,4,561.94,2,-1.1299625765697165,1.0406504200500757
C12187,254,3,511.64,2,-0.9335459596023554,0.26601587088998013
C12188,14,6,1417.14,1,1.4820966284080628,-0.12000208786637447
C12189,101,1,61.51,3,-1.3083216051584372,-0.8597870316996375
C12190,0,8,3401.6400000000003,4,3.4586901805574493,1.5023623424889136
C12191,190,3,812.65,2,-0.5059265120206999,0.21236420178210805
C12192,122,3,707.41,3,-0.32741731059636775,-0.205930234835812
C12193,270,2,1093.19,2,-0.9332208411455282,0.8360348450691244
C12194,134,9,1757.05,1,2.2241082713199605,0.7541857027599541
C12195,3,3,465.23,3,-0.052670671239054896,-0.9872520721713177
C12196,36,8,2927.7400000000002,4,3.0205017474967244,1.2736569290034883
C12197,69,3,176.82999999999998,3,-0.4793660058129968,-0.913210441537582
C12198,183,4,292.16999999999996,2,-0.4992864971701897,-0.26222383918132774
C12199,22,2,411.02,3,-0.4757980128704155,-0.9431001613085832
C12200,91,4,1186.41,3,0.41492266338424927,0.05294396318518417
C12201,108,2,55.650000000000006,3,-1.0185412450784144,-0.8292620027835268
C12202,22,4,644.62,3,0.31377066950738564,-0.7412394140255242
C12203,54,5,2543.7400000000002,4,1.7490145415068292,1.0293538472632777
C12204,188,5,374.09,2,-0.14528410884379286,-0.16676060614750715
C12205,49,4,308.95,3,-0.0020510316157354254,-0.895977380282747
C12206,237,3,635.03,2,-0.7917737509313317,0.28868228959527653
C12207,119,4,534.18,3,-0.10995395400123623,-0.3660235486614565
C12208,410,5,1136.4,2,-0.4563359187614166,1.5547562938457822
C12209,155,4,946.2700000000001,3,0.026803620406003578,0.15833311055507768
C12210,88,3,397.47,3,-0.4051455275702439,-0.6337909065106881
C12211,148,6,443.33,1,0.36381512675041755,-0.2996922599422556
C12212,8,7,726.23,1,1.374509953128889,-0.734614027985366
C12213,510,2,103.78999999999999,0,-2.4463409579017275,1.1557033496031008
C12214,28,1,13.36,3,-1.0746177026172603,-1.253736565393445
C12215,37,4,831.96,3,0.380899562621921,-0.5094675336809986
C12216,106,3,590.72,3,-0.34506980717951424,-0.38248790192891313
C12217,11,5,731.48,3,0.7290499880932961,-0.7189523879072187
C12218,144,3,692.43,3,-0.4169862088536905,-0.11227205338711145
C12219,250,3,650.3399999999999,2,-0.8290214844087976,0.3645625033945293
C12220,160,6,467.80999999999995,1,0.3361475375451383,-0.22085379089304202
C12221,86,1,338.24,3,-1.0743012824966562,-0.6971148256788561
C12222,122,2,61.269999999999996,3,-1.065706566731365,-0.7567820269629397
C12223,19,6,680.82,1,0.9861288072193598,-0.7216699308251963
C12224,68,6,925.39,1,0.966994669610586,-0.27683248528838705
C12225,49,4,178.85000000000002,3,-0.08647690049865976,-1.0065580591375025
C12226,202,6,598.31,1,0.2683960440686495,0.09317636212640136
C12227,357,2,186.52,2,-1.8373489547317845,0.48612225466605924
C12228,43,6,304.63,1,0.6549007913332034,-0.9253563717821061
C12229,67,1,136.45,3,-1.1362894192448427,-0.960512486790207
C12230,63,3,315.6,3,-0.367537203831338,-0.8242761917127911
C12231,37,3,177.87,3,-0.3625486916500422,-1.0670765617565916
C12232,233,1,197.96,2,-1.6988625357917488,-0.10546496033874235
C12233,36,8,655.8,1,1.5461703981510575,-0.6574166107142178
C12234,19,5,482.49,3,0.5384371555767712,-0.8918980965268967
C12235,42,4,108.91,3,-0.10645694972684021,-1.0998563173899927
C12236,470,1,335.55,0,-2.469756022041936,1.1575997917839083
C12237,196,3,292.71999999999997,2,-0.8651016951200795,-0.20054338818317985
C12238,233,2,101.86000000000001,2,-1.442235515780209,-0.18549251543032172
C12239,215,3,299.43999999999994,2,-0.9297004472496185,-0.10294874801108485
C12240,18,3,1046.87,3,0.27033155085731797,-0.4203382881186437
C12241,33,6,332.47,1,0.7092615270076945,-0.9500526982345695
C12242,52,4,1268.1000000000001,3,0.6094823848530712,-0.066223916987025
C12243,55,8,512.01,1,1.3839011039341325,-0.6877504714985351
C12244,209,3,292.5,2,-0.9124273205556683,-0.13786315857004822
C12245,163,3,549.96,3,-0.5783989147007044,-0.14148395801394786
C12246,56,5,310.5,3,0.2925379040862896,-0.8591540974825953
C12247,6,2,103.55,3,-0.6172534861290757,-1.281814491829127
C12248,107,7,389.47,1,0.7966604583682028,-0.5420907652673547
C12249,79,4,340.3,3,-0.09059058253942752,-0.7242527162209308
C12250,161,1,23.26,2,-1.5509102493865379,-0.6021418506197221
C12251,65,4,550.63,3,0.09671129856984556,-0.6131823646111991
C12252,131,2,1394.8300000000002,3,-0.2329837555237013,0.4202231417323072
C12253,622,4,432.86,0,-2.001317364986761,1.9803357258102248
C12254,33,2,90.19,3,-0.7239183709596883,-1.1625996633002138
C12255,4,4,587.28,3,0.34189110468835665,-0.8770234327260553
C12256,2,8,574.32,1,1.6166968622301632,-0.891093870466285
C12257,432,3,979.55,0,-1.2759470969935378,1.5245211812884931
C12258,191,7,2906.08,4,2.124891784336156,2.0031631228743403
C12259,4,5,283.48,3,0.4637352425555202,-1.133589089263697
C12260,112,3,4176.94,4,1.9603613241993532,2.694695626318364
C12261,20,8,914.21,1,1.7719317633510387,-0.5151517363898028
C12262,54,4,635.22,3,0.19152829566832613,-0.5944790161372276
C12263,214,6,3259.66,4,1.9518740419603482,2.413266750097517
C12264,91,5,345.24,3,0.18805097372168883,-0.6603683451293988
C12265,10,6,2205.2999999999997,4,2.0080755602096456,0.5305639734545434
C12266,222,1,898.21,2,-1.2045249357996386,0.43652893958579675
C12267,139,6,687.94,1,0.5552150941358729,-0.13530534602251643
C12268,6,5,736.8,3,0.7506495529144527,-0.7386102654927964
C12269,24,5,392.99,3,0.46221061425627114,-0.9437904229843115
C12270,377,2,165.06,0,-1.9238640215213993,0.5646007709868952
C12271,76,3,266.75,3,-0.4464203235311591,-0.8029298469014026
C12272,159,4,659.46,3,-0.17383396347510185,-0.06610210261955496
C12273,218,4,683.23,2,-0.3725464821054006,0.23942207834885967
C12274,182,6,237.0,1,0.10651995150148537,-0.31064394086034375
C12275,310,2,206.9,2,-1.65353956073392,0.2761553894268971
C12276,144,4,123.56,3,-0.4671541006928818,-0.5941384058819407
C12277,75,3,215.2,3,-0.4762432442748923,-0.8515815748955674
C12278,163,4,2447.4100000000003,4,0.9719036695810428,1.4729397730658649
C12279,59,5,426.40999999999997,3,0.35686709552175894,-0.7461266267885961
C12280,41,6,622.23,1,0.8682600462258009,-0.6650788009126671
C12281,220,3,98.07,2,-1.0785228529201012,-0.2499268588150139
C12282,9,5,1574.28,1,1.2832275853172685,-0.012272261046099233
C12283,14,3,1491.3000000000002,3,0.5732535732728321,-0.06193131013934846
C12284,322,3,1109.06,2,-0.7926645065547604,1.1026469602268365
C12285,37,5,349.64,3,0.38689661276441367,-0.9177692608500855
C12286,101,4,1153.96,3,0.3575703577209013,0.07372194275432391
C12287,106,2,279.7,3,-0.865889446250364,-0.6484988247416236
C12288,283,3,111.01,2,-1.298781093061717,0.06573594257089294
C12289,88,4,246.29,3,-0.1842616040850027,-0.76063463217352
C12290,29,6,931.57,1,1.1125536427369818,-0.460181357469225
C12291,0,7,1862.4499999999998,1,2.140873467036628,0.19244771215087447
C12292,111,6,538.27,1,0.5597142768002432,-0.3979261998455802
C12293,16,4,386.73,3,0.16819466633069877,-0.9894529895237723
C12294,98,6,2302.73,4,1.7519091944572813,1.038938973021796
C12295,45,5,745.26,3,0.6145909235270732,-0.5428178795653511
C12296,5,9,1444.42,1,2.4894322593225358,-0.13537569642105074
C12297,71,6,623.09,1,0.7599346018183243,-0.5192696241550899
C12298,382,2,61.39,0,-2.0092859092067807,0.5006644151722789
C12299,217,4,276.14,2,-0.6330901824235761,-0.11142684072923917
C12300,235,3,270.56,2,-1.0210305789670682,-0.030776985242149675
C12301,326,1,25.48,2,-2.148329009391657,0.1976752049141663
C12302,12,5,1495.48,1,1.2212035028849884,-0.06474182324840645
C12303,468,4,647.81,0,-1.302894309273733,1.4183012991368076
C12304,77,4,497.71000000000004,3,0.01881648221976748,-0.6001313247960983
C12305,152,3,2038.16,4,0.4272635383759582,1.0702412709160076
C12306,64,4,91.56,3,-0.19756381346650354,-1.008212557224042
C12307,32,3,83.54,3,-0.405615059451356,-1.1714336295641246
C12308,675,1,27.0,0,-3.41402097235412,1.8867102763372834
C12309,247,2,488.79,2,-1.241957116727949,0.21108829554865793
C12310,94,3,565.06,3,-0.3181679560624892,-0.462329331785572
C12311,70,9,1997.21,1,2.6122402929098714,0.6488135547257803
C12312,89,1,42.28,3,-1.2772471303910107,-0.9341631751225064
C12313,44,4,281.73,3,-0.0015676679740587267,-0.9432931770838031
C12314,237,3,189.84,2,-1.0806711572955832,-0.08971442385090826
C12315,38,2,247.62,3,-0.6399044833542812,-1.0046096912979454
C12316,149,2,194.93,3,-1.07696567721019,-0.512605081560651
C12317,93,2,392.35,3,-0.7456045553381633,-0.6156172886080974
C12318,346,2,125.59,2,-1.8369643361101922,0.38113843644561085
C12319,116,2,90.99000000000001,3,-1.0246436448548784,-0.7605366551482264
C12320,123,4,189.42000000000002,3,-0.34819706518261434,-0.6397143370830767
C12321,142,5,192.27,3,-0.09631792960597749,-0.5437548153325064
C12322,152,7,718.04,1,0.8465542930483291,-0.04519987041857993
C12323,121,3,251.1,3,-0.6199013742229024,-0.5986145191193762
C12324,185,9,1508.99,1,1.8780325588295173,0.7899758908789166
C12325,287,1,370.65,2,-1.7827890578438736,0.3024565735094514
C12326,43,6,204.86,1,0.5901569870407409,-1.010157558018378
C12327,173,6,1093.1799999999998,1,0.6947863956950118,0.3735571603553437
C12328,192,1,52.68,2,-1.64433168715957,-0.4272216822774409
C12329,46,6,609.87,1,0.8420920100984506,-0.6514046895003214
C12330,22,6,1031.82,1,1.2030150894748652,-0.40882376841740403
C12331,59,4,827.62,3,0.29823528577054986,-0.40676570562957254
C12332,371,5,573.02,2,-0.6803818486400816,0.8873003390476142
C12333,310,2,154.64999999999998,2,-1.6874461837095758,0.23174462485994105
C12334,13,4,420.16,3,0.2007767682001943,-0.9755464204009443
C12335,45,4,397.66999999999996,3,0.070039893026181,-0.839912087741001
C12336,233,4,1401.1999999999998,2,0.03892444640764476,0.9222118343328852
C12337,31,7,1443.55,1,1.756523470173722,-0.013689228993116547
C12338,36,5,649.5899999999999,3,0.5851727920387275,-0.6676576635756369
C12339,90,6,157.85999999999999,1,0.38907306091633204,-0.822816808621749
C12340,30,6,385.99,1,0.7548806442950068,-0.9190702963815953
C12341,217,3,1076.1200000000001,2,-0.4329479434857477,0.5668753356712212
C12342,142,3,1070.58,3,-0.1643342071443285,0.19947100637283824
C12343,131,6,792.52,1,0.6521158611229348,-0.08510334096483144
C12344,370,2,217.95,2,-1.864135927207,0.5757039330551555
C12345,4,3,132.01,3,-0.2725367710186332,-1.2656420644150033
C12346,208,2,85.5,2,-1.3621157495315384,-0.32029647648350035
C12347,111,5,812.33,3,0.418570943386745,-0.16663855552269938
C12348,12,6,1787.25,1,1.7295312282279647,0.18490723893437283
C12349,93,9,1325.8,1,2.0930644410555224,0.18936397903728586
C12350,84,4,1676.41,3,0.7583048049501095,0.4355761070689884
C12351,115,2,558.75,3,-0.7174704244026742,-0.3677921315200766
C12352,77,7,1324.62,1,1.5123914180186158,0.10767746931126945
C12353,716,1,331.48,0,-3.3652420721303304,2.3437817106024776
C12354,123,6,521.4300000000001,1,0.5052328758944074,-0.35420835839266546
C12355,27,9,801.38,1,1.992296018939083,-0.5755476545689514
C12356,199,3,624.3499999999999,2,-0.6607851982624391,0.0958389175803649
C12357,20,4,626.33,3,0.30916063078672035,-0.7664571868956997
C12358,21,2,439.14,3,-0.45392063404533556,-0.9240350354644822
C12359,150,3,274.01,3,-0.7102884484457245,-0.43889951490853885
C12360,240,2,449.5,2,-1.2420474435790223,0.14384151928616223
C12361,150,3,372.8,3,-0.6461805961248628,-0.354931296122518
C12362,537,2,1177.94,0,-1.8472873441245838,2.1992655575427387
C12363,50,4,797.1300000000001,3,0.3111144496994911,-0.4762046545303043
C12364,82,7,1322.37,1,1.4927840700880861,0.12994474492977648
C12365,16,5,558.6,3,0.5987156147400655,-0.8417149449788499
C12366,19,5,2324.04,4,1.7334752711905252,0.6733582381769866
C12367,54,9,1494.94,1,2.344373142030968,0.14452569429819265
C12368,48,6,906.62,1,1.0274032590354043,-0.38950516540881414
C12369,40,6,150.26999999999998,1,0.5656202189711511,-1.0710650653966691
C12370,43,2,514.45,3,-0.4848975899395588,-0.7536333529105096
C12371,214,7,2611.44,4,1.8502135083389892,1.8639555331359328
C12372,106,5,1027.16,1,0.57612795470799,-0.00821989177960785
C12373,91,3,110.07,3,-0.6025365296718401,-0.8635635402664315
C12374,102,4,661.4899999999999,3,0.03436206255619068,-0.34002526015515594
C12375,27,3,242.6,3,-0.2842489067588634,-1.060417613474605
C12376,32,6,587.1800000000001,1,0.8781800866950484,-0.7383935983574241
C12377,190,6,830.61,1,0.4626960284450073,0.23259236437868006
C12378,139,4,439.28,3,-0.24412648282591626,-0.34996659310229056
C12379,86,6,1336.3700000000001,1,1.1683620458958517,0.15953378760273432
C12380,447,3,1813.8000000000002,0,-0.7890185202583059,2.306145075145163
C12381,68,9,2882.22,4,3.1938092500535076,1.3913707796227124
C12382,145,5,378.17,3,0.013429913352288814,-0.37123816928843534
C12383,406,2,296.76,0,-1.9436539375906985,0.816783661843458
C12384,19,4,699.25,3,0.3601100997421232,-0.7093135490401228
C12385,195,2,49.91,2,-1.3380283282827097,-0.41341401670223393
C12386,138,5,383.71999999999997,3,0.04243763385486914,-0.40037243486801594
C12387,307,3,192.14999999999998,2,-1.333233685302771,0.2507648118418494
C12389,107,3,1286.79,3,0.10300185309090937,0.2139844189589264
C12390,240,4,486.21000000000004,2,-0.5802467037404908,0.17835230607949934
C12391,118,4,710.64,3,0.008185787545542462,-0.22087434978649884
C12392,5,4,131.02,3,0.042180585943712955,-1.259993338315545
C12393,425,2,27.32,0,-2.1874613595950136,0.6796514744019533
C12394,284,4,1152.01,2,-0.30788455764188916,0.9570415599837011
C12395,181,6,1510.4399999999998,1,0.9365235642795505,0.7669018228884785
C12396,50,5,887.17,1,0.6885334084801897,-0.39801939208134407
C12397,230,8,1279.02,1,1.24648345646876,0.810472084051575
C12398,225,5,890.36,2,0.05544960290447679,0.45098153300881655
C12399,16,3,734.15,3,0.07465688050560415,-0.6958117817820991
C12400,102,3,426.58000000000004,3,-0.43706746982227324,-0.5413452108876552
C12401,172,5,710.16,3,0.13087320545263662,0.041512688775372834
C12402,17,3,120.22,3,-0.32737052330261135,-1.2127959505155497
C12403,130,4,597.65,3,-0.10869028894133252,-0.25888081480464303
C12404,127,2,128.9,3,-1.0399666455032572,-0.6751190723408177
C12405,299,1,21.54,2,-2.0528906236515487,0.0637559509879643
C12406,253,1,23.56,2,-1.8846250459860867,-0.1569803642642272
C12407,96,5,540.8199999999999,3,0.2968215630786988,-0.46995214024235776
C12408,29,2,832.65,3,-0.2275955668133675,-0.5508770840981455
C12409,161,3,727.71,3,-0.45579260187787624,-7.424216247643786e-05
C12410,59,5,271.0,3,0.25601679357636864,-0.8782199649962638
C12411,66,4,1028.96,3,0.4034848136399006,-0.20178181170056533
C12412,344,3,659.06,2,-1.1645311871445179,0.8265525904426716
C12413,180,7,847.7199999999999,1,0.8290829880244686,0.20043014735293443
C12414,156,3,594.17,3,-0.5243035378490553,-0.1377585076479109
C12415,123,12,1299.1299999999999,1,2.9238416848809767,0.3167363292976391
C12416,18,5,1302.39,1,1.074124791620313,-0.19984626888711218
C12417,6,3,545.88,3,-0.0112227721695497,-0.9041944303506366
C12418,185,4,359.74,2,-0.46269715930616917,-0.1951197030985282
C12419,74,6,2032.4599999999998,4,1.6636295454852106,0.693155885520248
C12420,248,1,583.89,2,-1.5028625181463915,0.29510182403165486
C12421,39,6,779.88,1,0.9778228543249797,-0.5407534174592018
C12422,8,8,1250.96,1,2.0340125471495445,-0.28695670334291073
C12423,128,6,780.65,1,0.6553014075704744,-0.10970026724646495
C12424,120,3,284.33000000000004,3,-0.5947079601173324,-0.5752060629989663
C12425,18,2,14.37,3,-0.718678525428384,-1.2995832476733147
C12426,238,6,457.01,1,0.04604192300224186,0.1471699016547478
C12427,54,5,6480.16,4,4.303477868087315,4.375180102893078
C12428,93,8,743.7299999999999,1,1.3963521673903867,-0.30703044111271527
C12429,78,6,571.91,1,0.7013161788013101,-0.5289193430193411
C12430,116,5,1343.1399999999999,1,0.7448825321720619,0.3087120150252158
C12431,73,6,1083.86,1,1.0516834450225896,-0.11795854782870943
C12432,32,5,704.19,3,0.6351222051796034,-0.6405932377712026
C12433,23,6,277.29,1,0.7097480456594311,-1.0453132672582999
C12434,130,4,1944.35,4,0.7652245275431738,0.8857694558617628
C12435,8,4,654.56,3,0.3710333510359575,-0.8004939066564111
C12436,172,3,662.0,2,-0.5383577895642921,-0.0027302177173258325
C12437,28,3,980.01,3,0.19064954382378232,-0.4288076656547471
C12438,163,6,842.82,1,0.5686146431048638,0.11240007404590101
C12439,448,3,82.64,0,-1.9160506396089476,0.8395525141219456
C12440,30,5,4368.68,4,3.0203807398998013,2.4644296693948777
C12441,28,4,174.35999999999999,3,-0.013172131521164913,-1.1119291537316596
C12442,484,4,313.81,0,-1.5777083372628014,1.2117874354608862
C12443,198,5,1342.28,1,0.4467094843322862,0.7045281381351043
C12444,164,3,260.36,3,-0.7699586624382139,-0.3827983990536023
C12445,317,4,845.54,2,-0.626534190675456,0.8561382649411439
C12446,120,9,1005.15,1,1.7869896772930587,0.047392513905339245
C12447,83,3,230.68,3,-0.495233405435022,-0.7997365676296402
C12448,67,5,616.3199999999999,3,0.45106989600074154,-0.5460219130458431
C12449,7,5,1681.61,1,1.3601362064664952,0.06928279373733288
C12450,217,2,958.73,2,-0.8281151537187753,0.4654434816259689
C12451,111,5,162.63,3,-0.0030392565612640875,-0.7188619763677011
C12452,87,6,632.0,1,0.7076453601370467,-0.434321377253884
C12453,405,1,42.13,0,-2.4242509302475344,0.5938664259142332
C12454,343,3,149.53,2,-1.4915513364124764,0.38863307380975987
C12455,199,3,322.28000000000003,2,-0.8568076595496409,-0.16091054945772898
C12456,461,3,145.91,0,-1.9221756623129695,0.9561971349763411
C12457,43,2,65.8,3,-0.7760402961219112,-1.1349709514361523
C12458,17,1,1115.96,3,-0.31918288244801984,-0.36975852913369506
C12459,98,3,411.35,3,-0.4324328793108717,-0.5736339657475376
C12460,233,6,293.63,1,-0.041833101573598645,-0.015877372724044853
C12461,81,6,1136.91,1,1.0570736058757688,-0.034180288413872176
C12462,158,5,634.0,3,0.1322629637619942,-0.09092394412756985
C12463,31,4,284.40000000000003,3,0.04734783739053219,-1.003890988071307
C12464,605,1,1.63,0,-3.1764227835970495,1.526630806560047
C12465,8,3,41.839999999999996,3,-0.34556864500628554,-1.3229398087964064
C12466,28,9,843.3,1,2.0158697381659634,-0.535081106723682
C12467,419,4,1247.26,2,-0.7360497807766742,1.690852820294778
C12468,289,5,463.45,2,-0.45387020511038534,0.397622383763009
C12469,241,4,605.1400000000001,2,-0.5066988402962853,0.28427479611235323
C12470,82,3,409.9,3,-0.3753026154784288,-0.652241460425404
C12471,116,3,1572.4899999999998,3,0.2557362633173188,0.5003433913071768
C12472,101,6,3373.99,4,2.436194218616054,1.963982212692665
C12473,81,4,1051.36,3,0.3635790963505192,-0.11020345303400611
C12474,66,6,518.63,1,0.7102945672085245,-0.6322368555045036
C12475,54,6,267.21999999999997,1,0.5907003391532193,-0.9039582872939916
C12476,6,4,54.150000000000006,3,-0.01133215881559131,-1.3204943449757054
C12477,404,3,612.5,2,-1.4125124445195603,1.0771345475311727
C12478,330,2,217.78000000000003,2,-1.719068212460708,0.3821218316060173
C12479,20,3,936.78,3,0.19163188129827666,-0.5042392512313543
C12480,8,4,309.49,3,0.14710687466831177,-1.0937919454912344
C12481,262,3,234.03,2,-1.142731185411957,0.06874411285582803
C12482,26,5,574.1,3,0.5724795305443287,-0.780181058022427
C12483,9,3,134.52,3,-0.2890552093728162,-1.2393289468952768
C12484,386,2,727.69,0,-1.5914212648710984,1.0863410453739426
C12485,387,3,973.34,2,-1.1166516688519925,1.3016255795651526
C12486,92,5,184.79999999999998,3,0.08030710011883362,-0.7919010760931098
C12487,35,2,29.6,3,-0.7704959766470557,-1.2044272705073873
C12488,140,5,621.1700000000001,3,0.189267299204141,-0.1888759411845562
C12489,160,4,348.92,3,-0.3789823176262042,-0.3252148481574306
C12490,69,5,70.95,3,0.08990372215761626,-0.9998964187557715
C12491,0,5,239.87,3,0.44995318311382854,-1.189999901509421
C12492,50,4,575.17,3,0.16707781743773928,-0.6648632823443056
C12493,193,5,406.42,2,-0.14245143720497955,-0.11510147907014201
C12494,38,7,1263.76,1,1.61444608484285,-0.1326531762010273
C12495,200,2,45.92,2,-1.3587648154281227,-0.39262568329131553
C12496,454,3,80.11,0,-1.9394691389264278,0.8664177392177688
C12497,59,3,500.59000000000003,3,-0.23297373193839058,-0.6863845966856699
C12498,306,2,756.5899999999999,2,-1.2823111051238123,0.7240298712974416
C12499,48,4,403.23,3,0.06275959459823217,-0.8206784518788409
C12500,9,6,731.9599999999999,1,1.0556096254839518,-0.7265620311645483
C12501,360,4,1894.54,2,-0.10187239424563438,1.9556988510518343
C12502,196,6,96.33,1,-0.035577425177468626,-0.3625056061593738
C12503,256,5,583.3299999999999,2,-0.25630452960844685,0.3399303762113397
C12504,73,7,385.47999999999996,1,0.917472553344601,-0.7099040987745717
C12505,231,3,569.59,2,-0.8124630633584505,0.20404482205704186
C12506,276,7,317.32000000000005,1,0.13646292759103615,0.2138580211034638
C12507,283,3,58.57,2,-1.3328110128481931,0.02116368431460262
C12508,533,2,384.05,0,-2.3479490415791924,1.5051416651191054
C12509,318,2,59.69,2,-1.7781042384856174,0.18971930028329156
C12510,217,3,200.12,2,-1.0014111344268837,-0.1776955688388937
C12511,115,10,2737.68,4,3.248417883900735,1.4974600217559646
C12512,239,4,1341.1599999999999,2,-0.02181405075347119,0.9001954695675479
C12513,4,5,286.27,3,0.46554575888283267,-1.1312176819308397
C12514,26,4,1277.74,3,0.7101037970902974,-0.1837646817823601
C12515,62,5,632.49,3,0.4797103576503359,-0.5564576510036413
C12516,573,1,4.38,0,-3.05849579813671,1.3742181295450469
C12517,253,2,1119.52,2,-0.8544338348863159,0.7762034875281287
C12518,562,1,1087.18,0,-2.315909803516139,2.241366823442582
C12519,442,1,6.52,0,-2.5816490287921803,0.7425288952291845
C12520,65,4,309.29,3,-0.05990160839560387,-0.8183133487373077
C12521,60,8,781.32,1,1.5405173451953547,-0.43466621548189266
C12522,572,1,20.38,0,-3.044483457980815,1.382981657943186
C12523,201,6,3840.09,4,2.3757156811127826,2.843745749372301
C12524,124,5,380.93,3,0.0914394290584632,-0.47044700468430667
C12525,28,5,1601.05,1,1.2316398913822153,0.10236421318470329
C12526,99,4,542.52,3,-0.03195285646407299,-0.4556536292142246
C12527,52,6,2872.3799999999997,4,2.2885272391021,1.3006693044900108
C12528,165,5,1023.3599999999999,1,0.35952441989704387,0.2738707048996013
C12529,188,7,1573.65,1,1.2711255597457658,0.8561340577115685
C12530,265,5,700.1899999999999,2,-0.2131355590606918,0.48278095641633934
C12531,59,5,134.67999999999998,3,0.1675545764655289,-0.9940874372597557
C12532,516,3,319.28999999999996,0,-2.0092838730862765,1.3695410860842423
C12533,120,2,1605.37,3,-0.05643395146285098,0.5459798068992568
C12534,699,1,2.72,0,-3.5168838266830904,1.9821356470312346
C12535,82,2,152.41,3,-0.8613850004270421,-0.8727536611851163
C12536,132,5,484.13,3,0.12937345866243907,-0.34404291095305145
C12537,59,3,275.27,3,-0.37919077095991655,-0.8778991129005318
C12538,39,7,1443.16,1,1.7272347806571586,0.024666805379459658
C12539,259,5,622.37,2,-0.24185863210864533,0.38762090006779043
C12540,168,2,510.36,2,-0.9412330689796402,-0.1526171948916182
C12541,169,4,162.26,3,-0.532776757711387,-0.4403461868301822
C12542,257,4,518.02,2,-0.6213048858886102,0.2876007325568168
C12543,329,2,437.01,2,-1.5731737098676366,0.5636241099169311
C12544,103,5,256.85999999999996,3,0.0871450788889934,-0.6774571275448102
C12545,87,3,996.0,3,-0.01311165474432689,-0.12989622628118264
C12546,35,5,391.38,3,0.4212418769572146,-0.891963527558455
C12547,270,3,619.12,2,-0.9218701136910898,0.4347453438842936
C12548,214,4,740.1,2,-0.3211239965405107,0.26841592875744685
C12549,167,3,23.68,3,-0.9344359053565516,-0.5694607174249242
C12550,101,7,3466.47,4,2.8151965680199225,2.044241394099393
C12551,255,6,776.3499999999999,1,0.1915707514606348,0.5008092781021489
C12552,82,6,540.0,1,0.6660910005947429,-0.5366980224501058
C12553,137,6,1620.54,1,1.1676666577371444,0.6477017982187496
C12554,506,1,97.19,0,-2.7550953455201554,1.1290955550659625
C12555,58,6,730.66,1,0.876922925367533,-0.49070591929429375
C12556,111,8,2576.55,4,2.5203950041867764,1.337852606742632
C12557,19,5,712.52,3,0.6877106576454807,-0.696380236750114
C12558,7,8,889.86,1,1.8033131643557787,-0.5987156499342285
C12559,46,2,147.97,3,-0.7336060225658411,-1.050621360100796
C12560,77,5,840.6099999999999,1,0.5603240282851414,-0.30702346084665005
C12561,354,2,299.79,2,-1.7529562350943204,0.567890171980768
C12562,112,9,2612.9,4,2.8593434291282795,1.3752390926302265
C12563,53,5,537.78,3,0.45091519952192566,-0.6804814668993955
C12564,191,3,191.52,2,-0.9126262160284316,-0.3107397278103299
C12565,96,5,361.93,3,0.18073437103821968,-0.6220026985846115
C12566,85,5,1147.08,1,0.7301661775496249,-0.007846618531181324
C12567,140,7,3616.09,4,2.7707409797663907,2.3600150915344273
C12568,121,9,1979.86,1,2.415879355284759,0.8806995800359851
C12569,16,4,1129.87,3,0.6504409399790955,-0.35780867219769175
C12570,15,5,263.89,3,0.4110987333693385,-1.0970445966495894
C12571,370,2,81.18,0,-1.9528901630803095,0.45945397573797697
C12572,139,2,63.61,3,-1.1258887331683374,-0.6725821216681714
C12573,411,2,498.65999999999997,0,-1.8307821069474464,1.0125716568178325
C12574,389,3,307.88,2,-1.5557479164395482,0.7456785625280328
C12575,22,6,3157.02,4,2.5821223650320593,1.3975256451269977
C12576,12,4,113.25999999999999,3,0.005249423019452994,-1.2412371671926636
C12577,31,5,1553.83,1,1.1901090367694798,0.07673660208334289
C12578,198,2,70.49000000000001,2,-1.3355616893500013,-0.38141387971479773
C12579,211,2,104.56,2,-1.3606354850853941,-0.28958828901073935
C12580,393,3,83.51,2,-1.7158662747015159,0.5743152754693951
C12581,29,8,1299.57,1,1.9893385955057519,-0.1440850741517375
C12582,33,4,415.84,3,0.12538437160776086,-0.8824994733685749
C12583,41,4,461.78,3,0.12616063601391772,-0.8047644778019878
C12584,214,5,1009.62,2,0.17276502332479426,0.4991532299523836
C12585,271,1,8.16,2,-1.9599486917938365,-0.08302292957518667
C12586,330,3,140.07999999999998,2,-1.4505008697170712,0.3177336653762941
C12587,265,5,1098.41,2,0.04528157780754926,0.8212547299254923
C12588,458,2,134.03,0,-2.237985854234678,0.9299374559866669
C12589,241,3,314.81,2,-1.0140921055993586,0.03584968610137134
C12590,71,6,1074.97,1,1.0531733537846262,-0.13518663291076274
C12591,138,5,814.87,1,0.322224054830064,-0.03390925509685616
C12592,137,1,30.07,3,-1.459384212347227,-0.7124161410645773
C12593,9,7,217.70999999999998,1,1.040886322102757,-1.1620031978096717
C12594,3,5,869.6800000000001,1,0.8477678012897657,-0.6401744995052071
C12595,260,2,170.54000000000002,2,-1.4956621355596675,0.0034535882196071693
C12596,150,4,212.19,3,-0.4314160880398213,-0.48979020857705124
C12597,38,9,471.37,1,1.7382184780954273,-0.8028498516557909
C12598,11,6,370.13,1,0.8135481708934933,-1.0244336329774602
C12599,105,4,127.99000000000001,3,-0.32273075608720175,-0.7789747199382269
C12600,218,5,4283.46,4,2.282742120750259,3.301152253243436
C12601,46,5,462.97,3,0.42777485835323936,-0.7779190633995614
C12602,251,2,34.32,2,-1.551394402199455,-0.1558523489617804
C12603,52,4,427.41999999999996,3,0.06393942211289527,-0.7807739946166634
C12604,35,5,573.07,3,0.5391460746308391,-0.7375330622154838
C12605,224,5,834.6899999999999,2,0.02295308815768711,0.3988279418564535
C12606,46,5,175.89,3,0.2414798665091968,-1.0219275283159583
C12607,99,4,1029.78,3,0.28424505953818474,-0.04149881308226288
C12608,157,3,1077.85,3,-0.21405824415852645,0.27818936756766466
C12609,553,2,81.68,0,-2.616755198514098,1.3448560115929817
C12610,14,4,934.14,3,0.5306846585636871,-0.533844551570464
C12611,358,2,49.8,2,-1.9297001948995667,0.3747507358655674
C12612,96,6,189.2,1,0.38763384045407556,-0.7671632084851067
C12613,201,3,235.82,2,-0.9201730994261036,-0.224726797417958
C12614,51,4,240.5,3,-0.05372923168757479,-0.9444857264276482
C12615,344,3,84.09,2,-1.5376468046050484,0.3378471875132417
C12616,37,4,422.55999999999995,3,0.11522738183276456,-0.8574439358573012
C12617,280,2,557.88,2,-1.3168943799100858,0.4293985266451631
C12618,403,3,474.71999999999997,2,-1.4982926494583324,0.955190183582776
C12619,227,2,633.1,2,-1.0757209277840893,0.2370281988842919
C12620,265,3,203.82999999999998,2,-1.173217241497503,0.05758293645168475
C12621,366,8,2407.49,4,1.4851768397525764,2.427321967140429
C12622,443,1,69.67,0,-2.5442985132825595,0.8010402379406066
C12623,96,5,3030.2799999999997,4,1.9123082928964155,1.6460061747596402
C12624,7,4,2962.8900000000003,4,1.8726087351303153,1.1566739842253713
C12625,19,6,848.15,1,1.0947143617172823,-0.5794449885287608
C12626,94,3,1169.04,3,0.07377313761859212,0.05103360760486075
C12627,46,2,769.24,3,-0.3304449191000884,-0.5225624949809342
C12628,51,2,270.93,3,-0.6719607721656179,-0.921929743210929
C12629,638,1,47.24,0,-3.266596936874275,1.7249838175219658
C12630,55,6,700.02,1,0.867928044767167,-0.5312567221485925
C12631,129,5,1655.04,1,0.9001011203854997,0.6366838778754446
C12632,144,4,285.53999999999996,3,-0.362040324815433,-0.45646078589044714
C12633,301,4,379.51,2,-0.8708840972167949,0.3826532008371255
C12634,13,5,1244.89,1,1.054958537200691,-0.2728990599673536
C12635,196,3,74.69999999999999,2,-1.0065815408837626,-0.38585314686045746
C12636,328,4,578.36,2,-0.8398394229725005,0.6822394810168279
C12637,21,4,541.62,3,0.25056027025460975,-0.8336219331578687
C12638,108,1,87.72,3,-1.316719290336485,-0.8036578209976354
C12639,333,5,519.11,2,-0.5774465650857842,0.6577129028752
C12640,36,7,1102.47,1,1.5170389727151272,-0.2794161994649774
C12641,470,2,527.17,0,-2.0264186946130636,1.3221246803517468
C12642,40,5,1514.1100000000001,1,1.1316684565894235,0.08649938294108948
C12643,445,2,1547.3500000000001,0,-1.2736564215857114,2.068345291628379
C12644,353,3,767.48,2,-1.1268391907195292,0.9622294509740809
C12645,93,5,929.24,1,0.5597675327018403,-0.15431586176787954
C12646,171,6,396.93,1,0.2502273787432366,-0.22790409473135856
C12647,76,2,315.96,3,-0.7334756985920484,-0.7627572344039776
C12648,299,2,21.09,2,-1.7341933933506026,0.06502771897445866
C12649,338,4,778.7,2,-0.7461271781573244,0.9008812286920288
C12650,657,2,13.74,0,-3.038306427999362,1.7900470466025098
C12651,338,2,131.66,2,-1.8039897208806772,0.34761021341734666
C12652,178,5,2688.0299999999997,4,1.3925968332354133,1.7516521368070763
C12653,89,5,242.8,3,0.1288334264191781,-0.7571108230389879
C12654,155,9,906.29,1,1.5958056210041023,0.13262270365288342
C12655,209,5,1159.98,1,0.2884854799428715,0.6027745350039602
C12656,88,3,1820.14,3,0.5180685453249908,0.5754313408858927
C12657,173,8,894.65,1,1.2039327051260176,0.20812176041699204
C12658,154,4,564.77,3,-0.2171339462863915,-0.1707651584700374
C12659,248,6,935.41,1,0.3201958058003998,0.6021534138368921
C12660,49,7,1238.89,1,1.5583832221770233,-0.10059650821684338
C12661,34,6,3997.61,4,3.084053514136107,2.170030507874556
C12662,43,3,176.05,3,-0.3855064502534037,-1.0396078602427292
C12663,139,2,129.78,3,-1.0829489964736172,-0.6163398194405068
C12664,260,3,453.01,2,-0.9933694646410661,0.2451979592928612
C12665,11,8,1269.34,1,2.0350515387990677,-0.25682649328460966
C12666,125,7,3275.3900000000003,4,2.604092092402161,1.997892304893474
C12667,7,5,100.17999999999999,3,0.33389791417192866,-1.2748801805999168
C12668,36,9,1369.98,1,2.3286128911714825,-0.04873307846966052
C12669,123,5,327.86,3,0.06063013382816554,-0.5203906821931464
C12670,192,7,1691.19,1,1.3328830572083228,0.9753829144440876
C12671,232,4,697.5,2,-0.4140985542130994,0.31925426686809116
C12672,10,6,1214.8,1,1.365309817484537,-0.3113281280491879
C12673,239,2,48.19,2,-1.4988403251259195,-0.20209459176902736
C12674,74,5,2178.59,4,1.4394685225544759,0.8157072789139296
C12675,81,9,1238.43,1,2.079920785879194,0.0570710988183907
C12677,177,3,771.2099999999999,2,-0.48563533468397824,0.11427435586544743
C12678,683,2,177.83,0,-3.0261891300057626,2.0552525411244917
C12679,116,5,685.8299999999999,3,0.31833397048539763,-0.24997965306102105
C12680,109,3,354.6,3,-0.509183648971223,-0.5686742389000916
C12681,202,6,753.61,1,0.36917496364988056,0.22517620398761237
C12682,419,5,2678.3,4,0.5115850901639141,2.9088435427301125
C12683,286,2,468.36,2,-1.3967633506658872,0.38232514102941706
C12684,577,2,311.69,0,-2.5546014948243223,1.6564194362913591
C12685,61,4,432.86999999999995,3,0.03481103637897004,-0.7326182140366317
C12686,35,10,592.8399999999999,1,2.146921677579089,-0.7124579536559437
C12687,255,2,96.9,2,-1.525302129593205,-0.08331766678619726
C12688,32,3,634.4,3,-0.04814515835337193,-0.7032209258444422
C12689,212,4,1657.21,2,0.28127563232596836,1.0382570874840307
C12690,281,4,1754.8400000000001,2,0.09419861833934481,1.4549192170381038
C12691,70,2,297.67,3,-0.7235679340181689,-0.8073187679837056
C12692,61,5,287.85,3,0.2596923722571307,-0.8542261442978855
C12693,56,6,993.5300000000001,1,1.0547662094379748,-0.2769470306210175
C12694,106,5,835.38,1,0.4516760474492103,-0.17122652199302094
C12695,555,1,177.35,0,-2.880920160323715,1.4341899613213704
C12696,100,7,773.62,1,1.0713532976953424,-0.2494276056785227
C12697,387,3,421.78,2,-1.474575821358263,0.8328178990952909
C12698,276,1,400.92,2,-1.7232219700284097,0.274989726169508
C12699,395,3,768.51,2,-1.2786077268114846,1.16621440421393
C12700,327,6,1217.65,2,0.216623358554176,1.224087313522851
C12701,289,2,108.8,2,-1.640981183655968,0.09121890399804605
C12702,70,5,346.70000000000005,3,0.2652168796696172,-0.7606821373470317
C12703,61,4,481.84,3,0.06658916704151278,-0.6909953405276588
C12704,314,3,424.24,2,-1.2080295419979867,0.4818851844394479
C12705,58,9,880.05,1,1.9308344123919083,-0.35876662201762544
C12706,20,1,95.6,3,-0.9922140448603637,-1.2225228183343397
C12707,433,3,188.92000000000002,0,-1.79264053486488,0.8573478814740637
C12708,35,9,2034.01,1,2.763151717201332,0.5108344262409097
C12709,4,3,905.36,3,0.22931369555023365,-0.6083202504847552
C12710,622,3,221.26,0,-2.4576203254692914,1.7988285008586964
C12711,132,8,399.15999999999997,1,1.0312015741925626,-0.41130182963641804
C12712,148,3,351.99,3,-0.6524259399153588,-0.38229098529333927
C12713,3,7,438.32,1,1.2058236030189164,-1.003507666221059
C12714,386,1,505.43,0,-2.0546418253712457,0.8957731744839693
C12715,593,1,22.21,0,-3.1195143823097977,1.486091840886662
C12716,50,3,534.62,3,-0.17822556677711832,-0.7009836885555881
C12717,170,5,430.65999999999997,3,-0.043243990922976254,-0.2057249082581443
C12718,149,3,107.39,3,-0.814783811405892,-0.5853569209643233
C12719,248,2,368.69,2,-1.3235231306018482,0.11384322473099483
C12720,20,6,579.64,1,0.9168405599808559,-0.8028336300522984
C12721,54,5,616.0400000000001,3,0.4980710561446974,-0.6091271260519598
C12722,139,5,4442.84,4,2.672895292178474,3.0545806855777475
C12723,143,5,495.83000000000004,3,0.09704198742665487,-0.28090295760592826
C12724,13,3,280.33,3,-0.20895244432132545,-1.0960515291233732
C12725,270,5,232.0,2,-0.5351056229582452,0.10901470777977462
C12726,166,3,234.41,3,-0.7940573127212425,-0.39518315679475935
C12727,34,4,315.88,3,0.056887819680841646,-0.962626213116793
C12728,320,7,2505.98,4,1.397055501722307,2.286927694690626
C12729,113,3,464.31,3,-0.45250727797563994,-0.45608062210172123
C12730,128,4,284.42,3,-0.3046959138905122,-0.5347877915289434
C12731,9,7,572.9100000000001,1,1.2713864652788887,-0.8600949954329674
C12732,155,6,983.8,1,0.6891364833228131,0.19354087011291035
C12733,212,4,131.13,2,-0.7090443521848177,-0.25886022524975466
C12734,59,4,346.58000000000004,3,-0.013926282003792522,-0.815633728352798
C12735,126,5,581.7,3,0.21446632061353313,-0.2901272927102431
C12736,93,5,223.24,3,0.10162254091594776,-0.7543924126630176
C12737,10,7,1742.43,1,2.026694310196665,0.13879410027258193
C12738,59,6,1393.91,1,1.303696683895162,0.07787049167799572
C12739,3,9,751.44,1,2.0469952453780405,-0.7340575601176297
C12740,108,2,81.7,3,-1.0016366033843314,-0.8071203680089966
C12741,88,3,619.61,3,-0.2609920878035043,-0.44497928467521236
C12742,343,3,859.5500000000001,2,-1.030797643681854,0.9921264911844992
C12743,144,5,994.1,1,0.41675517832703657,0.14744593301695622
C12744,300,2,549.13,2,-1.395161538986388,0.5186801208156835
C12745,24,10,1506.8899999999999,1,2.7800006362734995,0.011258845109077676
C12746,115,4,997.94,3,0.20551189658881217,0.008813287290647408
C12747,77,9,1022.69,1,1.9544383051399028,-0.14564449629642673
C12748,26,2,410.12,3,-0.4908998536898998,-0.924521370706404
C12749,189,4,283.26,2,-0.526845173608908,-0.2407814021799959
C12750,12,7,488.40000000000003,1,1.2056569892161588,-0.9174178679831659
C12751,476,1,142.6,0,-2.6167438830249545,1.0226143414952384
C12752,223,4,172.49,2,-0.7221285423209282,-0.17051025703074787
C12753,299,2,42.19,2,-1.7205009580436872,0.08296201815843504
C12754,83,2,98.07000000000001,3,-0.9002773391453601,-0.9141049161573624
C12755,16,4,675.55,3,0.3556187973896243,-0.7439655823997867
C12756,20,5,985.63,1,0.861310638417659,-0.459409867656336
C12757,28,4,283.88,3,0.05789874595814237,-1.018840791332176
C12758,61,3,180.12,3,-0.4481954176049618,-0.949101572230844
C12759,151,3,2310.4900000000002,4,0.6076162549404617,1.2968767855619527
C12760,472,1,7.49,0,-2.689903090835498,0.8884315683332187
C12761,33,4,194.34,3,-0.018353752585688388,-1.0707671164610297
C12762,318,3,60.64,2,-1.458498505368099,0.19218102177014443
C12763,52,7,4848.25,4,3.8897189597235777,2.981747430925626
C12764,185,4,334.09000000000003,2,-0.47934222876694554,-0.21692135115867023
C12765,131,9,1246.34,1,1.9035812856110201,0.3055913449648211
C12766,87,4,108.67,3,-0.2699379801304522,-0.8824430014361616
C12767,7,1,37.21,3,-0.982922240910003,-1.3350196012731996
C12768,183,7,1774.22,1,1.4194288209496355,1.0024321950867212
C12769,496,4,213.21,0,-1.686544163823009,1.184312058920916
C12770,180,3,2657.38,4,0.7274697110842024,1.7319640290914966
C12771,1,2,832.03,3,-0.12637328071317935,-0.6868103884723136
C12772,36,4,637.68,3,0.2584547797286121,-0.6794350210367259
C12773,70,8,1122.1299999999999,1,1.725384869041925,-0.09662963338142275
C12774,8,11,1006.5,1,2.832342723954552,-0.4897768247207044
C12775,102,7,1521.03,1,1.5491116032870134,0.3955179501784279
C12776,611,2,264.8,0,-2.708431177877302,1.7809864597283995
C12777,183,4,318.90999999999997,2,-0.48193409337365317,-0.23949572732447788
C12778,208,5,2508.17,4,1.1669966538200807,1.743855316004074
C12779,180,10,4481.49,4,4.144115220769706,3.2939767143293217
C12780,184,8,1101.15,1,1.2980129115104768,0.4368352436711591
C12781,32,4,1098.3000000000002,3,0.5718829882872049,-0.3072670807925692
C12782,103,7,1269.08,1,1.381984092009474,0.1862047586305609
C12783,283,3,1029.1799999999998,2,-0.7029524994242484,0.8461499464453814
C12784,15,6,2400.4900000000002,4,2.116593066639182,0.7206486912950564
C12785,512,4,363.9,0,-1.6468280274088136,1.3897685967370128
C12786,12,6,1086.26,1,1.2746373786642355,-0.4109109783630534
C12787,227,6,1796.09,1,0.954935847502258,1.2321480834607896
C12788,117,3,318.42,3,-0.5616975640628813,-0.5607385157973979
C12789,52,2,134.07,3,-0.7644028626150575,-1.0334202573614568
C12790,230,3,453.78999999999996,2,-0.883979774077033,0.10078272806427555
C12791,137,7,554.0300000000001,1,0.7945649504413929,-0.2571420256464147
C12792,51,3,377.6,3,-0.28375009778520327,-0.8296095331112802
C12793,55,9,4403.61,4,4.228268610836046,2.621634525824251
C12794,465,4,1970.1200000000001,0,-0.43391855724417894,2.52771305936123
C12795,124,5,227.21999999999997,3,-0.008307690895374751,-0.6010953993558247
C12796,23,3,953.7800000000001,3,0.19177534874289254,-0.47528199533769233
C12797,358,1,205.66,0,-2.1475471232551224,0.5055723060867409
C12798,192,3,140.73,2,-0.9492148511761548,-0.34907360069238086
C12799,58,5,324.25,3,0.2942017979589266,-0.8377951738207253
C12800,4,7,876.11,1,1.4862894722433622,-0.6265647668136672
C12801,475,2,709.44,0,-1.9262853713193255,1.5012278273175215
C12802,245,4,520.16,2,-0.5763627645567865,0.23138837935013656
C12803,204,5,1051.4299999999998,1,0.23619131924751316,0.4863309394999271
C12804,95,6,382.36,1,0.5166107227413989,-0.6078195642844425
C12805,424,2,133.08,0,-2.115201010285151,0.7647080215088
C12806,49,7,268.49,1,0.9286609841755641,-0.9254042773225687
C12807,102,3,39.3,3,-0.6883853061095827,-0.8705203477582913
C12808,38,9,824.25,1,1.9672131023183814,-0.5029135722225383
C12809,2,7,432.75,1,1.2058385104937603,-1.0130779213963026
C12810,40,9,875.81,1,1.9934130615443113,-0.4494174043831258
C12811,95,6,1067.3,1,0.9610892364437066,-0.02564331390184215
C12812,18,4,158.57999999999998,3,0.012882252111257278,-1.1737010313881542
C12813,29,2,80.88000000000001,3,-0.7154421113953512,-1.1898566147871512
C12814,169,4,100.14999999999999,3,-0.5730818362380466,-0.4931376239068069
C12815,34,3,375.41,3,-0.22347059176074102,-0.9136819433881529
C12816,280,4,289.52,2,-0.8530628931085547,0.2046099460424947
C12817,116,6,2845.2400000000002,4,2.038630410359542,1.587101377271611
C12818,49,4,572.1800000000001,3,0.1687669658174098,-0.6722406232117453
C12819,119,2,224.16,3,-0.9491139115522356,-0.6328387577283773
C12820,542,2,526.21,0,-2.2883621272748043,1.6694964050091574
C12821,21,4,745.36,3,0.3827733872892524,-0.6604497001842491
C12822,184,5,1450.54,1,0.5677750208075847,0.7288423799008321
C12823,31,6,462.40999999999997,1,0.8008424686445688,-0.8492798944203452
C12824,197,5,288.35,2,-0.23358847446575703,-0.19611329678012074
C12825,60,4,1291.95,3,0.595923772674879,-0.007264687722525074
C12826,197,2,131.88,2,-1.2920943900196569,-0.33407035890145986
C12827,140,5,1351.65,1,0.6632981116683886,0.4320077966311386
C12828,460,3,122.75999999999999,0,-1.9335689544919443,0.9316844637037371
C12829,152,5,441.34999999999997,3,0.029023191837590032,-0.2836856865091057
C12830,315,2,715.51,2,-1.341634230897111,0.7326366973262685
C12831,48,7,607.19,1,1.1520832235514407,-0.6423564670917651
C12832,83,5,2904.57,4,1.8779140899813003,1.47628962778925
C12833,301,3,153.28,2,-1.3366809121325087,0.18871096180684957
C12834,86,7,232.92000000000002,1,0.7712888428542488,-0.7767078093361786
C12835,209,4,1009.4,2,-0.12821973634875916,0.47313228333234875
C12836,42,3,202.91,3,-0.3644467239632392,-1.021613692548951
C12837,99,5,3054.5699999999997,4,1.9171824642930413,1.6811596885230264
C12838,243,7,558.25,1,0.41258165019734044,0.25905449299351746
C12839,33,3,33.25,3,-0.4418792293074462,-1.2093425190531903
C12840,127,4,1398.81,3,0.42209528961907405,0.40757075491127887
C12841,179,9,2367.33,4,2.4568123406119904,1.4905207408844647
C12842,173,2,1367.75,2,-0.402993730311268,0.6003155286185269
C12843,47,2,53.43,3,-0.798585370731458,-1.1261412798690544
C12844,45,6,840.22,1,0.9952026207774414,-0.4604507805294163
C12845,67,4,2856.4500000000003,4,1.585769514429297,1.3563599301699618
C12846,47,7,620.27,1,1.164200686404198,-0.6360748417086597
C12847,89,4,1154.4799999999998,3,0.4014612115078337,0.016132643354371357
C12848,102,2,168.28,3,-0.9236754885433321,-0.7625458847440035
C12849,42,10,1108.92,1,2.4564156172256237,-0.2399555135105968
C12850,139,7,1248.46,1,1.2379429137316238,0.34277228988982145
C12851,59,2,53.69,3,-0.841970058663443,-1.0678890063760451
C12852,142,3,98.4,3,-0.7952115415840013,-0.6268497036119143
C12853,58,9,990.79,1,2.0026969851828,-0.26464130013925774
C12854,338,4,242.69,2,-1.0939604600938064,0.44529053174400746
C12855,190,5,417.26,2,-0.1245286772114661,-0.12039565964238662
C12856,499,2,77.14,0,-2.423710998885772,1.0798563928057197
C12857,40,7,732.79,1,1.2626245113987569,-0.5742881601929812
C12858,8,1,10.16,3,-1.0041052640109882,-1.353175262656312
C12859,333,2,278.96999999999997,2,-1.6902485025415617,0.44863911977171317
C12860,133,4,252.03,3,-0.34386202960068324,-0.5381385148395859
C12861,252,4,152.99,2,-0.8400367625800672,-0.04684234421291716
C12862,34,2,210.22,3,-0.64965668387389,-1.0557422098027924
C12863,197,5,1212.68,1,0.36623753156463107,0.5895365024959459
C12865,217,2,118.19,2,-1.373567266177294,-0.24898760065363365
C12866,41,9,1244.58,1,2.229089741911728,-0.13113921254341462
C12867,53,3,110.33,3,-0.464448676422016,-1.0471082756428263
C12868,299,3,808.9100000000001,2,-0.903963652178459,0.73630280533788
C12869,102,7,1272.99,1,1.3881508614136808,0.1846921885863174
C12870,202,4,270.25,2,-0.5824706212044709,-0.18897224775942642
C12871,176,5,801.09,1,0.17536266009448173,0.1381439293332183
C12872,36,4,1670.8500000000001,3,0.9289103904416868,0.19872516322436465
C12873,158,5,1319.95,1,0.5773968973534007,0.4921107727088608
C12874,626,1,9.14,0,-3.2477677822130806,1.6345688008478347
C12875,254,5,189.14,2,-0.504847574578853,-0.004789911505128337
C12876,28,2,405.56,3,-0.5011178787968658,-0.9187253388956532
C12877,628,4,284.53,0,-2.1193499433444445,1.883275793511556
C12878,157,4,242.26,3,-0.4373089011664618,-0.43038012608120313
C12879,36,2,464.8,3,-0.4917108376332692,-0.829685785075659
C12880,176,2,847.1899999999999,2,-0.7516893872071968,0.1723646390459133
C12881,80,5,534.72,3,0.3509342996989544,-0.5525119804749868
C12882,429,4,800.03,2,-1.0625655137671501,1.3590815763790942
C12883,374,5,311.38,2,-0.8610563989167423,0.6794228496984698
C12884,330,1,2.36,2,-2.177850087771315,0.19736773353208184
C12885,413,1,7.66,0,-2.4756551740418073,0.6032555922209363
C12886,35,8,638.78,1,1.5387550504475043,-0.6767189855888229
C12887,16,5,636.79,3,0.6494554970456446,-0.7752560419838204
C12888,79,5,358.81,3,0.24041037162024445,-0.7068655779724368
C12889,192,3,630.51,2,-0.6313816301040664,0.06722313174022636
C12890,537,2,231.17,0,-2.4616753524434642,1.3945425035894954
C12891,88,4,850.49,3,0.20782225432439716,-0.24708470009017383
C12892,85,10,3907.7799999999997,4,4.116615084089527,2.346927952698346
C12893,23,5,1152.29,1,0.9585730569538848,-0.30324658257433645
C12894,126,4,339.81,3,-0.26149274723612853,-0.49738001160881634
C12895,67,5,820.74,3,0.5837242858320052,-0.37227170265776366
C12896,100,10,934.37,1,2.132636636145621,-0.10783268571323006
C12897,123,5,353.81,3,0.07746988246392175,-0.4983340440972134
C12898,550,2,57.99,0,-2.621240011560764,1.3102124779011777
C12899,103,4,864.98,3,0.16278349612138077,-0.16222957870064073
C12900,81,3,907.9000000000001,3,-0.04850573418825642,-0.23379394118950772
C12901,80,5,298.91,3,0.19790997885896677,-0.7529426482746787
C12902,105,7,1274.95,1,1.378534412885974,0.20086594401898378
C12903,53,3,115.75,3,-0.4609314726607136,-1.0425014556628664
C12904,152,2,53.63,3,-1.1795479210966038,-0.6181975678861115
C12905,155,2,406.42,3,-0.961500053097052,-0.30382996493143194
C12906,186,6,1637.42,1,1.0007775156245038,0.8990103062579471
C12907,206,1,6.98,2,-1.7248001263457386,-0.39836200191285726
C12908,47,4,327.51,3,0.017252021656956457,-0.8898738770899116
C12909,105,5,225.19,3,0.059334545669682444,-0.6947036953017183
C12910,144,4,553.28,3,-0.18829565045175758,-0.22889067861471873
C12911,212,6,1656.86,1,0.9190270047486567,1.0412681051893027
C12912,60,5,674.6200000000001,3,0.5143087047706106,-0.5303204306654823
C12913,38,1,1007.06,3,-0.466069890262062,-0.3607651684007275
C12914,1,6,3787.7,4,3.067608372582706,1.8320279539776916
C12915,102,4,1710.68,3,0.7152135412131888,0.5517513920171814
C12916,18,5,1159.8400000000001,1,0.9816197369757252,-0.3210090342271999
C12917,95,4,52.55,3,-0.3353915710524373,-0.8914556160457185
C12918,259,6,365.71,2,-0.08942390654631623,0.1711226778207954
C12919,260,6,1245.85,1,0.47809640618590504,0.9240483850022159
C12920,147,4,384.87,3,-0.3084704024505162,-0.357525764507838
C12921,74,5,462.78000000000003,3,0.3260269384806056,-0.6426742321220295
C12922,5,7,1474.04,1,1.8706750850720473,-0.11350818630096776
C12923,34,6,783.01,1,0.9980012611687835,-0.5622727223060546
C12924,21,7,679.5699999999999,1,1.2970479914064208,-0.7114062559127023
C12925,62,6,159.64000000000001,1,0.4918527804163589,-0.956710192709588
C12926,151,4,518.35,3,-0.23636895149069698,-0.22472843720694993
C12927,170,3,667.24,2,-0.5276984916607051,-0.007948272113616843
C12928,58,7,1876.17,1,1.9392686468681413,0.4845937867428982
C12930,220,5,321.03,2,-0.295858791948252,-0.057109758134680506
C12931,52,3,602.1,3,-0.14169463266559176,-0.633956049483526
C12932,157,1,218.92,2,-1.4094226881701408,-0.4551811099862962
C12933,11,5,1933.1699999999998,1,1.5088633806983798,0.3024441991256117
C12934,124,5,1602.5,1,0.8841535616588778,0.5678469220536168
C12935,84,3,542.78,3,-0.29633162122129686,-0.5296259935508744
C12936,526,3,667.48,0,-1.8196272415352024,1.7138504230651745
C12937,259,2,21.740000000000002,2,-1.5885935555260324,-0.12785740971018403
C12938,111,9,2871.73,4,3.03093558281869,1.5904000556655702
C12939,29,7,886.3700000000001,1,1.4022112294367683,-0.4969456031549083
C12940,38,6,387.98,1,0.727136409566617,-0.8786913410584094
C12941,214,6,1006.52,1,0.489742587580085,0.49817258595605607
C12942,5,4,530.62,3,0.30149324701686114,-0.9203466106417529
C12943,634,2,426.5,0,-2.6869764715067994,2.0296527130997473
C12944,165,6,1366.3999999999999,1,0.9011228162440752,0.5670975641990855
C12945,96,7,332.65999999999997,1,0.7997186709928515,-0.6435727203296049
C12946,26,7,583.24,1,1.2163892542022128,-0.7691038555182952
C12947,16,5,1193.19,1,1.0105204735749231,-0.3023345222698617
C12948,20,4,207.31,3,0.037245737786543776,-1.122610269553038
C12949,11,6,1250.86,1,1.3850808034934778,-0.2758423855697054
C12950,51,5,483.61,3,0.42302153147367144,-0.7361960480501909
C12951,42,6,230.54,1,0.6104509752426516,-0.9931663511320448
C12952,189,4,284.23,2,-0.5262157109431399,-0.2399569343976046
C12953,77,7,550.87,1,1.0102813792164427,-0.5499843313333665
C12954,507,1,17.66,0,-2.8103342456309472,1.0663336367551206
C12955,638,1,9.93,0,-3.2908085369359346,1.6932715567374084
C12956,244,6,609.35,1,0.12312330311518806,0.3056694828938148
C12957,278,2,31.12,2,-1.6514661523040837,-0.028001857887407472
C12958,257,4,278.51,2,-0.7767302498866826,0.0840251876490342
C12959,49,7,912.74,1,1.3467345124447727,-0.3778131754611059
C12960,76,3,438.27,3,-0.3351157498893514,-0.6571435437717509
C12961,310,2,1346.78,2,-0.9138365674805161,1.2450155294188943
C12962,48,6,662.53,1,0.8690057929659729,-0.5969735581963413
C12963,110,6,508.06,1,0.5437395347034095,-0.4284396366271356
C12964,66,11,5784.85,4,5.722652028733398,3.8521464973097075
C12965,24,7,2106.14,4,2.2119045411054845,0.5156386824813276
C12966,55,5,408.03,3,0.35945755469587204,-0.7810927770242853
C12967,173,3,1007.52,2,-0.31776874525781273,0.2957862463485723
C12968,279,2,12.620000000000001,2,-1.667100818918143,-0.03889030325047272
C12969,11,4,804.97,3,0.4577506475941087,-0.6581425818464313
C12970,58,5,1395.24,1,0.9891999633311264,0.07251075428576746
C12971,5,9,798.8399999999999,1,2.0704956533775833,-0.6840972541078543
C12972,35,8,2468.61,4,2.7261876996253793,0.8785757383834869
C12973,371,1,255.58,0,-2.162335369245747,0.610869870348431
C12974,306,2,86.09,2,-1.717419061203757,0.15412714130425456
C12975,190,6,564.79,1,0.2901973008012028,0.006654193332014836
C12976,42,4,1668.3100000000002,3,0.9054854018183736,0.2255818886523282
C12977,123,7,336.79,1,0.7044035820635637,-0.5094919727140685
C12978,90,6,676.34,1,0.7255305897281586,-0.3821260294317899
C12979,118,6,521.4200000000001,1,0.5233736407067556,-0.3783965589474656
C12980,72,3,177.92,3,-0.4895470239481453,-0.8977761572087101
C12981,31,3,149.23,3,-0.35935735861296736,-1.1204352515711136
C12982,47,2,365.97,3,-0.5957686062374595,-0.8604926605818497
C12983,215,5,242.5,2,-0.32867205653396075,-0.14803735072388044
C12984,280,2,849.6600000000001,2,-1.1275494143246922,0.6774018354556213
C12985,22,5,494.81,3,0.5355436278917014,-0.8669186851915764
C12986,222,3,1748.35,2,-0.014864591614933595,1.1624282090910774
C12987,69,5,287.3,3,0.23029985384724488,-0.8160061046110646
C12988,351,2,89.56,2,-1.8784925591434518,0.3746938340340359
C12989,46,6,612.64,1,0.8438895478140978,-0.6490502815031833
C12990,31,10,362.35,1,2.0118674707366218,-0.9277105588638249
C12991,84,3,192.33,3,-0.5237493441269144,-0.8274968536942188
C12992,110,2,110.57000000000001,3,-0.9901608790927103,-0.7729099465432535
C12993,18,6,464.01,1,0.8490636182850649,-0.9107871698688377
C12994,159,6,523.48,1,0.37590295393920037,-0.17837208009545505
C12995,122,4,210.44,3,-0.3309270934987239,-0.6266839754193658
C12996,362,2,48.75,2,-1.944899375306541,0.39320203144985066
C12997,478,3,92.91,0,-2.0182696472278896,0.9933598783355045
C12998,151,3,68.38,3,-0.8473574951063764,-0.6088422449302544
C12999,163,4,716.49,3,-0.15134325560597886,0.0017152638938921565
C13001,388,2,421.46,0,-1.7974021790319599,0.8357275968609876
C13002,167,1,31.57,2,-1.567294341181413,-0.566062985563979
C13003,167,3,408.41999999999996,3,-0.6847663527507382,-0.24244449619065314
C13004,212,4,614.33,2,-0.3954810943506203,0.15184372573116714
C13005,99,8,1824.66,1,2.0760239978184347,0.6407397979106525
C13006,310,4,108.26,2,-1.0795715753404602,0.19562317173913354
C13007,191,3,142.98000000000002,2,-0.9441253065401698,-0.3519971156013355
C13008,5,7,1151.3,1,1.6612392286287343,-0.387826466805071
C13009,345,6,1058.79,2,0.04820413127106606,1.1761085130965705
C13010,61,9,1189.32,1,2.1206408214077177,-0.08138957358838003
C13011,256,2,615.9599999999999,2,-1.1920976718667202,0.3627020333170128
C13012,36,4,152.41,3,-0.056451764412946075,-1.0918984032646064
C13013,614,2,22.130000000000003,0,-2.8767955149894036,1.5892328403091145
C13015,6,2,134.36,3,-0.597259934858646,-1.2556270151533773
C13016,208,2,34.78,2,-1.3950295087147968,-0.3634067918679217
C13017,53,3,28.07,3,-0.5178297062014885,-1.1170265434567557
C13018,16,3,389.03999999999996,3,-0.14929555308537232,-0.9891438192883614
C13019,24,5,790.24,3,0.7199982884587439,-0.60614111725755
C13020,50,6,145.23000000000002,1,0.5260551005951281,-1.0269894962240793
C13021,104,5,448.31,3,0.20775338823165915,-0.5098950461933793
C13022,2,6,1294.66,1,1.4461690204532605,-0.2821373019406924
C13023,450,1,8.8,0,-2.6092050736514225,0.7831543409203018
C13024,705,1,109.45,0,-3.469400170472913,2.1018682431621896
C13025,136,4,1262.03,3,0.3006695070272063,0.3348357595227334
C13026,173,5,181.9,3,-0.21556031528716896,-0.4026548254039893
C13027,324,2,64.02,2,-1.7970710740018923,0.22241529753087222
C13028,71,4,414.26,3,-0.013560070011974632,-0.7000766941496609
C13029,175,7,464.05999999999995,1,0.5982615345667633,-0.14984781063942904
C13030,53,6,941.9599999999999,1,1.0321892117298486,-0.33528763830567804
C13031,13,3,804.5699999999999,3,0.13124292465011406,-0.6504649412462243
C13032,10,6,1995.27,1,1.871780669806259,0.3520454493971698
C13033,371,3,214.4,2,-1.5510798325378152,0.5791767441825295
C13034,112,8,1034.59,1,1.5161405511900876,0.03207376162502366
C13036,79,6,335.64,1,0.5443638990693839,-0.7249050553631913
C13037,36,5,216.1,3,0.30386787349869,-1.0361097656259675
C13038,56,5,470.59999999999997,3,0.3964316904671981,-0.7230744150487262
C13039,66,6,597.1,1,0.7612161500774183,-0.5655399618094024
C13040,182,3,82.91,2,-0.9504415092642411,-0.44657808203107324
C13041,322,6,282.96000000000004,2,-0.37177831420066854,0.40545215745719
C13042,94,5,310.28000000000003,3,0.1544760080597961,-0.6755753634347615
C13043,59,1,6.43,3,-1.1916277670920163,-1.1097126897211895
C13044,56,7,203.9,1,0.8613404020369511,-0.9464520507866836
C13045,138,1,121.22,3,-1.4038636405061546,-0.6301057283459827
C13046,33,8,781.81,1,1.638830493419332,-0.5648201165462455
C13047,565,1,31.28,0,-3.012003958857761,1.3583947146685473
C13048,19,5,275.44,3,0.4040760783115176,-1.0678837195620785
C13049,146,3,985.4,3,-0.23412791752148274,0.14641459625342762
C13050,244,1,12.31,2,-1.859260457635105,-0.2100659522028876
C13051,179,4,290.62,2,-0.48577453627970746,-0.28288504840913425
C13052,89,9,1015.5899999999999,1,1.9062774881150788,-0.09364797834815992
C13053,53,2,267.03000000000003,3,-0.6817505030876282,-0.9155727333214376
C13054,12,6,715.68,1,1.0341566831174704,-0.7258916699079829
C13055,43,6,1529.82,1,1.4499640526450415,0.11601443472103018
C13056,14,6,542.48,1,0.9145030044485035,-0.8634340368832888
C13057,79,5,493.97,3,0.32811982925449545,-0.5919840671806706
C13058,260,1,29.68,2,-1.906059746581951,-0.11792698629237149
C13059,90,4,1834.85,1,0.8393446616209791,0.599260485702475
C13060,40,4,201.81,3,-0.03891239689414358,-1.0305662833281137
C13061,69,5,523.72,3,0.38372002234302494,-0.6150569570719306
C13062,52,5,133.65,3,0.19229233373021806,-1.0288144842910216
C13063,116,4,809.17,3,0.07938381956202724,-0.14679900271960653
C13064,508,3,103.61000000000001,0,-2.1202096146960274,1.147532728267031
C13065,22,6,299.15,1,0.7275631190332649,-1.0315689334943738
C13066,6,5,314.87,3,0.47684627191697165,-1.0972367514973085
C13067,24,4,1220.41,3,0.6801595083989223,-0.24216515797682228
C13068,102,2,24.9,3,-1.016719155572031,-0.8844141225164468
C13069,343,3,250.28,2,-1.4261715801484132,0.47426722749628275
C13070,480,1,912.63,0,-2.1315656692870757,1.6964580264056168
C13071,83,4,355.61,3,-0.09517325860416767,-0.6918959640181709
C13072,53,8,795.7,1,1.5752551227481753,-0.4562952743413542
C13073,124,4,2764.46,4,1.3191956931273823,1.5538200756396605
C13074,300,2,177.06,2,-1.6366091411022197,0.2024329787596579
C13075,27,5,3484.67,4,2.4576079674576126,1.6985427103969757
C13076,75,5,200.56,3,0.15223491011292317,-0.8607165825618129
C13078,343,4,876.8,2,-0.7006143420570974,1.0084426712826704
C13079,121,3,683.1800000000001,3,-0.33951144780527,-0.23136087023726398
C13080,249,3,220.2,2,-1.1045230346712576,-0.005878150100188367
C13081,117,10,695.82,1,1.916133581505669,-0.22838127949088358
C13082,275,3,1171.15,2,-0.5817882179288654,0.928132209630502
C13083,51,10,808.0400000000001,1,2.228500325919783,-0.4521700584768932
C13084,313,4,173.10000000000002,2,-1.0483832687923922,0.26524283867362175
C13085,350,3,240.19,2,-1.4581254454990218,0.49954264386755753
C13086,53,7,1112.98,1,1.4621585691434391,-0.1882720655288305
C13087,299,7,512.13,1,0.1794037255734801,0.4906666747582931
C13088,26,6,248.60999999999999,1,0.6802483640604495,-1.055182494147768
C13089,54,3,1356.0900000000001,3,0.34033363616397033,0.01658228782511025
C13090,206,2,201.51,2,-1.2795744109195615,-0.2313637099978446
C13091,458,3,175.67,0,-1.8919751356840606,0.9669843259946572
C13092,7,8,521.02,1,1.563961608023897,-0.9122173992715695
C13093,90,7,820.99,1,1.1383876476610213,-0.2575240808009833
C13094,108,4,279.08,3,-0.23557218673242972,-0.6360454177137873
C13095,80,3,145.64000000000001,3,-0.5395301097650657,-0.8865255636407315
C13096,4,3,257.78999999999996,3,-0.19091428225541854,-1.15873324207564
C13097,68,6,2404.11,4,1.9265813016978877,0.9800304004618378
C13098,10,2,265.0,3,-0.5270014467553027,-1.1252435935246454
C13099,132,4,1352.3,3,0.37376627407318513,0.39221850058273366
C13100,207,2,203.5,2,-1.281912489882498,-0.22483633591637533
C13101,4,1,28.86,3,-0.9774524588093667,-1.3566246444682168
C13102,117,4,677.29,3,-0.009826596582747045,-0.2540566822760015
C13103,120,3,882.1199999999999,3,-0.20678374674666863,-0.06710441801369077
C13104,133,6,1816.7,1,1.3094786842451744,0.7950875222451608
C13105,92,2,648.39,3,-0.5758229179750655,-0.40282773290561136
C13106,113,2,39.14,3,-1.047402343126319,-0.8191152535329586
C13107,282,3,1659.2,2,-0.2904838025312807,1.376810080765097
C13108,71,3,408.21000000000004,3,-0.3364753491041505,-0.706873246244963
C13109,69,7,1897.48,1,1.9131733985375445,0.5559019209031975
C13110,323,5,459.32,2,-0.5799516164229047,0.5585339869681459
C13111,160,3,2115.58,4,0.44846813754333315,1.1747332209049448
C13112,162,2,87.07000000000001,3,-1.194142190628546,-0.5414152767893786
C13113,189,3,243.37,2,-0.8717202636388101,-0.27634083031253814
C13114,291,3,392.91,2,-1.1448831682280824,0.3440291009550677
C13115,506,3,341.67,0,-1.9584662983964185,1.34020394098038
C13116,71,5,909.59,1,0.6268639648606568,-0.2774083930147367
C13117,155,5,321.89,3,-0.0593864081102912,-0.37071489822897147
C13118,24,6,557.9200000000001,1,0.8882279844177707,-0.8019511479340242
C13119,700,2,91.94,0,-3.1436264418043063,2.064459876893087
C13120,168,6,953.91,1,0.6225570874817179,0.23100258518629874
C13121,397,1,1240.35,0,-1.6176537201772945,1.5736261067806419
C13122,160,4,916.24,3,-0.010831019127659495,0.1569883088593254
C13123,291,7,379.21,1,0.12218347903483463,0.33900156814799615
C13124,149,5,1015.42,1,0.4124431242440897,0.1897469257807866
C13125,60,4,553.5,3,0.1167209834620003,-0.6349226608224042
C13126,317,4,376.82000000000005,2,-0.9307009336639596,0.4577418330210743
C13127,400,4,264.08,2,-1.3051057859831872,0.7632996122939769
C13128,637,1,35.29,0,-3.270722206520669,1.7099907742522311
C13129,280,5,185.91,2,-0.6013093417773433,0.11819914038827728
C13130,215,4,896.01,2,-0.22357868012712345,0.4057701905354878
C13131,185,3,574.65,2,-0.6422247367198596,-0.014107594165799613
C13132,171,3,135.44,2,-0.8764292266652729,-0.45512466871531443
C13133,24,4,352.95000000000005,3,0.11723818463887924,-0.9794773461347493
C13134,41,5,579.77,3,0.521717204596905,-0.7028226436851533
C13135,671,1,753.73,0,-2.927905846282576,2.4850628779960364
C13136,79,6,491.05,1,0.6452142010147742,-0.5928117171555235
C13137,8,9,2260.22,4,3.0079414766801413,0.572535028105807
C13138,16,7,2370.13,4,2.4122513323710018,0.7013338928905625
C13139,17,6,634.51,1,0.9633357335555773,-0.770703773038264
C13140,54,10,1529.1399999999999,1,2.6855558170420855,0.1752488114185628
C13141,181,4,450.51,2,-0.38927592696855723,-0.13731197864554276
C13142,68,4,429.0,3,0.006893519256276818,-0.7020560042566207
C13143,218,1,27.19,2,-1.7552386491415641,-0.3231528910397374
C13144,0,7,684.95,1,1.3767577052407522,-0.8083881783293309
C13145,68,4,158.64,3,-0.1685513532355559,-0.9318530245115917
C13146,75,4,770.73,3,0.2032464117103605,-0.3777452732452221
C13147,42,5,1050.9,1,0.8238184194674438,-0.2975418516335068
C13148,143,7,678.53,1,0.8535801031162096,-0.12230551972876519
C13149,26,4,1566.22,3,0.8973072917509125,0.06143373663439548
C13150,708,1,12.04,0,-3.5435008510597754,2.033580799072972
C13151,32,5,287.84,3,0.3649399568367473,-0.9944769091099998
C13152,77,7,899.83,1,1.2367321955529937,-0.2533799217011181
C13153,142,6,452.51,1,0.3915490144466177,-0.3209052059113754
C13154,365,2,35.27,2,-1.964535312039877,0.3962522997071332
C13155,125,6,178.57,1,0.2754816344685073,-0.635956090275718
C13156,21,4,359.35,3,0.13227969284269106,-0.9885453792367027
C13157,47,6,1284.54,1,1.2762765558869789,-0.07312165783224958
C13158,119,5,324.33,3,0.07285721216378073,-0.5427348256571746
C13159,30,5,341.04,3,0.40672196551377815,-0.9589305564511479
C13160,259,3,474.9,2,-0.9755349233497341,0.25896779206036624
C13161,7,5,122.60000000000001,3,0.34844693784875547,-1.255823925258459
C13162,35,6,1871.46,1,1.700700303701174,0.3677095660608704
C13163,288,2,26.810000000000002,2,-1.6905575513543223,0.016694187038940662
C13164,18,6,621.42,1,0.9512117813969875,-0.7769938980892291
C13165,422,3,791.32,0,-1.361800792445361,1.3161725313913943
C13166,23,3,115.07,3,-0.35248922074824907,-1.188157638398969
C13167,14,3,1996.1999999999998,3,0.9008986247639043,0.36721692009713175
C13168,86,5,168.07,3,0.09122719640260833,-0.8351366614867239
C13170,39,7,451.88,1,1.0839628720771026,-0.8178882702173286
C13171,19,5,546.63,3,0.5800595631874612,-0.8373812268747519
C13172,587,2,300.22,0,-2.5983392368507463,1.6950297190301589
C13173,121,4,230.19,3,-0.3144812636555815,-0.6147330715738375
C13174,57,9,1751.48,1,2.499961441391154,0.3770839941032163
C13175,163,8,1357.19,1,1.540383565346298,0.5529059958258835
C13176,52,5,588.85,3,0.4876855352329635,-0.6419096033172726
C13177,17,6,854.26,1,1.1059382292283109,-0.5839235718212574
C13178,6,7,755.9900000000001,1,1.4010810289341615,-0.7189908967896615
C13179,82,8,717.9,1,1.4195142494846202,-0.38218042514560085
C13180,271,4,458.07000000000005,2,-0.7110205858863217,0.30434838622132154
C13181,62,4,807.3600000000001,3,0.2741995996826695,-0.40947821218116953
C13182,101,6,1475.3,1,1.2040762094744732,0.3501587758384302
C13183,81,9,1369.38,1,2.164898245757895,0.16837424944122123
C13185,12,10,1103.6200000000001,1,2.5618598098433987,-0.38953854279788264
C13186,1,3,373.07,3,-0.10521721214558968,-1.0752568915211307
C13187,237,2,124.82,2,-1.4418538728829629,-0.14663351731488788
C13188,13,4,476.47,3,0.23731804934391046,-0.9276847906829482
C13189,430,3,499.59000000000003,0,-1.5801489180906805,1.1068992423393391
C13190,71,9,1363.65,1,2.1974743817521416,0.1151445379837297
C13191,82,8,374.01,1,1.1963535112052284,-0.674475503172979
C13192,29,8,1828.51,1,2.332583938218542,0.3054963576194726
C13193,58,3,677.79,3,-0.11435378175999501,-0.5406064223890941
C13194,219,3,243.59,2,-0.9804610236195769,-0.13107563229798208
C13195,195,3,330.45,2,-0.836988093389812,-0.1733100815259028
C13196,122,3,86.98,3,-0.730033312372177,-0.7332751278554586
C13197,135,4,1161.8400000000001,3,0.23928260271340837,0.24484164705896605
C13198,29,6,769.39,1,1.0073100807428796,-0.5980289708179126
C13199,201,6,1038.67,1,0.5577885665393617,0.462631795818961
C13200,58,3,74.46000000000001,3,-0.5058730705619533,-1.053416883368646
C13201,119,10,750.73,1,1.9445074581855402,-0.17203772291847
C13202,174,5,1713.8899999999999,1,0.7749653981470835,0.9043217312122692
C13203,37,5,559.89,3,0.5233342678961189,-0.7390637440997982
C13204,170,4,115.22,3,-0.5669319031718622,-0.47549268426484403
C13205,5,9,706.0899999999999,1,2.010307341779649,-0.7629316735066135
C13206,435,3,398.72,0,-1.6637538001429168,1.0453427935254402
C13207,16,3,63.669999999999995,3,-0.36043809696267526,-1.2656975124395669
C13208,406,1,81.78,0,-2.402150283444668,0.6324035491553497
C13209,145,6,3217.64,4,2.175038085682402,2.043871273511261
C13211,161,2,115.95,3,-1.1717716245601837,-0.5217041761879401
C13212,28,6,961.52,1,1.1356185645294388,-0.439560792406798
C13213,42,2,44.56,3,-0.7861941308868476,-1.1578601861475526
C13214,178,4,268.61,2,-0.49642804759375897,-0.306428757545732
C13215,168,4,652.86,3,-0.21078196273738403,-0.028188421810467178
C13216,175,6,2554.4399999999996,4,1.6357837981512144,1.6252515063773005
C13217,265,6,625.52,2,0.0573980433502416,0.4209681895481067
C13218,423,7,1334.6000000000001,2,0.26307776026149293,1.7893954392115323
C13219,18,7,425.77,1,1.1432377618443836,-0.9416356467241668
C13220,0,5,629.86,3,0.7030296212817893,-0.8585213546488049
C13221,364,4,226.56,2,-1.19879343181643,0.5573150120983945
C13222,18,2,579.13,3,-0.35218848922300056,-0.819556005628643
C13223,85,5,463.0,3,0.2862457441489261,-0.589291897477847
C13224,539,1,18.69,0,-2.925808273486541,1.2219591882210892
C13225,85,4,662.78,3,0.09689984701041914,-0.4211397860168514
C13226,66,2,1329.6,3,-0.03939919393379975,0.050443696753228975
C13227,10,7,1426.6000000000001,1,1.8217425640837208,-0.1296509097404654
C13228,190,4,475.71,2,-0.40558793368297624,-0.07236935404259467
C13229,20,3,698.7,3,0.03713448803427486,-0.7065993436351992
C13230,417,2,704.84,0,-1.7187623042314513,1.2168334498135485
C13231,17,6,2340.25,4,2.0702425866559575,0.6791185724629726
C13232,32,6,186.09,1,0.6179005190528336,-1.079306776542312
C13233,97,3,200.84,3,-0.5654098055705901,-0.7573964140395651
C13234,244,4,227.78000000000003,2,-0.7624676376685033,-0.021960849709291762
C13235,427,3,165.54,0,-1.786035826959825,0.8084600169537461
C13236,7,6,509.85,1,0.9187345552819827,-0.9250200343512213
C13237,112,7,456.0,1,0.821686555954718,-0.4613627741098002
C13238,59,6,860.27,1,0.9574013674410208,-0.3757057839872756
C13239,20,9,864.08,1,2.058390122275323,-0.5561063183303206
C13240,50,8,847.9300000000001,1,1.620037119583074,-0.4264093296422818
C13241,34,3,913.66,3,0.12581629468225702,-0.45618732083955793
C13242,160,6,993.89,1,0.6775369387897876,0.22629673587029267
C13243,127,7,693.9100000000001,1,0.9216318686650218,-0.18660807339874896
C13244,156,2,410.77000000000004,3,-0.9623066558834805,-0.29529666923507236
C13245,49,3,276.78000000000003,3,-0.34191637754282284,-0.9249750648275972
C13246,23,1,5.67,3,-1.0614607246843961,-1.2844525108644982
C13247,89,8,768.1899999999999,1,1.4267428127516208,-0.3055840142374303
C13248,149,3,284.05,3,-0.7001437345660962,-0.4352017885547836
C13249,114,5,425.67,3,0.156767091590152,-0.48077889245386957
C13250,108,2,59.09,3,-1.0163089238719787,-0.8263381170397884
C13251,305,4,399.74,2,-0.8722740348118656,0.41919178962685993
C13252,125,2,51.41,3,-1.0829933747532778,-0.7506548789404441
C13253,40,6,1567.51,1,1.4853105987992508,0.13354186235209223
C13254,181,5,655.3299999999999,3,0.06262728415942866,0.038432471497105755
C13255,211,6,1613.27,1,0.894369571447722,0.9993821128114627
C13256,289,1,2.15,2,-2.0291788794247174,-0.0010843067658834976
C13257,163,4,1362.3,3,0.26774260437312486,0.5506323139414688
C13258,14,5,327.67,3,0.4561169767936889,-1.047669655217782
C13259,10,6,2528.14,4,2.2175763097112853,0.8049672506372438
C13260,163,7,542.43,1,0.6926716342609648,-0.1412671957515818
C13261,287,4,509.43,2,-0.7357627243079519,0.4253777231869732
C13262,37,6,1497.61,1,1.4508387034998564,0.05962136348059344
C13263,302,2,383.98999999999995,2,-1.5095848371542304,0.38798848613529935
C13264,294,4,275.24,2,-0.9131419333685017,0.26017558282226994
C13265,235,1,112.79,2,-1.7613908552157982,-0.1681847511450695
C13266,33,7,858.92,1,1.369880281631568,-0.500933430720245
C13267,110,7,668.83,1,0.9670573536385221,-0.2901362234064853
C13268,176,1,606.95,2,-1.2265777195944692,-0.03348563465580857
C13269,314,3,104.44999999999999,2,-1.4155510532206648,0.21007430595395746
C13270,10,5,237.34,3,0.4120168805018034,-1.1437909157040453
C13271,402,5,844.08,2,-0.6169957002726842,1.2676064815517951
C13272,61,5,461.48,3,0.37236618942963,-0.7066464112498362
C13273,172,7,1062.6,1,0.9975607983457854,0.3443834889031602
C13274,284,2,64.21,2,-1.6517697442456243,0.029139184124683304
C13275,19,6,704.48,1,1.0014825048194365,-0.7015597166691354
C13276,268,5,861.1200000000001,2,-0.11959151276658081,0.6340739318147285
C13277,213,3,595.52,2,-0.7303061785089083,0.13903753762427007
C13278,102,4,710.63,3,0.06625051141788872,-0.2982578922925679
C13279,13,6,328.49,1,0.7792677997590189,-1.0501543695904938
C13280,101,6,642.31,1,0.6635235229196139,-0.35785505720709543
C13281,28,6,968.65,1,1.1402454395881263,-0.4335005292228287
C13283,13,6,556.91,1,0.9274965235886699,-0.8560049563391234
C13284,130,3,829.09,3,-0.27749104381363365,-0.0638187548998228
C13285,141,6,684.57,1,0.5457692964229937,-0.12849785373646067
C13286,253,2,59.59,2,-1.542254828007592,-0.12470180792553094
C13287,30,6,557.22,1,0.8659970280676673,-0.7735304836198751
C13288,257,2,1751.8799999999999,2,-0.4585938945466862,1.3330322450139551
C13289,146,3,206.2,3,-0.7397746280024565,-0.5158795233747474
C13290,90,6,699.5,1,0.7405598220366023,-0.36244079866871426
C13291,140,10,2598.75,4,3.0675256873766665,1.500272640615792
C13292,142,4,361.94,3,-0.30520312660662785,-0.4011952037970809
C13293,66,4,329.78000000000003,3,-0.050234471568116924,-0.7960615891153849
C13294,50,6,545.19,1,0.7856013766782521,-0.6870367805073377
C13295,97,2,307.92,3,-0.8149115677778679,-0.6680362236380302
C13296,128,2,82.33,3,-1.0738167935895973,-0.7098660853860734
C13297,96,4,412.33,3,-0.10554877662858282,-0.5808186256118818
C13298,130,2,182.57,3,-1.016026893570272,-0.6149935344056193
C13299,32,4,901.91,3,0.4444395110395681,-0.4741920578893062
C13300,102,5,751.2700000000001,3,0.41161229938524035,-0.26206098907054776
C13301,177,6,644.51,1,0.3891129076064496,0.0115463232035341
C13302,119,4,290.52000000000004,3,-0.2680723799198631,-0.5731264557310164
C13303,177,1,11.98,2,-1.6163013995439588,-0.5343544331272594
C13304,114,3,296.53,3,-0.5650143020596685,-0.5938521092744553
C13305,321,4,1541.79,2,-0.1892340753709532,1.4672714003826226
C13306,199,5,107.78000000000002,2,-0.3580247715333958,-0.3399199189680289
C13307,20,6,493.47,1,0.860922211620813,-0.8760752679993721
C13308,373,3,233.14,2,-1.5461777750546803,0.604777002106392
C13309,6,7,1407.72,1,1.8240085579662009,-0.16504204336913986
C13310,62,6,400.42,1,0.6481022862551793,-0.752055189983623
C13311,137,4,1122.59,3,0.20655317567294,0.22115233106440185
C13312,187,4,300.04,2,-0.5086972167744299,-0.2361908398661879
C13313,230,2,112.56,2,-1.4244036060683525,-0.19090569135260216
C13314,240,3,570.76,2,-0.8443688719887548,0.24856274479312
C13315,722,1,154.19,0,-3.502067680179401,2.222106740182105
C13316,667,1,336.02,0,-3.1844528369241294,2.1106794911187667
C13317,118,5,1657.72,1,0.9417642134086509,0.5857664469105764
C13318,343,4,217.14,2,-1.128687890614437,0.44775358124940284
C13319,212,3,855.78,2,-0.5577860540844274,0.35541395316355145
C13320,29,4,605.77,3,0.263153560582043,-0.7404090424187596
C13321,344,2,254.07,2,-1.7463308331248866,0.480670288752318
C13322,44,6,611.13,1,0.8501685642806381,-0.6600056117047749
C13323,212,4,490.51,2,-0.4758316791706334,0.04660083829230589
C13324,45,8,546.35,1,1.4424798883998533,-0.7069220138421907
C13325,176,5,1207.2199999999998,1,0.43891283787635765,0.4833409401193972
C13326,5,5,362.34,3,0.5112804575282515,-1.0617247683446793
C13327,37,3,867.3,3,0.0848435203711304,-0.4810839605049839
C13328,354,3,134.07999999999998,2,-1.5415012729839364,0.4286964289177854
C13329,299,3,516.11,2,-1.0939705269587838,0.4874325304057319
C13330,0,6,2797.23,4,2.428491548598732,0.9853254113001515
C13331,192,7,405.26,1,0.4984037522688995,-0.11761487463889407
C13332,546,2,2648.76,0,-0.9254923210578104,3.49293716728029
C13333,25,6,667.59,1,0.9557667506609319,-0.7038993503392569
C13334,196,2,196.44,2,-1.246569980740359,-0.28403244337659567
C13335,481,2,84.33999999999999,0,-2.3537085838608047,0.9989292304717212
C13336,20,10,1415.66,1,2.7353165024566746,-0.08562738548455862
C13337,144,5,580.69,3,0.14848078589898306,-0.2039388359710877
C13338,25,7,272.2,1,1.0181753364067498,-1.0383134648039323
C13339,319,6,239.29999999999998,2,-0.38922227099515966,0.35383478704955584
C13340,120,6,169.23,1,0.2875678769389825,-0.6680744809436224
C13341,283,2,141.20000000000002,2,-1.5981791278163282,0.08974218679916005
C13342,16,9,2468.57,4,3.1141105571145515,0.7883131293818552
C13343,99,5,508.72,3,0.26510253888494734,-0.4827282535398449
C13344,40,3,707.6600000000001,3,-0.029640110412384114,-0.6022648376851422
C13345,13,4,428.78000000000003,3,0.2063705498279484,-0.968219706705879
C13346,105,7,4426.12,4,3.423424998956726,2.879255780965489
C13347,104,4,310.1,3,-0.20092455674496937,-0.6290232087225363
C13348,65,11,933.58,1,2.578144008875523,-0.2761078126425488
C13349,192,3,1446.49,2,-0.10186725277056412,0.7607790297563947
C13350,182,2,1209.3,2,-0.5384818386425131,0.5091617529780017
C13351,213,3,1689.8700000000001,2,-0.020148994711611513,1.0691986898510328
C13352,460,2,32.92,0,-2.31085812715599,0.853669194611971
C13353,147,3,841.79,3,-0.33095028940796883,0.02918680629759931
C13354,42,5,996.46,1,0.7884906385144353,-0.34381404346173816
C13355,596,2,864.96,0,-2.264527236669754,2.2185634233356035
C13356,52,5,131.27,3,0.1907478789420446,-1.0308374052416314
C13357,19,5,727.8299999999999,3,0.6976457848752852,-0.6833672452569064
C13358,90,6,487.1,1,0.602726966150875,-0.5429737440088379
C13359,67,6,265.14,1,0.5421677028327554,-0.842858995902765
C13360,35,5,1345.67,1,1.0405098432622564,-0.08084872337471372
C13361,85,5,319.03000000000003,3,0.19281920807610042,-0.7116616156540128
C13362,298,4,1269.1100000000001,2,-0.28270709787233106,1.1242758331042741
C13363,91,4,2216.81,4,1.0835807363816765,0.9287497394491364
C13364,33,10,3890.8,4,4.29432768561475,2.0810266274483875
C13365,197,2,215.85,2,-1.2376036889427993,-0.26269864788352104
C13366,490,2,14.100000000000001,0,-2.4319545254421437,0.9827510250216496
C13367,54,6,622.92,1,0.821524947620984,-0.6016251015243024
C13368,22,9,1018.86,1,2.1515726963059834,-0.41487657884303836
C13369,15,6,1642.2199999999998,1,1.6245284732659682,0.0761443764972424
C13370,6,6,1151.84,1,1.338970951256646,-0.38418579760343985
C13371,58,5,531.3299999999999,3,0.42858234314167815,-0.6617840517819645
C13372,128,4,524.51,3,-0.1488941701541454,-0.33071926588529793
C13373,101,8,1586.59,1,1.914274192212993,0.44806008552944343
C13374,140,6,1388.78,1,1.006382153288476,0.4652213164344022
C13375,602,2,22.69,0,-2.8328787039791403,1.5316775395806008
C13376,294,4,1076.7,2,-0.3930500281040237,0.9413899631061473
C13377,45,5,83.12,3,0.18490802712323348,-1.1056148872278253
C13378,697,1,50.29,0,-3.478755297189848,2.0128966866850733
C13379,95,4,248.55,3,-0.20820117673227442,-0.7248621259955103
C13380,3,5,171.09,3,0.3944313851258752,-1.2339527965163042
C13381,61,4,612.11,3,0.15112535412359243,-0.5802701673192882
C13382,274,2,258.82,2,-1.4891868551998395,0.1461918185685117
C13383,82,3,29.67,3,-0.622045491153712,-0.9754243314549484
C13384,44,5,188.95,3,0.2572138015739248,-1.0204988424459605
C13385,21,7,760.71,1,1.349702218932635,-0.6424399508990598
C13386,470,2,65.85,0,-2.3257833512853976,0.9300180026478586
C13387,378,3,172.49,2,-1.6036826690479524,0.5774062174242245
C13388,303,6,253.07,2,-0.3222152836854059,0.2881637868541596
C13389,177,6,378.55999999999995,1,0.21652981898682053,-0.21450234352530728
C13390,37,7,1279.71,1,1.628425978469581,-0.12393214614218669
C13391,200,5,408.34999999999997,2,-0.16660515694472924,-0.07960946193150246
C13392,31,6,437.84999999999997,1,0.7849047335195524,-0.8701550786837796
C13393,23,1,55.51,3,-1.0291180244144118,-1.2420901662517307
C13394,476,3,96.28,0,-2.0088238495150104,0.9865523860494488
C13395,120,6,1883.75,1,1.4001723405604394,0.7892105729384347
C13396,138,2,104.05,3,-1.0960165295574187,-0.6430454050209145
C13397,18,5,278.16,3,0.40947062032163767,-1.0704077500816267
C13398,6,6,823.66,1,1.126004912440365,-0.6631278974232222
C13399,76,3,349.29,3,-0.3928575931883722,-0.7327735883874015
C13400,104,2,71.5,3,-0.9937378920391012,-0.8351337899354475
C13401,208,6,280.01,1,0.04006473447322114,-0.14835242478366445
C13402,86,3,433.0,3,-0.3748301222995257,-0.6132634669599344
C13403,84,6,730.55,1,0.782485821588833,-0.3650649710286603
C13404,299,2,310.45,2,-1.5464188397767133,0.3109741081628682
C13405,90,3,84.46,3,-0.6155261910856498,-0.8901671298325228
C13406,24,6,172.28,1,0.6379743942870177,-1.1297323392756689
C13407,37,6,2230.63,4,1.9265177996456,0.6826640169326534
C13408,31,6,1097.01,1,1.212653816785259,-0.3098909720434974
C13409,50,2,40.61,3,-0.8177930132798383,-1.1225300335330313
C13410,169,2,255.73999999999998,2,-1.1100932249145,-0.36419979775802624
C13411,20,7,1070.29,1,1.5542275997238018,-0.38414317347571586
C13412,32,5,354.9,3,0.4084572417505744,-0.9374781364428213
C13413,134,3,205.91000000000003,3,-0.6964094079879695,-0.5741572958713359
C13414,0,9,4947.89,4,4.781088343996129,2.8182777383359037
C13415,103,4,279.36,3,-0.21724323205093424,-0.659987127900656
C13416,200,6,426.15,1,0.1639350565008238,-0.06282580010104752
C13417,122,3,79.67,3,-0.7347769949358525,-0.7394883850609026
C13418,108,2,368.78,3,-0.815341611540289,-0.5631119030925996
C13419,196,5,230.68,2,-0.26738285037907905,-0.24996682150442476
C13420,19,6,1069.02,1,1.238043659643274,-0.3917128245114675
C13421,0,2,101.37,3,-0.5968914498587787,-1.3126830604868711
C13422,338,3,272.39,2,-1.3936764708342178,0.468880292247149
C13423,29,4,130.57999999999998,3,-0.04521176328019252,-1.144304759444058
C13424,292,5,290.92,2,-0.5767185511122004,0.2654854347116915
C13425,88,2,507.15999999999997,3,-0.6529535809551972,-0.5422123027977704
C13426,8,7,1460.77,1,1.851175423761197,-0.11027942501863137
C13427,138,5,1632.47,1,0.8527896997084574,0.6610235891125843
C13428,46,4,157.47,3,-0.08946268389798118,-1.039238169553715
C13429,284,2,185.29,2,-1.5731972292237604,0.1320531625699854
C13430,256,7,1192.53,1,0.7770024798441153,0.8610386483049001
C13431,423,2,178.84,0,-2.0818764959712563,0.7987665614574198
C13432,287,5,2063.62,4,0.591787947961861,1.7480418553145687
C13433,322,2,60.81,2,-1.7918952395269039,0.21001502379313086
C13434,219,1,90.57,2,-1.7177388795977928,-0.26444605596754217
C13435,28,5,780.98,3,0.6994713879631548,-0.5946680489860839
C13436,23,6,1108.23,1,1.2489704245185946,-0.3390418661240136
C13437,128,4,222.61,3,-0.3448063132421921,-0.5873242385697769
C13438,54,7,359.67,1,0.9696832206395896,-0.8237246048908425
C13439,4,5,570.99,3,0.6503092745503671,-0.889215138629333
C13440,135,8,872.5699999999999,1,1.327523449145676,0.005588767042017222
C13441,402,1,2.58,0,-2.439027782344801,0.5457424189969374
C13442,256,4,483.6,2,-0.6400116257409943,0.2535089356063258
C13443,424,1,5.76,0,-2.5168121012100113,0.6548359972788613
C13444,208,5,414.66999999999996,2,-0.19153952224757673,-0.03555015042506455
C13445,15,5,239.53,3,0.39529078436097537,-1.1177497875558295
C13446,52,8,568.71,1,1.4315838204762308,-0.6540651752661748
C13447,305,3,542.58,2,-1.0985700393615463,0.5389467922946983
C13448,89,4,353.66,3,-0.11821537818335374,-0.6645377581864846
C13449,13,3,29.4,3,-0.3717885955802972,-1.3093336947269385
C13450,44,3,236.06,3,-0.35019357677523905,-0.9837654132392544
C13451,128,4,213.07999999999998,3,-0.3509906217007184,-0.5954244220400753
C13452,452,3,1041.8500000000001,0,-1.3081077381287811,1.6741929156022137
C13453,298,5,429.41,2,-0.5086248595774903,0.4122129759650677
C13454,89,7,5018.349999999999,4,3.8658123714626087,3.3052565677825583
C13455,21,1,1.84,3,-1.0566872271710328,-1.297379764009541
C13456,63,4,214.13,3,-0.11439494105193708,-0.9088680684450319
C13457,198,5,363.39,2,-0.18852217432110235,-0.1274958489835101
C13458,403,3,604.35,2,-1.414171777949543,1.0653713780481255
C13459,224,3,186.74,2,-1.0354999813964378,-0.15521654319346173
C13460,16,8,1125.51,1,1.9235685988897182,-0.35489751522379914
C13461,51,4,439.05,3,0.07511593561991665,-0.7757248210732152
C13462,98,7,1523.74,1,1.5653880084622094,0.3784775994588555
C13463,338,2,736.22,2,-1.4116722474613015,0.8614661335436423
C13464,133,6,306.36,1,0.32937286711499747,-0.4886513132774495
C13465,44,5,583.15,3,0.5130222374974359,-0.685441935416409
C13466,45,4,148.04999999999998,3,-0.09194615916871207,-1.0520807968549448
C13467,129,5,592.47,3,0.2105669505244009,-0.2664653298931771
C13468,200,2,643.7,2,-0.9708470913632913,0.11546746202610046
C13469,713,1,16.32,0,-3.558870682281577,2.0613983578038657
C13470,262,2,100.4,2,-1.5484370283172268,-0.04649120179358414
C13471,215,7,726.7,1,0.6235186300103344,0.26682507312337356
C13472,98,6,1037.95,1,0.9311547713539369,-0.03608201853791055
C13473,188,2,72.75,2,-1.2978005979954579,-0.4278523565523854
C13474,255,3,210.28,2,-1.1327371309990746,0.01470582044731334
C13475,122,4,274.92999999999995,3,-0.28907756018389075,-0.5718696173921315
C13476,119,6,606.75,1,0.5751174365532189,-0.3010329529232191
C13477,58,5,467.4,3,0.38709621095347413,-0.7161224284090554
C13478,145,4,1025.57,3,0.11455832389536992,0.1773760749086534
C13479,26,3,513.01,3,-0.10514213691423122,-0.8354140350577236
C13480,85,6,1914.64,1,1.5472485851047966,0.6462081407484787
C13481,151,3,1929.99,3,0.36069816800769644,0.973464423500196
C13483,3,7,854.95,1,1.476187551925087,-0.6493860041821901
C13484,122,4,179.06,3,-0.35129053520161524,-0.6533559331631185
C13485,479,2,256.76,0,-2.234561071046785,1.1358086233539701
C13486,128,5,401.82,3,0.09047778564834806,-0.4333474378158316
C13487,2,2,354.85,3,-0.4396594272597507,-1.087561599224305
C13488,353,2,225.2,2,-1.7977305164765056,0.49965520923784396
C13489,97,3,328.04,3,-0.4828658353791374,-0.6492806388641238
C13490,13,8,2192.42,4,2.626807479953101,0.5374327278637702
C13491,11,11,2103.02,1,3.533019734646628,0.45673657596377837
C13492,129,2,127.82,3,-1.047926392180457,-0.6663651561148896
C13493,6,3,475.63,3,-0.056810145643995814,-0.9639045970650608
C13494,124,3,46.41,3,-0.7636193277825565,-0.7580864000075036
C13495,64,7,752.51,1,1.1883146027334968,-0.44146425091633
C13496,109,7,1206.44,1,1.319558375331866,0.16197848022170053
C13497,137,3,131.77,3,-0.7554094739022295,-0.6226660128510209
C13498,283,4,794.09,2,-0.5365203411808686,0.6479855077717693
C13499,324,3,205.2,2,-1.386465805192963,0.34406786141436124
C13500,140,6,2474.17,4,1.7107249190597082,1.38776676625887
C13501,187,3,227.3,2,-0.8748896764646243,-0.29967167691785934
C13502,17,3,195.3,3,-0.27864881511098977,-1.148980444224888
C13503,334,4,306.35,2,-1.0381317358685394,0.48005565662933414
C13504,3,8,4756.17,4,4.326797771038021,2.6681756736216324
C13505,105,4,622.98,3,-0.0015166066762967046,-0.3582496605507136
C13506,178,7,1838.1999999999998,1,1.4790946537851841,1.0326333691661702
C13507,119,2,356.18,3,-0.8634420959494401,-0.5206261426445584
C13508,39,3,65.3,3,-0.4428577090555837,-1.153085442498509
C13509,240,3,247.49,2,-1.0541486616411988,-0.02620601810754754
C13510,15,5,267.40999999999997,3,0.41338296902243526,-1.0940527135629734
C13511,114,6,366.86,1,0.4375927330516862,-0.5291111860966108
C13512,58,7,1554.99,1,1.7308451221347234,0.21160145442490869
C13513,16,6,561.26,1,0.9194310191549692,-0.8377997802879876
C13514,12,7,303.03999999999996,1,1.0853712163019478,-1.0749677114306486
C13515,20,7,2683.8900000000003,4,2.6013419888820404,0.9873632323662035
C13516,91,5,255.36,3,0.12972509289772843,-0.7367633598524229
C13517,92,4,154.13,3,-0.2585848499333546,-0.8196238104590045
C13518,449,2,614.26,0,-1.8936848628200558,1.2945935440167637
C13519,119,3,78.8,3,-0.7244532120723854,-0.7547356766968611
C13520,83,6,381.59,1,0.5596644560759181,-0.6665053208382968
C13521,53,4,1298.8600000000001,3,0.6258140387707014,-0.035242998473185835
C13522,55,2,206.23,3,-0.7284643841974817,-0.9575788335536649
C13523,68,3,1055.01,3,0.0941413046232953,-0.17162254961143988
C13524,107,5,1257.0,1,0.7216487091422427,0.1919724144852285
C13525,66,1,63.15,3,-1.1802265801746143,-1.027650992379229
C13526,318,4,548.36,2,-0.8230128322341228,0.6083810756638335
C13527,148,6,613.9599999999999,1,0.4745421521731184,-0.1546624272521177
C13528,198,3,303.53000000000003,2,-0.8653456571622448,-0.18168336687206302
C13529,72,5,616.49,3,0.4330329600817158,-0.5216977178052877
C13530,63,5,2594.48,4,1.7492762218890272,1.116004623579911
C13531,21,5,462.84999999999997,3,0.5184332572741519,-0.8989195638485802
C13532,332,1,88.0,2,-2.1295345742676752,0.27983076943736723
C13533,161,5,375.44,3,-0.04641288031820667,-0.2961835357759253
C13534,64,8,1336.34,1,1.8861689942251811,0.056426110776978976
C13535,17,6,263.8,1,0.7227706770329878,-1.0857949602653698
C13536,39,7,2138.99,4,2.1787801484112346,0.6160991940612782
C13537,245,3,57.44,2,-1.1956251731091092,-0.16356250489429125
C13538,19,5,124.0,3,0.3058020307816938,-1.1966026896294435
C13539,7,6,2429.05,4,2.1641621306863525,0.7062362212832677
C13540,124,3,26.229999999999997,3,-0.776714746952867,-0.7752387297483873
C13541,318,3,250.1,2,-1.3355521170624967,0.353215729040106
C13542,335,2,87.19999999999999,2,-1.8219528221417811,0.29531286958093617
C13543,56,3,652.2,3,-0.12370101373850301,-0.5720289527968541
C13544,57,3,147.79,3,-0.45465754006741127,-0.9959247591308209
C13545,153,5,339.4,3,-0.0407647319500288,-0.36550386016140507
C13546,43,4,330.81,3,0.03391129587627943,-0.9064127474057615
C13547,8,2,735.62,3,-0.21434283401132095,-0.734904105066008
C13548,31,2,40.239999999999995,3,-0.7490735519465593,-1.214727384614214
C13549,48,6,212.64,1,0.5770584128603706,-0.9793651155365873
C13550,54,2,150.15,3,-0.7612269604834104,-1.0100809110882758
C13551,169,5,1992.3500000000001,4,0.973813862481553,1.1168237815466606
C13552,101,4,711.21,3,0.0702563419798193,-0.30260085173409307
C13553,29,9,2062.0,1,2.803091989168768,0.5056093555158943
C13554,167,5,1062.5,1,0.3776646612788081,0.31681028525726096
C13555,208,2,41.230000000000004,2,-1.3908439064527303,-0.35792450609841225
C13556,139,7,941.61,1,1.0388185642564096,0.08195998161478864
C13557,72,5,262.82,3,0.20352568069798124,-0.8223054709994569
C13558,35,8,1801.14,1,2.293046003212731,0.3112484077517901
C13559,258,2,36.24,2,-1.5755546112450374,-0.12036883149100051
C13560,377,6,494.67,2,-0.4340130157173848,0.851375335471339
C13561,68,4,925.4000000000001,3,0.32902266078958714,-0.280132491700889
C13562,158,3,442.11,3,-0.6302388239877764,-0.2573325767678014
C13563,263,6,837.45,1,0.2021848035091064,0.5914297701440482
C13564,52,4,257.12,3,-0.04657345621732783,-0.9255233382674312
C13565,54,5,11984.279999999999,4,7.875269670054123,9.053499288888753
C13566,169,3,120.41,3,-0.8789237516844906,-0.4775715498632264
C13567,138,3,792.56,3,-0.3302320846094351,-0.05618052017221877
C13568,86,6,732.42,1,0.7764404201322683,-0.35380365278411946
C13569,12,5,804.59,3,0.7728638522122471,-0.651975376007531
C13570,107,2,189.15,3,-0.9282795613887487,-0.7206273770338597
C13571,93,3,464.95000000000005,3,-0.3795029459296259,-0.5522554469064618
C13572,172,2,91.69999999999999,2,-1.2274321502643857,-0.48912052879645473
C13573,97,3,82.46,3,-0.6422302080176352,-0.858015482162747
C13574,23,7,1107.94,1,1.5677714837128633,-0.33763410345176403
C13575,4,7,1501.25,1,1.891961937066355,-0.09521653023209989
C13576,205,4,165.62,2,-0.6612565806025154,-0.26339645204335044
C13577,127,6,2073.95,4,1.4981927817322052,0.9847258368717307
C13579,140,3,386.29,3,-0.6011320143202408,-0.39182464595365746
C13580,52,5,154.37,3,0.2057381754154924,-1.011203172485714
C13581,38,3,165.54,3,-0.3741794565653499,-1.0727207120502191
C13582,28,7,653.23,1,1.2545490040777372,-0.6999427998134472
C13583,27,1,227.5,3,-0.9320262566930135,-1.0765606180231206
C13584,105,5,5434.44,4,3.439776186548805,3.7329857845148515
C13585,66,2,65.75999999999999,3,-0.8595436222888739,-1.0237783260276652
C13586,725,1,9.7,0,-3.6067200126264334,2.1138028598093985
C13587,8,7,256.66,1,1.069791619144609,-1.1337329316735105
C13588,180,5,313.28999999999996,3,-0.15570348171728451,-0.2571261081536152
C13589,115,1,65.76,3,-1.3563759617104627,-0.78847151037583
C13590,324,5,364.9,2,-0.6448530929185295,0.48311606321420403
C13591,260,4,528.8399999999999,2,-0.6251718094485792,0.31130519371318127
C13592,405,1,5.82,0,-2.4478135997259276,0.5630041319156462
C13593,364,4,317.71,2,-1.1396434091517216,0.6347894846396009
C13594,435,2,590.74,0,-1.8581353986075688,1.2068991627273054
C13595,256,2,220.92000000000002,2,-1.448451209480175,0.02693115418724598
C13596,159,7,1546.75,1,1.358923400941356,0.6930276860247088
C13597,43,9,799.3,1,1.9328750301477104,-0.49994054264556065
C13598,64,9,1439.1399999999999,1,2.2718683072483556,0.14545694941492218
C13599,568,2,69.08,0,-2.679373486217794,1.4066855327505758
C13600,179,5,1137.51,1,0.38278753444596686,0.4385975760015615
C13601,169,1,285.72,2,-1.409627535091597,-0.34037204655481296
C13602,131,4,915.78,3,0.09412454668948736,0.016355058993524497
C13603,46,8,1472.45,1,2.0398250507389863,0.08506816682243164
C13604,90,9,1265.19,1,2.0646211108746706,0.12333967160745264
C13605,191,3,89.32000000000001,2,-0.9789469216382307,-0.3976063333365098
C13606,42,4,265.71,3,-0.004704634270709934,-0.9665815253498259
C13607,2,4,710.23,3,0.42893602154820054,-0.7821918967457646
C13608,104,2,236.59,3,-0.8866059420476947,-0.6948127732395858
C13609,184,4,725.88,2,-0.22146826472546965,0.11125119573930448
C13610,126,4,334.83000000000004,3,-0.26472442154079384,-0.5016128462029491
C13611,197,6,547.37,1,0.25348677427525346,0.02569935316212624
C13612,553,3,235.11,0,-2.198200530060159,1.476920668604609
C13613,293,6,520.07,2,-0.11265630971698559,0.4667455169343892
C13614,360,2,708.9200000000001,2,-1.5092359705044631,0.944652724189187
C13615,619,1,101.35,0,-3.1625237373646566,1.6790926569404536
C13616,42,1,26.08,3,-1.1171756171290215,-1.1752218253924676
C13617,15,3,663.01,3,0.032121409635687374,-0.761114359113425
C13618,3,5,676.99,3,0.7227253672002137,-0.8039545994938533
C13619,75,5,178.01999999999998,3,0.1376080147661044,-0.8798748339175869
C13620,157,3,648.4699999999999,3,-0.49269605800134025,-0.08676937099232739
C13621,25,5,279.74,3,0.3850897748777448,-1.035213221318077
C13622,50,4,2133.95,4,1.1786178320213279,0.6600479442907132
C13623,99,4,544.76,3,-0.030499251957556837,-0.4537497036136508
C13624,72,4,530.1,3,0.05798259792993855,-0.5967806014854559
C13625,118,7,337.6,1,0.7230764699541903,-0.532983200504373
C13626,224,5,394.93,2,-0.26242062513942915,0.02504654805808821
C13627,25,5,773.1800000000001,3,0.7052980818845874,-0.6158056104488178
C13628,169,7,756.21,1,0.8096233094097824,0.06945434481750969
C13629,50,11,1614.8600000000001,1,3.0746891989976195,0.2304184566425785
C13630,301,5,1586.5,2,0.23135787654301523,1.4102088648757807
C13631,141,4,401.63,3,-0.27581762093315865,-0.3722959622393018
C13632,340,5,301.32,2,-0.7441833125807694,0.5064502178004122
C13633,21,5,525.55,3,0.5591212048449387,-0.8456266463682329
C13634,92,6,1900.74,1,1.512822294231944,0.668245183665206
C13635,625,1,15.32,0,-3.2401279403848595,1.6349856554077442
C13636,46,4,580.96,3,0.18535292880939505,-0.679285735363089
C13637,286,4,969.8299999999999,2,-0.4333656329485862,0.8118664912703806
C13638,4,4,386.17,3,0.21138467508770395,-1.0479602530525727
C13639,3,4,374.5,3,0.20744110600462431,-1.0627153056222358
C13640,230,1,138.05,2,-1.7268516145643147,-0.1708942910183963
C13641,126,4,901.84,3,0.10322570847693836,-0.019673178889843972
C13642,85,7,705.53,1,1.0816093766352939,-0.37984094679607194
C13643,48,2,109.78999999999999,3,-0.7656410938822147,-1.0734012116343716
C13644,42,7,709.0699999999999,1,1.2399729763164118,-0.5847774920014241
C13645,337,7,193.62,2,-0.16520628580079216,0.4037094804995922
C13646,62,5,1244.15,1,0.8766352382109011,-0.03656696669695557
C13647,46,5,477.46,3,0.43717786250476565,-0.7656030446708497
C13648,35,5,1455.08,1,1.1115093383774042,0.012146142678313166
C13649,74,3,552.94,3,-0.25344397825895104,-0.5693497327792953
C13650,103,5,774.2900000000001,3,0.4229212305883906,-0.23765881348011994
C13651,193,3,254.07999999999998,2,-0.8792880203865744,-0.24789392532524226
C13652,2,3,1611.5500000000002,3,0.6948408857942192,-0.017754086255058994
C13653,365,4,842.29,2,-0.8028568546056079,1.085501001401368
C13654,33,5,1186.51,1,0.9444849532768902,-0.22580131738454684
C13655,53,6,1952.65,1,1.6880568629311004,0.5237652926067969
C13656,112,2,83.96000000000001,3,-1.0146878235606946,-0.785855682363151
C13657,257,5,992.98,2,0.005900433002889918,0.692955210261523
C13658,36,2,443.1,3,-0.5057926312901444,-0.8481300643312178
C13659,5,7,1503.5,1,1.8897925800550677,-0.08846816478627825
C13660,636,1,118.86,0,-3.2128616268534818,1.7761865583783933
C13661,77,5,1271.06,1,0.83965619785205,0.058844742174330396
C13662,624,1,112.01,0,-3.1737533914652203,1.7123330037658386
C13663,3,8,1297.68,1,2.0824778381179194,-0.27142595598931163
C13664,32,4,603.99,3,0.2511101116729207,-0.7274141627656228
C13665,4,6,1389.58,1,1.5005066097696096,-0.19178657426160112
C13666,65,4,1209.33,3,0.5241618737672498,-0.053309242692463385
C13667,38,8,3941.9399999999996,4,3.6713882433979674,2.1453651236894946
C13668,346,1,59.87,0,-2.198601303105858,0.32362436623145185
C13669,74,3,140.51,3,-0.5210824187154038,-0.9199015343170883
C13670,61,6,743.68,1,0.8744836490907495,-0.4651315312087943
C13671,8,4,119.22,3,0.023634852590263968,-1.255515125857832
C13672,114,9,4333.7,4,3.9687642751653756,2.847533818282954
C13673,224,2,33.4,2,-1.4539962460978828,-0.2872047031943515
C13674,56,5,437.17,3,0.3747379410686112,-0.7514888047037183
C13675,119,8,2237.5,4,2.271339483341303,1.088358889378455
C13676,21,5,1035.29,1,0.8899070803590192,-0.4123645768876555
C13677,263,5,3224.48,4,1.4322123246194571,2.6186717342189123
C13678,19,3,398.92,3,-0.15377247139361144,-0.966238326910809
C13679,216,3,397.63,2,-0.8696114041023527,-0.014654569119258115
C13680,27,6,676.97,1,0.9545948178846958,-0.6862547815320779
C13681,10,6,1013.13,1,1.2344399867572553,-0.48274092977584865
C13682,127,3,555.17,3,-0.4443577567109853,-0.3111494774450129
C13683,35,6,597.19,1,0.873787529362634,-0.7153776102976956
C13684,65,3,443.49,3,-0.29180437318470415,-0.705902059100254
C13685,13,6,988.47,1,1.2075490061030039,-0.4891932901857158
C13686,133,3,322.89,3,-0.6168680575338606,-0.47956412142590066
C13687,127,2,125.60000000000001,3,-1.0421081164280355,-0.6779239627345202
C13688,45,9,1185.72,1,2.1763758844861387,-0.16182449685608294
C13689,335,3,262.13,2,-1.38944614614762,0.445651812490928
C13690,66,4,64.46000000000001,3,-0.22240873392028826,-1.0215747767690648
C13691,121,4,90.5,3,-0.4051303768320281,-0.7334649319060497
C13692,138,2,67.81,3,-1.1195337738949833,-0.6738482013444835
C13693,98,6,279.21,1,0.4387851806065883,-0.6809858177251302
C13694,22,3,163.12,3,-0.317678655398675,-1.152152674510477
C13695,280,4,362.33,2,-0.8058142573409472,0.26649602772900316
C13696,76,8,423.39,1,1.2501744083487274,-0.6615197843460867
C13697,212,5,235.53,2,-0.3223067502284172,-0.1684694397542587
C13698,353,1,44.85,0,-2.2337543962319693,0.3447094463478923
C13699,138,4,601.97,3,-0.13492251541071223,-0.216521436870146
C13700,98,5,196.52,3,0.06613586161289564,-0.7529238242972076
C13701,60,4,280.57,3,-0.0603916406288264,-0.8669040957173193
C13702,527,4,518.13,0,-1.6011852259062203,1.5933980767980565
C13704,415,1,550.16,0,-2.130869234267201,1.074034453964682
C13705,166,4,285.34000000000003,3,-0.44201802905208226,-0.3502400953451033
C13706,161,1,14.26,2,-1.556750624635933,-0.6097915516934561
C13708,36,4,1681.56,3,0.9358604369884669,0.2078283075021079
C13709,130,6,372.09,1,0.3829154268239892,-0.44729081696777606
C13711,86,5,1111.5900000000001,1,0.7035061803258738,-0.03317599958788437
C13712,5,4,94.69999999999999,3,0.018611427159486795,-1.2908641319819918
C13713,131,4,174.53,3,-0.38689524815653653,-0.613682821107072
C13714,33,6,4566.39,4,3.4567817021098564,2.648638676221441
C13715,60,4,1701.1299999999999,3,0.8614531887357166,0.34052472176086374
C13716,91,5,408.04,3,0.22880381435080221,-0.6069904309704545
C13717,33,4,354.78,3,0.08576067019353055,-0.9343984453199307
C13718,139,9,3062.0099999999998,4,3.0527894711407573,1.887538060666894
C13719,37,11,1880.44,1,3.2942150440087103,0.3932854133545658
C13720,49,3,297.77,3,-0.32829532460006666,-0.9071342619900775
C13721,130,3,104.14,3,-0.7479332701524195,-0.6800021763891009
C13722,1,8,1641.34,1,2.3127482240104325,0.011001749322517006
C13723,121,4,124.06,3,-0.38335226645761655,-0.7049400465688813
C13724,11,4,576.36,3,0.30939862695363723,-0.852453488787136
C13725,512,1,73.83,0,-2.792031068887069,1.1382559720100216
C13726,121,6,1119.9,1,0.9008572637089646,0.14479938365229392
C13727,480,4,456.11,0,-1.4708477119694854,1.3133939483949293
C13728,224,3,85.5,2,-1.1011977136463014,-0.2412671806051101
C13729,17,6,288.68,1,0.7389160699446493,-1.064647786630425
C13730,20,6,205.71,1,0.6741859469801494,-1.1206617103302288
C13731,90,6,337.7,1,0.5057767370109141,-0.6699587818328232
C13732,160,4,82.81,3,-0.5516692351391558,-0.5513995095720271
C13733,390,2,184.83,0,-1.9582175245974982,0.6442718366515762
C13734,149,6,857.07,1,0.6286742154473128,0.05680893826254674
C13735,17,8,1192.31,1,1.96328771102826,-0.29328379374358493
C13736,24,5,761.8,3,0.701542702670655,-0.6303141726505497
C13737,35,5,948.31,1,0.7826507866956242,-0.41859152544793204
C13738,238,6,577.14,1,0.12399795397000285,0.249276411653378
C13739,146,3,221.11,3,-0.7300990730059583,-0.5032065185959279
C13740,44,4,1056.73,3,0.5013535340571972,-0.2845689179567039
C13741,196,5,647.8499999999999,2,0.003331521042055207,0.10461382259886803
C13742,9,7,2619.5899999999997,4,2.5995397114380254,0.8795150260770342
C13743,226,4,123.25999999999999,2,-0.7649637474060287,-0.1978463013719089
C13744,13,6,1008.11,1,1.2202940027583509,-0.47249994250925614
C13745,374,1,47.05,0,-2.308545216245143,0.44813411700217703
C13746,23,4,79.47,3,-0.056601900449107685,-1.2167622029393361
C13747,26,9,932.74,1,2.081168991180559,-0.4687319577412611
C13748,18,7,2527.54,4,2.507140593835652,0.8447990450249472
C13749,96,6,516.8199999999999,1,0.6002364781437273,-0.4886970900654677
C13750,173,2,82.72,2,-1.2368889977257518,-0.4919172903570812
C13751,369,4,333.22,2,-1.1477257499234448,0.6721521703769432
C13752,101,2,53.07,3,-0.9948093302177875,-0.8653064983330472
C13753,295,3,51.64,2,-1.3808615116738618,0.07330469661648446
C13754,0,6,1263.6299999999999,1,1.4332916061017844,-0.3181836516641317
C13755,653,1,11.44,0,-3.3442704141097455,1.7670941092450454
C13756,37,6,626.62,1,0.885626654780884,-0.6806912074318092
C13757,37,5,212.87,3,0.2981423768911042,-1.034019218167264
C13758,110,5,887.11,1,0.4707274232270228,-0.1079139794452172
C13759,49,6,747.36,1,0.9204251235208031,-0.52003493556508
C13760,203,5,1220.94,1,0.3498209932405923,0.6255728692123903
C13761,45,3,385.90999999999997,3,-0.2565807796964446,-0.8515619501841943
C13762,156,3,741.67,3,-0.4285862768173001,-0.012388406717269438
C13763,173,5,778.36,3,0.17150082040775097,0.10431636375594569
C13764,97,9,421.33000000000004,1,1.4916083931142552,-0.560061719159855
C13765,130,7,2611.84,4,2.155346949757735,1.4580765449497217
C13766,170,7,679.99,1,0.7565323695296013,0.009505816568229996
C13767,77,6,6546.599999999999,4,4.5821046961593,4.544532773273062
C13768,445,3,439.26,0,-1.6737406625336693,1.1281598488025633
C13769,67,3,291.59000000000003,3,-0.3976358304301026,-0.8253401335343893
C13770,39,8,1425.31,1,2.034640618809274,0.011149151290067914
C13771,123,1,3.93,3,-1.4255349462628972,-0.8023374353332782
C13772,114,5,1286.86,1,0.7156196205931162,0.25120400395602266
C13773,53,4,585.99,3,0.1632108938777704,-0.641158821187941
C13774,211,4,1000.91,2,-0.14098805864796102,0.47558794567423573
C13775,91,8,322.41999999999996,1,1.130210125001803,-0.6748018280647019
C13776,440,1,58.93,0,-2.5403796752759296,0.7774037741271196
C13777,139,4,949.6300000000001,3,0.08705524034395673,0.08381395611772906
C13778,174,3,66.08,2,-0.9323274043915207,-0.49957054445806054
C13779,109,5,768.8,3,0.39758189674444233,-0.21330949007076933
C13780,138,1,11.95,3,-1.4747722853396454,-0.7229815990489739
C13781,11,3,1533.83,3,0.6117409434500493,-0.04029004326418963
C13782,331,1,185.21,2,-2.0628225814447383,0.3576201005241668
C13783,226,4,192.0,2,-0.7203562591123144,-0.13941958450430014
C13784,314,1,440.25,2,-1.8356186614867274,0.492184646602473
C13785,67,3,186.52999999999997,3,-0.465812477508043,-0.9146376440684448
C13786,140,5,1142.8400000000001,1,0.5277949165765866,0.25452623205264885
C13787,84,7,2710.0299999999997,4,2.3860201816159012,1.3190815355043082
C13788,235,4,457.40999999999997,2,-0.5807886504203746,0.12969356175660993
C13789,140,5,539.11,3,0.1360160555413218,-0.2586242156412914
C13790,135,4,94.96000000000001,3,-0.4530484579615677,-0.6619709175571883
C13791,278,5,357.7,2,-0.4825706552307813,0.25454305419536494
C13792,245,4,188.77999999999997,2,-0.7914053812395189,-0.05027361418475137
C13793,496,6,1945.2500000000002,2,0.07540806174410225,2.6597970369735373
C13794,65,3,2813.68,4,1.2462844059668603,1.308680717339048
C13795,175,4,1013.46,3,-0.0021837501770683825,0.31216118245219393
C13796,143,3,310.82,3,-0.6609951579102448,-0.4414638187586831
C13797,23,7,1114.93,1,1.5723075084898936,-0.3316928356178306
C13798,34,3,194.71,3,-0.340732348156932,-1.0672709416130133
C13799,88,3,29.330000000000002,3,-0.6440428324938395,-0.9466976790978499
C13800,95,5,468.10999999999996,3,0.25326727119305426,-0.5365891654276572
C13801,42,4,107.86,3,-0.10713832683926956,-1.1007487825152615
C13802,399,4,214.53,2,-1.333630845560388,0.716347817871753
C13803,2,6,571.66,1,0.9769922087518434,-0.8966632881973282
C13804,136,6,882.26,1,0.6922036375470572,0.015352379295097224
C13805,353,2,443.66,2,-1.6559651412561853,0.6853389533009487
C13806,32,3,601.34,3,-0.06959880343615037,-0.7313208277886253
C13807,97,6,600.4399999999999,1,0.6508706026928056,-0.41278692724523053
C13808,11,5,576.51,3,0.628485215604543,-0.8506717407290595
C13809,179,4,180.42000000000002,2,-0.5572866865556357,-0.376551388223078
C13810,5,7,1010.51,1,1.569876291810695,-0.5074932906018507
C13811,165,8,1298.85,1,1.4952660534712792,0.5129908138871435
C13812,603,2,589.13,0,-2.468927915217506,2.017968666003091
C13813,626,1,438.12,0,-2.969389540603573,1.9991875526934386
C13814,9,9,889.26,1,2.1146541534219625,-0.5878994966108537
C13815,94,7,2475.6,4,2.197596876744459,1.1681832236431362
C13816,236,5,794.52,2,-0.04666786325574776,0.42271605819267755
C13817,335,3,269.62,2,-1.3845856560789565,0.4520180637178467
C13818,264,3,285.65999999999997,2,-1.1164858010451988,0.12229977837025861
C13819,80,4,1503.0600000000002,3,0.6603304916354695,0.2688906040114585
C13820,108,2,128.21,3,-0.9714548419566233,-0.7675884127935109
C13821,71,2,28.75,3,-0.9017077972937346,-1.031055895889491
C13822,367,3,190.17000000000002,2,-1.552285617275809,0.5392382882489131
C13823,17,6,1927.9699999999998,1,1.8027014857869945,0.3286942659430748
C13824,10,5,533.35,3,0.6041068224544125,-0.8921922473889322
C13825,61,9,854.09,1,1.9030998219794109,-0.36632393924925405
C13826,79,4,240.96,3,-0.1550553466810855,-0.8086884167392353
C13827,407,2,53.59,0,-2.105083838347161,0.6149331786764115
C13828,123,5,537.64,3,0.19676279158573567,-0.34208464983226544
C13829,138,4,1434.45,3,0.4052992165466813,0.49105891311453476
C13830,53,4,285.78,3,-0.03160455652455654,-0.89632735000413
C13831,267,3,876.0799999999999,2,-0.744232558544115,0.6386449886750963
C13832,55,4,334.51,3,-0.007241070849270077,-0.8452365881690137
C13833,33,3,1133.35,3,0.2720093053436307,-0.2742940578070979
C13834,10,2,884.66,3,-0.12488512152860834,-0.5985531749301959
C13835,71,3,283.08,3,-0.4176760329882423,-0.8132295901734455
C13836,403,5,350.85,2,-0.940697182680677,0.853213303884978
C13837,70,6,914.1,1,0.952409341678239,-0.2767567299472173
C13838,262,3,333.76,2,-1.0780133383428252,0.15351130042066113
C13839,19,6,3027.0499999999997,4,2.5086692095958676,1.2725476414222539
C13840,484,2,198.69,0,-2.2903917241352305,1.1106307529796062
C13841,4,5,2567.69,4,1.9460289701578624,0.8079135429178658
C13842,548,1,71.24,0,-2.924372028748631,1.310148404420329
C13843,350,2,193.61999999999998,2,-1.8073353918251414,0.45830543760473275
C13845,63,7,908.06,1,1.2928852057841806,-0.3140878575360145
C13846,179,2,381.83,2,-1.0645640759068347,-0.2086680839411313
C13847,254,3,145.08,2,-1.1714179542043905,-0.04554795417534817
C13848,44,4,236.06,3,-0.031204327711823198,-0.9821111601990735
C13849,485,5,249.57999999999998,0,-1.3040293503862057,1.1636842620155732
C13850,165,4,209.69,3,-0.48748017685252937,-0.41937602288115605
C13851,125,5,1515.8,1,0.8242618292660675,0.4989907418873666
C13852,89,4,2308.08,4,1.1500675323636491,0.9966543276498834
C13853,74,6,819.89,1,0.8767557881341914,-0.337488340143941
C13854,7,11,2093.32,1,3.5412429112834913,0.4291481374303127
C13855,140,3,1431.24,3,0.07696799866370878,0.4963481470461648
C13856,75,6,1346.39,1,1.2147882894001765,0.11485511284688935
C13857,49,5,160.02,3,0.22029298568185463,-1.0209086806771452
C13858,670,2,442.52,0,-2.8072408332137786,2.217363027396965
C13859,84,3,485.27000000000004,3,-0.33365161906493235,-0.5785075834120349
C13860,58,2,151.91,3,-0.7746026459514068,-0.9892412088354156
C13861,223,4,859.3,2,-0.2764365284279129,0.41325543124161723
C13862,63,4,853.31,3,0.30038850916011217,-0.36558629818843935
C13863,199,6,2030.14,4,1.2084426735775107,1.2956764847503075
C13864,311,3,536.4399999999999,2,-1.1243311780846177,0.5627436372931682
C13865,194,7,481.33000000000004,1,0.5405090000906821,-0.043286020875345645
C13866,131,3,138.24,3,-0.7294341880866804,-0.6461823688101205
C13867,12,6,1287.1799999999998,1,1.4050205114540675,-0.2401356517258706
C13868,230,4,791.46,2,-0.34586613496214075,0.38944526572309857
C13869,129,2,10.8,3,-1.1238642490342603,-0.7658282694091518
C13870,381,4,407.6,2,-1.1430117030237437,0.7934039820460823
C13871,49,4,1091.01,3,0.5054516203333794,-0.23125235564669647
C13872,107,3,569.63,3,-0.36238520400423324,-0.39557776126764194
C13873,29,5,168.2,3,0.29819025432569524,-1.1106747559156687
C13874,235,2,57.45,2,-1.4783134246303302,-0.2135676600404932
C13875,420,7,1750.09,1,0.5435902807736485,2.1280403185822307
C13876,92,2,40.76,3,-0.9701326082850681,-0.9192930510648362
C13877,227,4,456.58,2,-0.5522916562153961,0.09030056790514976
C13878,88,5,319.16,3,0.18201521658101652,-0.6970432994396724
C13879,319,5,617.9,2,-0.46252640123401606,0.6739779591777877
C13880,170,4,377.95,3,-0.3964383710303501,-0.2521809105868276
C13881,217,4,608.1400000000001,2,-0.41764522877921856,0.17076213221295053
C13882,352,3,612.9200000000001,2,-1.223508450845507,0.8260226443570999
C13883,132,5,195.10999999999999,3,-0.058180458513139736,-0.589700311434231
C13884,9,7,299.24,1,1.093793632556445,-1.0927054057495007
C13885,109,3,634.25,3,-0.3277102113608479,-0.3309810272034552
C13886,177,5,181.76999999999998,3,-0.2301624795575383,-0.3834215603766131
C13887,94,3,525.79,3,-0.34365146006735037,-0.4957075274706316
C13888,90,5,290.87,3,0.15639806873314516,-0.7114169794600003
C13889,99,3,2752.04,4,1.0828829968107057,1.4207107306830247
C13890,284,3,181.98000000000002,2,-1.2563559403909554,0.1308940255486041
C13891,243,3,1560.29,2,-0.2131209444003231,1.1041381990466241
C13892,9,7,1234.73,1,1.7008617038960834,-0.2975699771420039
C13893,463,3,189.54000000000002,0,-1.9011217226123402,1.002953066203008
C13894,41,5,86.16,3,0.2013985793909072,-1.1223747489080274
C13895,275,2,2537.72,4,-0.01396839981827656,2.0880170672939595
C13896,26,4,496.19,3,0.2029320997386482,-0.8480562233575657
C13897,74,7,2096.31,4,2.0240530122901697,0.7490805178446426
C13898,362,3,101.85,2,-1.5914519122716935,0.43998952082506243
C13899,32,7,1015.36,1,1.4750284329013588,-0.37280056690041574
C13900,14,3,406.05999999999995,3,-0.13099185291091028,-0.9843492649459203
C13901,79,3,196.09,3,-0.5031621110156529,-0.8484806794659103
C13902,155,6,1460.21,1,0.9982935024966334,0.5984735466170928
C13903,167,4,271.61,3,-0.4545572967839625,-0.35707419913908955
C13904,19,8,2425.7599999999998,4,2.756452237310604,0.7647796187664433
C13905,13,3,323.74,3,-0.18078236770174244,-1.059154470944396
C13906,75,8,1055.8,1,1.6641940493357013,-0.1288282294079022
C13907,139,4,616.24,3,-0.12929172681114068,-0.19955647065695956
C13908,24,5,2093.61,4,1.5657949427703288,0.5016800925727564
C13909,22,3,367.6,3,-0.18498532973241535,-0.9783514661152393
C13910,72,3,488.15,3,-0.28822928910149176,-0.6340909611970972
C13911,286,4,1311.6100000000001,2,-0.21157413819988588,1.1023681393793614
C13912,366,3,455.52000000000004,2,-1.3764624361825033,0.7599410347287842
C13913,133,3,108.36,3,-0.756083135561945,-0.6619074960201414
C13914,38,6,1476.06,1,1.433224798606835,0.046140519420318306
C13915,48,3,125.07999999999998,3,-0.43672969620065955,-1.0587509664367025
C13916,139,4,597.55,3,-0.1414202394123848,-0.21544234988674732
C13917,14,4,114.32,3,-0.0013216122095571102,-1.2306643220447586
C13918,72,2,69.92,3,-0.8786207760043039,-0.9912268231336997
C13919,68,2,522.72,3,-0.5702672046068524,-0.6257056231558318
C13920,228,7,851.5600000000001,1,0.6573612419296737,0.4358191483256892
C13921,506,2,1165.26,0,-1.7430028083876767,2.0385738331976024
C13922,194,1,99.12,2,-1.621454252519963,-0.378077344382197
C13923,219,4,592.95,2,-0.4347613859863036,0.16752301708883546
C13924,57,5,902.3599999999999,1,0.672984508274549,-0.3512568153607364
C13925,6,5,3247.83,4,2.38013371541322,1.3956818330825842
C13926,4,5,1061.1799999999998,1,0.9684085571615946,-0.472569919814478
C13927,267,4,1392.0,2,-0.09044704296203379,1.078814105933152
C13928,75,6,1643.1299999999999,1,1.4073519506785697,0.36707425691576057
C13929,311,3,275.28,2,-1.2938058892104018,0.3407663114691253
C13930,6,6,144.81,1,0.6854783859901482,-1.2401278500792625
C13931,639,1,351.63,0,-3.072698407457532,1.9885411476808996
C13932,45,7,452.46,1,1.06256254687358,-0.7883796484171373
C13933,34,5,1321.74,1,1.0286103852283337,-0.10602436874037464
C13934,58,2,130.76,3,-0.7883275277874856,-1.0072180063586906
C13935,104,5,772.74,3,0.41828593736069186,-0.23414032182098612
C13936,5,8,866.87,1,1.7956531518937626,-0.6279282666984652
C13937,110,3,252.01,3,-0.5793868883321321,-0.6510363912954121
C13938,145,4,205.64999999999998,3,-0.41751283993620086,-0.5195286922442384
C13939,161,2,416.06,3,-0.9770210672161835,-0.2666206440503483
C13940,334,5,583.13,2,-0.5395314799687223,0.7169637166904165
C13941,130,3,451.84000000000003,3,-0.5223001063507837,-0.3844687249071753
C13942,158,3,945.85,3,-0.30334653197329264,0.1708296919969534
C13943,214,3,935.95,2,-0.5130201908712536,0.43322767074957874
C13944,353,6,664.85,2,-0.23647118928988534,0.8799601188504762
C13945,59,4,294.43,3,-0.04776801192112159,-0.8599594962411571
C13946,421,1,1137.23,0,-1.7716782616909672,1.6020400960686831
C13947,210,3,309.8,2,-0.9048302722888004,-0.11832279299537131
C13948,71,5,370.68,3,0.27714878423270295,-0.7354639936420722
C13949,13,4,436.0,3,0.2110558286391299,-0.9620829465111724
C13950,252,3,460.14000000000004,2,-0.959706982993289,0.21257070105772588
C13951,207,5,492.6,2,-0.13733891107001045,0.025851821028224604
C13952,133,5,309.24,3,0.012252538131388206,-0.4878576619740355
C13953,3,8,1737.91,1,2.368156548789171,0.10275492219845973
C13954,44,3,274.84000000000003,3,-0.32502804875617824,-0.9508037012793203
C13955,32,3,39.57,3,-0.434148537197568,-1.2088066691432453
C13956,132,3,1239.97,3,-0.018117347408515744,0.29508747847449207
C13957,30,8,1069.4099999999999,1,1.8363512816375813,-0.33487748943330836
C13958,51,4,222.22999999999996,3,-0.06558519344384715,-0.9600146196073284
C13959,26,10,576.41,1,2.168924805508752,-0.7699463695459308
C13960,99,5,1590.38,1,0.9670247935805968,0.4366468201729527
C13961,151,3,52.269999999999996,3,-0.8578117668027938,-0.6225352098522384
C13962,434,3,541.81,0,-1.567268872159729,1.162128600752564
C13963,5,4,928.3800000000001,3,0.5596118758167997,-0.5822638218541464
C13964,432,1,1799.45,0,-1.3818674099004642,2.2181004430253037
C13965,98,3,75.28999999999999,3,-0.6505124911232897,-0.8592738038407671
C13966,199,3,262.64,2,-0.8955098795356333,-0.21160256857300672
C13967,26,5,223.3,3,0.3448346819345679,-1.078349406540861
C13968,507,3,1477.35,0,-1.2251182644163687,2.3103301606486895
C13969,158,8,1456.96,1,1.6232746237569413,0.6135274811752149
C13970,15,9,1485.07,1,2.4795167792959423,-0.05246514479747113
C13972,27,4,1699.6699999999998,3,0.9802776272641421,0.17969774439953992
C13973,23,4,178.15,3,0.00743456950759464,-1.1328874804997722
C13974,142,2,50.85,3,-1.145057439881722,-0.66891987732499
C13975,63,4,111.03999999999999,3,-0.1812931948808431,-0.9964911444107256
C13976,135,8,435.71,1,1.0440316345400316,-0.3657277230770338
C13977,220,3,227.03,2,-0.9948367649021004,-0.14031514209626464
C13978,250,3,304.1,2,-1.0537072095588647,0.07027000342012056
C13979,515,2,40.83,0,-2.5053448815423445,1.1263691416453419
C13980,95,3,450.97,3,-0.39583389713095884,-0.5544661022195525
C13981,60,7,1233.04,1,1.5146630192049182,-0.05237347196350169
C13982,7,5,472.0,3,0.5751832836419436,-0.9588455302403838
C13983,64,7,398.45000000000005,1,0.9585542404222884,-0.7424034911570276
C13984,422,2,459.33000000000004,0,-1.8962285058473014,1.0323378050768837
C13985,121,8,632.6899999999999,1,1.2226702923627017,-0.2660044280600076
C13986,152,9,4088.2799999999997,4,3.671584600122025,2.822700696410833
C13987,109,2,766.95,3,-0.5605863720248473,-0.21984468774535726
C13988,23,5,249.0,3,0.3724005503954162,-1.0710130806735847
C13989,303,2,115.60999999999999,2,-1.6873742779148322,0.16471034029393797
C13990,34,3,189.42999999999998,3,-0.3441587016365772,-1.0717587662429373
C13991,584,3,141.02,0,-2.3717713841723915,1.5468614392116797
C13992,94,4,295.76,3,-0.17393571307264397,-0.6895711342072334
C13993,246,3,284.0,2,-1.0522329109879693,0.033841910312562146
C13994,80,7,1095.76,1,1.3529888122614193,-0.0723381087937635
C13995,226,2,143.63,2,-1.389723529551729,-0.18384098402205262
C13996,58,6,1010.56,1,1.0585585956237247,-0.25280021590116464
C13997,0,4,968.59,3,0.603852628688112,-0.5722663582772151
C13998,66,5,677.4499999999999,3,0.4943684733794365,-0.4988993835968576
C13999,221,3,988.76,2,-0.5041563225344222,0.5119659979583948
C14000,171,7,1292.22,1,1.150197689698992,0.5347169221203071
C14001,349,5,2470.61,4,0.630870254979903,2.393798128534744
C14002,473,2,419.74,0,-2.107021659644253,1.2453205690671059
C14003,147,1,3.61,3,-1.5128494238168109,-0.6865468604474747
C14004,28,4,899.0199999999999,3,0.4570819049484736,-0.4959922226103131
C14005,152,7,971.1,1,1.0107726664496577,0.16989272443910233
C14006,36,7,303.64,1,0.9986537548846391,-0.9583951671017524
C14007,57,4,702.92,3,0.22457254368453503,-0.5224284441948639
C14008,247,8,752.99,1,0.843425837751459,0.44557503864313636
C14009,151,4,288.13,3,-0.38576575037022703,-0.4204077906730671
C14010,243,3,274.49,2,-1.0475158883639217,0.011250905645818876
C14011,439,2,106.24,0,-2.1870600694945566,0.8144340156341744
C14012,14,4,370.45,3,0.1648889780823984,-1.0129623291541472
C14013,45,3,95.97,3,-0.4447317130086283,-1.0980013201084666
C14014,87,5,905.85,1,0.5663657513010625,-0.2032122259560569
C14015,279,4,195.22,2,-0.9106275962869151,0.11962213794809323
C14016,111,7,534.83,1,0.8764712046572236,-0.39919583254913765
C14017,327,1,7.08,2,-2.16389878294739,0.18687175622969798
C14018,4,6,554.1,1,0.9583380860624177,-0.901916824604193
C14019,13,7,1027.88,1,1.5521126094529383,-0.4540418461104393
C14020,3,3,46.87,3,-0.3241572700542759,-1.3428441767499155
C14021,3,7,826.79,1,1.4579136667003127,-0.673321068875118
C14022,230,3,359.24,2,-0.9453361607248462,0.020418368450769483
C14023,155,6,1431.8999999999999,1,0.9799222776843689,0.5744109869062692
C14024,577,1,24.01,0,-3.0602750940817405,1.4102467382631991
C14025,309,5,685.87,2,-0.3821240812530549,0.6833907998463185
C14026,350,5,1120.55,2,-0.24885441908801398,1.2511279096448653
C14027,133,5,442.11,3,0.09847594472995981,-0.3749225751221417
C14028,388,1,12.92,0,-2.381505528582923,0.4868279130804388
C14029,86,4,86.19,3,-0.2808964888186388,-0.9063861949621654
C14030,153,4,258.57,3,-0.4122070400588464,-0.4358609285115775
C14031,401,2,289.74,0,-1.9300621761670458,0.786637194119005
C14032,134,2,277.18,3,-0.9691493743820077,-0.5152344160754028
C14033,91,11,1052.69,1,2.561072409233812,-0.04913382415351821
C14034,93,3,312.33,3,-0.4785427315477037,-0.681977377781272
C14035,59,4,299.93,3,-0.04419889371315783,-0.8552846789183196
C14036,185,2,107.86,2,-1.2641282927460753,-0.41251784322912705
C14037,0,3,123.65,3,-0.26344402740019346,-1.2920915474552686
C14038,542,3,246.19,0,-2.151086420137572,1.4331429586418925
C14039,172,6,3348.67,4,2.162072287769587,2.2858128062664473
C14040,245,2,191.87,2,-1.427378683864058,-0.05095572289646441
C14041,426,3,611.14,0,-1.4932429082327983,1.1823692766047909
C14042,143,8,921.41,1,1.3301816122433046,0.08578866628791873
C14043,680,1,648.78,0,-3.0286761684090826,2.4393823254049303
C14044,27,7,2013.75,1,2.1410614920466178,0.451618071657682
C14045,219,4,698.6800000000001,2,-0.36614995541757495,0.2573900053694912
C14046,433,1,147.93,0,-2.45721869759979,0.8191992368367733
C14047,31,2,149.68,3,-0.6780545889139135,-1.121707019557608
C14049,95,6,1388.76,1,1.1696944617404388,0.24758700911621886
C14050,28,6,2503.6499999999996,4,2.136353884901646,0.8711984872418127
C14051,101,4,320.02,3,-0.1835988128880608,-0.6350993587378736
C14052,49,4,310.67,3,-0.0009348710125176738,-0.8945154374108778
C14053,29,7,3427.2799999999997,4,3.0510854377635277,1.6627435029852689
C14054,307,2,684.03,2,-1.3330269590692396,0.6671922214848138
C14055,191,5,258.14,2,-0.23141596244440998,-0.2508064344486166
C14056,323,1,8.49,2,-2.1484659875304404,0.16872644868836406
C14057,58,4,135.16,3,-0.14749373509428299,-1.0001696464200587
C14058,80,1,46.84,3,-1.2416229495185915,-0.9738107881749738
C14059,28,4,170.69,3,-0.015553706761751693,-1.1150485318361714
C14060,277,4,1381.89,2,-0.13330223939521627,1.1185803435008719
C14061,296,3,105.95,2,-1.349247542520314,0.12430233293992766
C14062,13,7,712.8399999999999,1,1.3476735185007744,-0.7218153823625701
C14063,53,5,306.53,3,0.30085000214163155,-0.8770362861550621
C14064,24,5,1574.52,1,1.2289415663027097,0.060470833643354836
C14065,400,3,1226.6,2,-0.999486370041281,1.5797553900860741
C14066,112,5,1984.2,4,1.1754037751751965,0.8342479621298806
C14067,222,5,1192.46,2,0.2623798845800852,0.6932486785183255
C14068,198,4,711.9200000000001,2,-0.28133964719877147,0.16708882189059024
C14069,381,4,876.12,2,-0.8389747461518933,1.1916304206089579
C14070,65,4,264.57,3,-0.08892178407926551,-0.8563238634059062
C14071,0,6,1048.48,1,1.293674191112075,-0.501054005665674
C14072,86,4,1038.75,3,0.3372488275773524,-0.09674183331815303
C14073,88,4,1017.4399999999999,3,0.31616121520067864,-0.10518274517240715
C14074,231,1,39.05,2,-1.7947251931312982,-0.25020506265208287
C14075,251,2,162.65,2,-1.4681171404489117,-0.046776111318192586
C14076,151,5,254.04,3,-0.08889854489035388,-0.4477289053666189
C14077,183,4,77.0,2,-0.6389168907715643,-0.4451111925185896
C14078,60,6,500.01,1,0.7199881846899262,-0.6770788781236019
C14079,7,5,694.13,3,0.7193302341028506,-0.7700424080727676
C14080,82,2,174.22,3,-0.8472318244060076,-0.8542158855831007
C14081,135,2,225.86,3,-1.006081942738862,-0.5540187713540181
C14082,363,4,147.44,2,-1.2465073687408106,0.48522969981502423
C14083,190,3,86.38,2,-0.977225326729397,-0.4049411758646511
C14085,485,2,63.56,0,-2.38171116467562,1.0006106813688074
C14086,52,8,3382.54,4,3.2575641635879844,1.7375968661010581
C14087,133,7,1356.92,1,1.330102629734486,0.40594404643184806
C14088,274,5,679.42,2,-0.2592789046878551,0.5086506078682259
C14089,116,4,223.72,3,-0.3005325904111325,-0.6444120575660067
C14090,59,10,1951.24,1,2.941322162120541,0.5581994926636304
C14091,4,3,1721.94,3,0.7592174312336956,0.08574562760299524
C14092,312,2,79.23,2,-1.74364742994678,0.17731201021682574
C14093,221,2,32.620000000000005,2,-1.443614059481922,-0.3023754978195728
C14094,288,4,336.67,2,-0.8515014226966457,0.2833734014201062
C14095,4,2,1583.74,3,0.3505459755628997,-0.03337403525830186
C14096,117,5,680.9300000000001,3,0.31152475980375754,-0.24930855013488806
C14097,438,2,14.41,0,-2.24302191413225,0.73154562550112
C14098,463,1,21.66,0,-2.648042687057891,0.856952136093927
C14099,296,3,407.96,2,-1.153264017068108,0.3810008019708634
C14100,59,3,2213.88,4,0.878832547065649,0.7698549980496435
C14101,451,2,11.59,0,-2.2920347590843306,0.7920159414707284
C14102,249,5,1055.34,2,0.07540335076445558,0.7072716176155356
C14103,76,3,726.15,3,-0.14830161357869592,-0.41245510542657765
C14105,316,3,122.99000000000001,2,-1.4107787818541826,0.23550457052062576
C14106,6,4,572.01,3,0.32472303303461025,-0.8803305451930479
C14107,150,6,330.55,1,0.2833698339223903,-0.38587963370922684
C14108,64,4,612.1999999999999,3,0.14029540540517782,-0.5656858497763866
C14109,85,3,245.82,3,-0.49266749805164506,-0.7771961901352713
C14110,677,1,13.96,0,-3.429741928807183,1.8852985898030046
C14111,5,7,512.1,1,1.2464427998050198,-0.9311252363973829
C14112,24,4,248.64,3,0.04954823549838847,-1.0681373815793271
C14113,268,5,422.78999999999996,2,-0.40403725532962664,0.26150799052030066
C14114,19,8,1066.97,1,1.87469185007441,-0.39014675034234503
C14115,214,1,25.97,2,-1.7415125411586043,-0.3435336112281738
C14116,205,5,647.8299999999999,2,-0.029346514982335762,0.1481202848596414
C14117,4,5,382.52,3,0.5280053275221983,-1.0494083787811839
C14118,200,5,620.44,2,-0.02897346953981425,0.10065999370497046
C14119,14,2,74.19,3,-0.6653416946428589,-1.2680819952461146
C14120,36,6,288.84,1,0.6700603331888845,-0.9726289285742961
C14121,30,3,354.40999999999997,3,-0.22258033071478514,-0.9508750066030848
C14122,179,4,198.78,2,-0.5453723210468695,-0.3609459980326605
C14123,366,2,516.9399999999999,2,-1.6555943688217132,0.8104917416829083
C14124,304,7,760.3100000000001,1,0.32230806361028896,0.7257911325873802
C14125,3,2,3397.15,4,1.5309526353871812,1.5031282939109851
C14126,39,7,595.54,1,1.1771882396691158,-0.6957820417448136
C14127,114,5,812.9300000000001,3,0.4080719492657961,-0.15162075491895283
C14128,490,2,301.41,0,-2.24551027956395,1.2269549822988197
C14129,58,5,2921.19,4,1.9794355868660878,1.3695175713373766
C14130,32,5,1024.3600000000001,1,0.8428903100239223,-0.3684593719070434
C14131,12,7,1434.55,1,1.819642660573414,-0.11322179343722426
C14132,216,3,113.52000000000001,2,-1.053979072114095,-0.25613863268132286
C14133,12,7,371.12,1,1.1295504104107064,-1.0171019726417805
C14134,113,5,158.94,3,-0.012692712060788515,-0.7123264734531559
C14135,4,9,1495.55,1,2.5262415308685693,-0.09675283483176973
C14136,0,7,728.81,1,1.405219800622805,-0.771108635096667
C14137,77,6,2304.89,4,1.8295293518134959,0.9392201575543422
C14138,67,6,275.41,1,0.5488322199228987,-0.8341298370108485
C14139,115,5,143.07999999999998,3,-0.0302436527586617,-0.716135066323871
C14140,167,1,11.76,2,-1.5801496560359154,-0.5829008275940538
C14141,219,5,405.46,2,-0.23744013197945582,0.00981699742741654
C14142,11,8,732.1,1,1.6864200722451685,-0.7134626493793744
C14143,39,2,582.36,3,-0.4263109107354108,-0.7152558691848087
C14144,100,6,974.27,1,0.8825719701642769,-0.08053602311373272
C14145,127,7,1051.31,1,1.153559659124339,0.11717005590708995
C14146,14,5,669.91,3,0.6782069796106915,-0.7567770223872552
C14147,658,2,495.28,0,-2.729449845757023,2.204175992896109
C14149,406,1,15.58,0,-2.4451094880568864,0.5761357479241058
C14150,186,9,3592.35,4,3.2263591279592196,2.5655986342757027
C14151,31,4,512.7900000000001,3,0.1955570933026852,-0.8097670738235158
C14152,178,3,112.34,2,-0.9168256789041739,-0.4409073202295152
C14153,77,4,237.33,3,-0.1501520630510692,-0.8214456765270842
C14154,442,3,233.39999999999998,0,-1.7964411599339278,0.938677865710522
C14155,378,4,1328.6799999999998,2,-0.534406368918062,1.5617835687355806
C14156,695,1,459.03,0,-3.2062525089383747,2.350640230427859
C14157,32,6,2053.63,4,1.8298043405256748,0.5080401949289431
C14158,59,7,1633.91,1,1.7784292729424507,0.28351677335108477
C14159,3,3,368.46999999999997,3,-0.11546119447588632,-1.0694948583818185
C14160,350,2,35.38,2,-1.9100221673211748,0.3238066933927687
C14161,189,3,535.3299999999999,2,-0.6822584905484288,-0.028184527480605435
C14162,82,1,162.37,3,-1.173910900881127,-0.8659422450370314
C14163,15,5,311.82000000000005,3,0.44220197622528445,-1.0563056885980258
C14164,104,6,1421.35,1,1.1581780520363565,0.3188108882674886
C14165,389,1,92.67,0,-2.333382765391085,0.5594487044389703
C14166,143,4,252.91,3,-0.3795854789237709,-0.4890311422940511
C14167,111,5,559.73,3,0.25465107805371884,-0.3813401656588352
C14168,28,2,399.49,3,-0.5050568874372912,-0.9238846372864938
C14169,501,4,653.6,0,-1.4189088783766157,1.5828086326813833
C14170,561,1,103.45,0,-2.950652835368899,1.4003930569024825
C14171,234,5,925.85,2,0.04581509189186633,0.5246703158394007
C14172,385,5,381.58,2,-0.8554254310314575,0.7922858600248643
C14173,282,3,251.88,2,-1.2037367909733803,0.18063482353316238
C14174,105,8,1217.6399999999999,1,1.6603334502224072,0.15380860055519796
C14175,109,4,253.70999999999998,3,-0.25566500645352774,-0.6527731348964695
C14176,578,2,451.59,0,-2.467445557049026,1.7801657298260134
C14177,1,6,574.53,1,0.9824840903494535,-0.8990598236989811
C14178,72,4,534.77,3,0.06101310375379138,-0.5928112565949738
C14179,31,5,1032.71,1,0.8519383312178308,-0.3661980894215782
C14180,202,5,683.28,2,0.004546426665357372,0.16374378689012967
C14181,90,4,122.01,3,-0.27216959862059054,-0.8565966239791515
C14182,151,6,2340.0,4,1.5837339436428925,1.3269220645364834
C14183,356,5,539.93,2,-0.6474131992858154,0.7866358354390307
C14184,138,3,665.19,3,-0.4128863730000429,-0.16444078970127496
C14185,113,5,687.09,3,0.3300399754912216,-0.26341651544286243
C14186,192,1,22.28,2,-1.6640591768908604,-0.45306067257094257
C14187,105,5,569.78,3,0.2829495353573605,-0.4018136405241607
C14188,136,6,250.03,1,0.2819302548887075,-0.5220221217990006
C14189,351,1,33.96,0,-2.233562348636465,0.3257814276938979
C14190,277,4,283.67999999999995,2,-0.8459642952439205,0.18513831948026307
C14191,69,4,224.54,3,-0.12941627862195365,-0.871004273138751
C14192,152,3,644.75,3,-0.4769628256529093,-0.1141109483230778
C14193,105,4,884.82,3,0.16839937724610857,-0.1356943573122108
C14194,55,2,86.33,3,-0.8062711611310914,-1.0594898511915218
C14195,138,2,410.94,3,-0.8968662228588739,-0.38219909807444297
C14196,18,5,992.57,1,0.8730731183127984,-0.4631829785164772
C14197,167,5,291.75,3,-0.12249858577356669,-0.33830161502946376
C14198,49,4,111.69,3,-0.13005907847081358,-1.063641828483278
C14199,49,8,1259.19,1,1.8905457620807413,-0.08168792942146239
C14200,90,8,1850.25,1,2.1252951888569407,0.6189669863671436
C14201,352,3,150.91,2,-1.523320869620295,0.4333294895708919
C14202,169,3,462.54999999999995,3,-0.6568986419258146,-0.1867639137112965
C14203,641,2,120.99,0,-2.9106374097658905,1.8038309415596316
C14204,243,3,632.67,2,-0.8150819320496568,0.31569200904471484
C14205,35,2,46.17,3,-0.7597431968823358,-1.190343320863857
C14206,85,4,374.41,3,-0.09023226528603669,-0.6662447080871501
C14207,6,8,599.52,1,1.6185321096339247,-0.8503309467502772
C14208,10,5,951.92,1,0.8757296966921194,-0.5364216497852807
C14209,398,2,44.36,0,-2.078408410217982,0.5635645236454115
C14210,37,6,1203.61,1,1.2600531120196121,-0.19026887159471906
C14211,93,3,294.46,3,-0.49013912107066954,-0.6971662842465639
C14212,51,6,1314.7,1,1.2813304989837409,-0.02814289885782835
C14213,58,7,1201.38,1,1.5013767785859848,-0.08895530076210222
C14214,86,4,858.73,3,0.22042834397778252,-0.24975285412855353
C14215,81,3,111.44,3,-0.5653529865364038,-0.9107584875435328
C14216,75,2,236.08999999999997,3,-0.7816763334538784,-0.8354800217768256
C14217,31,5,856.22,1,0.7374085725771903,-0.516208727477503
C14218,95,8,3624.55,4,3.2585454686278665,2.1512427556014546
C14219,338,5,765.03,2,-0.4360088101671567,0.8909164357679936
C14220,304,1,1180.14,2,-1.3191869039975834,1.072707170100269
C14221,3,7,955.0699999999999,1,1.5411584819216926,-0.5642873295708286
C14222,147,3,1300.81,3,-0.03307817307714674,0.41933856039375556
C14223,114,6,5460.66,4,3.7431153380927333,3.80044962827967
C14224,19,5,492.15999999999997,3,0.5447123143169548,-0.8836789177065624
C14225,26,7,661.5,1,1.2671745616486205,-0.7025854548482477
C14226,26,2,394.78999999999996,3,-0.5008479595313697,-0.9375513615353311
C14227,22,5,1218.1299999999999,1,1.0049280973797634,-0.25212070956343025
C14228,27,12,3627.31,4,4.783096169298605,1.8313617440290668
C14229,359,2,117.68,2,-1.8892802377310975,0.4372824214746295
C14230,315,2,582.02,2,-1.4282599744573077,0.619174631067073
C14231,176,8,1068.34,1,1.305757105662604,0.37026031200436377
C14232,33,7,851.5200000000001,1,1.3650781953153988,-0.5072231849364262
C14233,199,2,41.04,2,-1.358302145850825,-0.4016094613842395
C14234,97,7,664.6,1,1.0114952379785767,-0.35659880521718545
C14235,443,3,98.18,0,-1.8878190042268108,0.828581297088986
C14236,70,3,335.39,3,-0.38010102335395446,-0.7736037677767194
C14237,262,3,140.25,2,-1.2035878955106554,-0.010965772332480738
C14238,113,3,515.66,3,-0.41918469252492385,-0.4124348276421386
C14239,45,4,799.55,3,0.330832115829176,-0.4983274357951964
C14240,45,4,768.57,3,0.3107282463595911,-0.5246594068245608
C14241,136,5,476.28999999999996,3,0.10976803959508777,-0.3313628898455075
C14242,252,3,41.06,2,-1.2316608118284615,-0.14363337960677053
C14243,61,5,276.56,3,0.25236594597205597,-0.863822269311492
C14244,322,7,670.76,1,0.1988662150533551,0.7367235300967117
C14245,155,3,151.54999999999998,3,-0.8079037417906765,-0.5188067466315398
C14246,291,1,124.45,2,-1.9570735707385412,0.11253851151307875
C14247,279,2,167.19,2,-1.5667956186626966,0.09248906285697975
C14248,540,2,297.0,0,-2.429844604617963,1.465003637642094
C14249,172,3,628.94,2,-0.5598114346470705,-0.03083011966150888
C14250,330,4,671.17,2,-0.7868710771868428,0.7707967787775215
C14251,41,4,461.55999999999995,3,0.1260178712855992,-0.8049514704949012
C14252,209,2,116.23,2,-1.345803563531406,-0.28934105697324036
C14253,133,4,186.26999999999998,3,-0.3865357047562645,-0.5940323306850027
C14254,58,3,176.02,3,-0.43996768052544444,-0.9670942565854871
C14255,177,7,629.68,1,0.6984785161200285,0.000595568807773168
C14256,20,4,638.55,3,0.31709056251423245,-0.756070592771141
C14257,232,6,1692.07,1,0.8692868341127338,1.167914239271084
C14258,105,6,1705.2,1,1.3387475472728132,0.5649099006425893
C14259,139,3,58.449999999999996,3,-0.8102479659145749,-0.675313697243598
C14260,0,6,846.21,1,1.1624150020348336,-0.672976787463917
C14261,66,8,2553.54,4,2.6687883985294505,1.1006775630149879
C14262,87,7,946.8100000000001,1,1.2309244461184752,-0.16508908032234546
C14263,135,5,1141.49,1,0.5450661144073581,0.22919907600464814
C14264,9,7,815.17,1,1.428596388380943,-0.6541820418637662
C14265,406,2,510.76,0,-1.8047827927717452,0.9986765540411344
C14266,202,6,1501.4499999999998,1,0.8544712110396282,0.860815365207754
C14267,349,3,486.13,2,-1.2948980070269118,0.7037475350317421
C14268,175,8,1749.94,1,1.751697642040439,0.9447617331444349
C14269,551,1,966.97,0,-2.353993789870563,2.085996974149805
C14270,142,7,438.53999999999996,1,0.7014727032618057,-0.33112498887120173
C14271,201,2,795.85,2,-0.8757417539429847,0.2496258486888926
C14272,9,6,314.18,1,0.7844994064070253,-1.081661155007283
C14273,70,2,282.32000000000005,3,-0.733529018471304,-0.820365758148352
C14274,322,6,327.34,2,-0.3429787749153174,0.44317368341855845
C14275,15,6,284.70000000000005,1,0.7435922278705225,-1.0777025347933633
C14276,83,6,1249.6,1,1.1229426916567573,0.07127434905191392
C14277,61,6,776.72,1,0.8959243155618627,-0.43704862860033056
C14278,255,7,654.97,1,0.431792806327207,0.3992945626612366
C14279,384,2,177.59,0,-1.941139077078528,0.6091024360568216
C14280,397,2,72.77,0,-2.0563428415237546,0.5828761398574439
C14281,5,5,1607.63,1,1.319387223563739,-0.0032696294435368926
C14282,140,3,287.4,3,-0.6653047596994291,-0.47587786141827537
C14283,204,4,349.24,2,-0.5384704960795511,-0.11216149098084431
C14284,322,6,738.37,2,-0.0762488372754372,0.7925355314559929
C14285,98,3,292.09,3,-0.5098243406711912,-0.6750010046423734
C14286,83,5,511.2099999999999,3,0.32478958921545886,-0.5579868790809879
C14287,127,5,628.28,3,0.24106405635843356,-0.2456998996423515
C14288,2,4,785.49,3,0.47777453724481,-0.7182233964336285
C14289,213,6,321.94,1,0.04912713971138934,-0.08853361656098309
C14290,238,4,54.57,2,-0.8530921990542137,-0.198199237771562
C14291,715,1,33.62,0,-3.5549030848383456,2.0857746635559313
C14292,571,2,66.1,0,-2.692195651826836,1.4186604522605477
C14293,82,6,205.57999999999998,1,0.44907563493888153,-0.8209439150143438
C14294,329,3,86.80000000000001,2,-1.4814464403698546,0.2676114948424005
C14295,17,1,503.06,3,-0.716912436931835,-0.8907031722549842
C14296,613,1,754.15,0,-2.7171251476667053,2.204935333757635
C14297,182,7,518.43,1,0.60813773461349,-0.06978353524449903
C14298,15,6,295.42,1,0.7505487637231354,-1.0685908908477602
C14299,90,4,219.41000000000003,3,-0.2089637598104688,-0.7738098590256297
C14300,155,5,150.25,3,-0.17076885342209092,-0.5166031973729396
C14301,327,2,114.57,2,-1.7751559854886974,0.27988893909384266
C14302,42,7,4163.1900000000005,4,3.4814570825876405,2.351109782754829
C14303,20,2,3924.29,4,1.8113292390482771,2.033390768483046
C14304,141,2,552.49,3,-0.8158984512684608,-0.2473784789881614
C14305,149,4,2729.46,4,1.205746852122163,1.644969742565397
C14306,309,3,118.69,2,-1.388163027596774,0.1979981320992364
C14307,82,4,613.92,3,0.07608145118294421,-0.4771769837115319
C14308,44,5,2377.69,4,1.677554126391849,0.8398574606790036
C14309,3,6,905.52,1,1.1900147224574398,-0.6080574368558453
C14310,79,7,687.82,1,1.0918935209474676,-0.4239094996399371
C14311,306,6,927.97,2,0.10485961449000132,0.876314191237781
C14312,24,9,2932.02,4,3.3858218293401534,1.2209177577589652
C14313,190,3,167.53,2,-0.92456460989735,-0.33596637118314904
C14314,411,5,316.15999999999997,2,-0.9922441912032689,0.8624154774987677
C14315,417,2,240.3,0,-2.0202165173819027,0.8219898790588354
C14316,30,5,1402.1799999999998,1,1.0953281646408064,-0.05699680118646416
C14317,142,4,303.57,3,-0.3430812047518722,-0.4508077650941761
C14318,9,9,1613.56,1,2.5846745748816256,0.02773144646754359
C14319,17,3,1149.54,3,0.34058670466488844,-0.33790813838044553
C14320,469,4,1960.1100000000001,0,-0.4549321556772177,2.538548652543218
C14321,209,6,395.07,1,0.11110123656018663,-0.045719306212516374
C14322,598,1,299.48,0,-2.957732653605777,1.7459418325196292
C14323,341,5,1363.57,2,-0.05848625132995195,1.4141633763749113
C14324,24,5,496.65,3,0.5294787585176388,-0.8556828659506146
C14325,164,5,606.77,3,0.09281587903784018,-0.08505289864521673
C14326,365,6,309.94,2,-0.5103365524805041,0.6363296889703606
C14327,20,4,880.42,3,0.47404740268881296,-0.550489126248468
C14328,515,2,30.479999999999997,0,-2.512061313079149,1.1175719854105477
C14329,6,6,1173.77,1,1.3532019989476722,-0.3655460259871078
C14330,211,5,284.99,2,-0.28658119275643784,-0.13126602269754822
C14331,131,4,276.34,3,-0.3208276254742112,-0.5271477026274204
C14332,586,2,248.62,0,-2.6281946041236433,1.6463354926966958
C14333,17,1,10.82,3,-1.0363420272387582,-1.3090908229810787
C14334,254,4,291.46,2,-0.7574382463624776,0.08052443699518723
C14335,178,3,837.6700000000001,2,-0.4461368589437469,0.17559908863843177
C14337,8,4,562.5,3,0.311292801540477,-0.8787418489728507
C14338,598,2,277.19,0,-2.6532080672433636,1.7286503259005286
C14339,14,3,111.03,3,-0.32244584289191863,-1.2351149658107825
C14340,50,7,934.5699999999999,1,1.357271216253836,-0.35442246034598296
C14341,53,3,732.1,3,-0.06096310766463017,-0.5186244271299794
C14342,238,3,600.03,2,-0.8181157721692827,0.26376939226369894
C14343,16,2,54.95,3,-0.6850860207121717,-1.2747634758534099
C14344,255,1,41.61,2,-1.8801707506054053,-0.13196658342268439
C14345,225,3,162.78,2,-1.0546778089951305,-0.1707458072079257
C14346,322,2,145.73,2,-1.7367880543959437,0.2821942032577415
C14348,87,5,1327.87,1,0.8402274360510373,0.15549075705919252
C14349,309,8,2341.39,4,1.6491612251459473,2.0954905724766615
C14350,153,5,143.49,3,-0.16789672251769758,-0.5320208532008759
C14351,459,4,672.59,0,-1.2541487520076724,1.3958400144966625
C14352,7,3,400.95000000000005,3,-0.10890173242594695,-1.022544176463946
C14353,294,3,173.61,2,-1.2980819976092548,0.17213920532391214
C14354,97,10,614.68,1,1.9360683704521784,-0.3940663880522877
C14355,23,6,1231.83,1,1.329178244610289,-0.23398597137806598
C14356,134,4,1407.8400000000001,3,0.4025489770205141,0.4490975362303088
C14357,316,5,1071.59,2,-0.1572247324410938,1.045091569772557
C14358,75,3,338.82,3,-0.39602244557153243,-0.7465086808139002
C14359,157,1,2037.4,2,-0.22935540111233627,1.090466490965249
C14360,46,6,746.38,1,0.9306775240201108,-0.5353757235474952
C14361,55,2,87.80000000000001,3,-0.8053172331736903,-1.0582404000161454
C14362,62,3,215.32999999999998,3,-0.4289760225917973,-0.9143383015194363
C14363,84,4,105.01,3,-0.26142471359429775,-0.9000617004049776
C14364,41,5,2081.84,4,1.496456365803471,0.5738869665174817
C14365,104,4,250.98999999999998,3,-0.2392828435218307,-0.6792647454412496
C14366,146,8,1006.69,1,1.3746340599133324,0.17278165432764309
C14367,42,4,251.49,3,-0.013932427164754378,-0.9786680530463256
C14368,222,4,167.11,2,-0.7219903380352638,-0.17991901851665695
C14369,128,5,887.56,1,0.40568932716404127,-0.020484571198545014
C14370,135,8,1231.81,1,1.5606452718782031,0.3109308352340419
C14371,3,6,844.24,1,1.1502482563148908,-0.6601434015001145
C14372,265,3,677.3699999999999,2,-0.8659226530976566,0.4600762082801318
C14373,18,5,295.59,3,0.4207814803879664,-1.055592829002162
C14374,4,6,1850.69,1,1.799734991019458,0.20014161041723358
C14376,17,4,717.8399999999999,3,0.379432620932313,-0.7031845468437082
C14377,316,4,718.6,2,-0.7052799880916232,0.7434075409526667
C14378,70,6,4028.67,4,2.9735490684014505,2.370524322632769
C14379,87,3,153.9,3,-0.5595760989127406,-0.8456532567468991
C14380,4,5,639.14,3,0.6945338937999543,-0.8312899021654467
C14381,221,3,814.49,2,-0.6172454552802118,0.3638422861673244
C14382,75,4,239.68,3,-0.14136817453312145,-0.8291201349348298
C14383,36,4,184.56,3,-0.03558864616093971,-1.0645719710956565
C14384,28,4,314.39,3,0.07769761805359222,-0.9929083046922175
C14385,314,3,115.63999999999999,2,-1.4082895199939165,0.21958543428896685
C14386,91,2,203.0,3,-0.8612206596323339,-0.7862303798863784
C14387,259,3,323.03,2,-1.0740880110303623,0.1298833362750339
C14388,223,4,265.66,2,-0.6616676798780222,-0.09131885158188097
C14389,170,4,146.2,3,-0.5468280337022773,-0.44916071323547957
C14390,177,5,1517.43,1,0.63658814328771,0.751845076972679
C14391,176,2,525.48,2,-0.9604568451497456,-0.1010781756686403
C14392,93,3,31.12,3,-0.661028500867974,-0.9209965376640223
C14394,260,3,95.18,2,-1.225576295251188,-0.058945655730945214
C14395,53,3,1417.12,3,0.3835673204843387,0.06361982059549859
C14396,255,3,176.31,2,-1.154781302912625,-0.014167551272102787
C14397,106,3,144.1,3,-0.6348951842778363,-0.7621000678790357
C14398,689,2,124.12,0,-3.082819896574804,2.038616466114347
C14399,17,4,1130.45,3,0.6471878688937538,-0.35247975128444053
C14400,82,3,521.24,3,-0.3030506843375771,-0.557606158475454
C14401,216,2,229.43,2,-1.2977507772711327,-0.15927323555966882
C14402,6,6,1407.55,1,1.5049089907036297,-0.1668407907629359
C14403,21,6,820.06,1,1.0692269999860644,-0.5936486751918947
C14404,348,1,26.16,0,-2.227735654715032,0.304643866231164
C14405,305,3,172.07999999999998,2,-1.33899882046165,0.22403409809264632
C14406,307,6,488.87,2,-0.18371525544579562,0.5079297156955442
C14407,191,3,187.63,2,-0.9151505559973369,-0.3140460986077549
C14408,158,5,1507.71,1,0.6992401036674505,0.6517005364426726
C14409,99,6,2737.18,4,2.0302076355336185,1.4130429833640463
C14410,503,2,513.7,0,-2.1549316667496528,1.4702616535985318
C14411,120,3,619.57,3,-0.37716047138319275,-0.29026319767023245
C14412,17,6,888.38,1,1.1280797407293515,-0.5549227050839457
C14413,214,3,1060.04,2,-0.43249439479375873,0.538700049220652
C14414,102,2,1066.8400000000001,3,-0.3405724236437122,0.0012002704576046163
C14415,30,4,212.80999999999997,3,0.004520347758145653,-1.0695760504563199
C14416,131,3,434.55,3,-0.5371495669590914,-0.3943287104592163
C14417,583,1,613.84,0,-2.6992930730956917,1.9405982886964785
C14418,167,5,1389.3,1,0.5897351758901817,0.5945794309124043
C14419,245,3,182.26,2,-1.1146256577058298,-0.05746965066945956
C14420,224,4,370.44,2,-0.5973021841870326,0.002576608429490937
C14421,408,2,781.11,0,-1.6366033112330174,1.238136954983022
C14422,38,5,2668.6099999999997,4,1.8881177166174505,1.0581141569891983
C14423,78,3,146.34,3,-0.531816956709507,-0.8956024672453283
C14424,178,4,749.35,2,-0.18446115899439633,0.10218427514170243
C14425,318,4,294.45,2,-0.9877827966312276,0.3925660090380763
C14426,28,5,559.35,3,0.5556489027938809,-0.7830461877607149
C14427,21,2,1439.7,3,0.19537335034743028,-0.07359226809388815
C14428,33,7,281.46,1,0.9951488270187048,-0.9917552509467412
C14429,38,5,4764.88,4,3.2484514304007552,2.839874031415475
C14430,364,3,191.06,2,-1.5408197165857935,0.5254869381562626
C14431,122,7,1620.3,1,1.540941925815119,0.5766129565694762
C14432,116,2,1176.9,3,-0.3199634351803478,0.16245077740494557
C14433,109,6,694.91,1,0.6686216650103233,-0.274459282845945
C14434,307,3,548.34,2,-1.1020911008492058,0.5535144813366643
C14435,16,9,758.81,1,2.0045950030694417,-0.6649260825989826
C14436,506,1,62.64,0,-2.7775158971720004,1.0997292026106835
C14437,14,2,72.81,3,-0.6662372188477661,-1.269254949410754
C14439,308,5,676.35,2,-0.38467244958211233,0.6704631758664916
C14440,289,4,1048.95,2,-0.392910597671478,0.893623683908527
C14441,77,2,100.18,3,-0.8771313906728515,-0.9413271273032935
C14442,315,2,754.57,2,-1.3162870023147357,0.7658363999862743
C14443,108,6,237.11999999999998,1,0.3751771841205548,-0.6684015179727455
C14444,304,5,826.97,2,-0.27241272183602205,0.7791414124598085
C14445,423,2,637.25,0,-1.7844002272962265,1.1883998358141339
C14446,0,7,2091.3999999999996,4,2.2894461240754103,0.3870476077988089
C14447,321,3,220.82999999999998,2,-1.3654346677056048,0.34284502174691533
C14448,292,2,6.58,2,-1.718203220348341,0.01884311966831087
C14449,684,2,269.99,0,-2.9700131382755917,2.1384214202969165
C14450,264,2,271.87,2,-1.4444238028518546,0.10892448335154525
C14451,118,5,685.25,3,0.310698689099831,-0.24080075344210766
C14452,408,4,169.53,2,-1.3954977792200898,0.7216227740995754
C14453,269,4,305.02,2,-0.8030805100079315,0.16458908927376786
C14454,25,5,485.06,3,0.518328202233948,-0.860698040822624
C14455,120,6,1932.3000000000002,1,1.4316779203780103,0.8304764603973
C14456,187,5,238.74,2,-0.22948741246522827,-0.2866395508059956
C14457,276,3,256.5,2,-1.1789620267368737,0.15554602902001732
C14458,222,4,494.54999999999995,2,-0.5095045078506001,0.09839410588150732
C14459,179,4,208.83,2,-0.5388505686850448,-0.3524038318336574
C14460,385,5,3669.5299999999997,4,1.2782258802184365,3.586934153956407
C14461,14,1,26.31,3,-1.0154017400330573,-1.3104326579985608
C14462,153,4,715.09,3,-0.11595725018618959,-0.047834091380347304
C14463,266,4,346.90999999999997,2,-0.7650084554040045,0.18568637740590574
C14464,40,4,887.74,3,0.4062085580855975,-0.4475485658274027
C14465,520,2,22.83,0,-2.5351728861593164,1.1352494403848141
C14466,105,4,1037.6299999999999,3,0.26756245967500675,-0.0058109327480663974
C14467,188,2,156.67000000000002,2,-1.2433423434477637,-0.35652314387374523
C14468,131,3,1117.45,3,-0.0939948716466466,0.1861136076800044
C14469,316,3,99.53,2,-1.4260026933376062,0.21556434972175897
C14470,132,5,435.61,3,0.09788734676236613,-0.3852832994083377
C14471,174,5,1866.08,1,0.873726143614357,1.0336781763691123
C14472,170,6,259.43,1,0.16462887436777898,-0.3496104679796836
C14473,12,5,1116.27,1,0.9751225364046365,-0.38705772815626105
C14474,65,6,2454.17,4,1.9699551191670992,1.0080719172353543
C14475,679,1,378.9,0,-3.200180103397311,2.205157349029837
C14476,320,5,530.17,2,-0.5230865321275905,0.6042463132219881
C14477,127,5,972.56,1,0.46447787756529907,0.0469266654315552
C14478,6,7,479.75,1,1.2218204446127239,-0.9537857217461388
C14479,148,4,786.95,3,-0.05117784435450409,-0.010935179027451142
C14480,12,4,149.79,3,0.028954857226164935,-1.210187880501163
C14481,114,5,1233.0,1,0.6806682193784022,0.20542479286365428
C14482,23,10,3090.82,4,3.8114907058498675,1.3527107962338658
C14483,34,3,347.6,3,-0.24151735128137228,-0.937319519705991
C14484,171,2,228.57999999999998,2,-1.1349770812032807,-0.37761301531020747
C14485,82,7,1128.84,1,1.3671965343085908,-0.03454932715908484
C14486,88,3,341.63,3,-0.44138181133982496,-0.6812530518392782
C14487,5,8,974.98,1,1.8658090372506648,-0.5360383574671999
C14488,36,4,121.9,3,-0.0762506365083959,-1.117830889904565
C14489,161,2,227.81,3,-1.0991822495160337,-0.42662689150928557
C14490,12,4,2386.9700000000003,4,1.480729379497501,0.6913408137362099
C14491,53,8,3404.24,4,3.2680165064212234,1.7608770855340048
C14492,259,8,1783.26,1,1.4684461398894275,1.3793016013535695
C14493,146,8,615.19,1,1.1205777365646399,-0.1599803423797883
C14494,28,9,1987.34,1,2.758272282645754,0.437314895097952
C14495,199,1,2.95,2,-1.7020091608308479,-0.43563894930203473
C14496,264,4,551.0,2,-0.6253093110179462,0.34948421839983884
C14497,262,3,133.97,2,-1.2076631795735666,-0.016303563748375154
C14498,26,4,78.42,3,-0.06817163003244574,-1.203146847532441
C14499,25,6,1989.29,1,1.8134583025637847,0.4195017506778877
C14500,17,6,876.87,1,1.1206105497159582,-0.5647058227904656
C14501,507,5,230.92000000000002,0,-1.3959863131899477,1.2542145656919024
C14502,531,1,47.86,0,-2.877843361783578,1.2080651979487425
C14503,219,4,298.09000000000003,2,-0.6261050577681567,-0.08309818942241162
C14504,86,3,940.59,3,-0.04543944753946729,-0.18182882606919334
C14505,3,5,351.75,3,0.5116671842987355,-1.0803977969628826
C14506,6,5,635.26,3,0.6847571414896092,-0.8249158929402359
C14507,5,9,1520.4700000000003,1,2.5387834301799255,-0.07073572234799783
C14508,124,5,120.08,3,-0.07783411358650852,-0.6921608408046986
C14509,206,1,37.52,2,-1.704981786332791,-0.37240401626931974
C14510,112,5,705.17,3,0.3454020912603095,-0.2528850561299048
C14511,402,6,296.45000000000005,2,-0.6533803065233029,0.8037934235909783
C14512,7,5,415.14,3,0.5382850906774311,-1.0071746416906635
C14513,244,1,15.7,2,-1.8570605829578328,-0.20718456479844766
C14514,152,6,2832.46,4,1.8996768478544983,1.7503326481328796
C14515,186,4,376.08,2,-0.4557230843992367,-0.176395305638383
C14516,240,8,1420.44,1,1.3019607113178953,0.9790337886973971
C14517,21,5,723.68,3,0.6876938213074583,-0.6772227270639075
C14518,93,2,79.47,3,-0.9486419562304721,-0.881554896602532
C14520,523,2,345.28000000000003,0,-2.3368135720560588,1.4238290510531504
C14521,45,7,1879.26,1,1.9884567030777038,0.4243529618055016
C14522,75,8,787.19,1,1.4898848053645843,-0.3571378077874249
C14523,97,4,1133.65,3,0.3589083808693108,0.03711535662171176
C14524,117,8,486.87,1,1.1425610380053783,-0.40929034549977106
C14525,20,2,87.65,3,-0.6783837939339138,-1.2276258012426238
C14526,12,6,561.74,1,0.9342603091294814,-0.856735556940274
C14527,184,6,1361.3700000000001,1,0.8288991297611592,0.654705094636028
C14528,304,3,382.34000000000003,2,-1.1989252252004758,0.3979121743334052
C14529,18,7,1287.71,1,1.7025769887847977,-0.20901527522479665
C14530,25,6,1117.85,1,1.2479542350823425,-0.3211933052882019
C14531,114,1,1020.78,3,-0.7330048252560005,0.018427829384281648
C14532,483,1,8.87,0,-2.7289315256905886,0.9427998644491269
C14533,153,6,1090.81,1,0.7658374466853948,0.2748239355248321
C14534,343,4,1584.5400000000002,2,-0.24134021105632156,1.6099981643853973
C14535,362,2,310.15999999999997,2,-1.7752624315349401,0.6153918489703862
C14536,5,4,284.43,3,0.14173302672257101,-1.1295999336798181
C14537,5,5,224.61,3,0.42190324829500647,-1.1787906937763895
C14538,136,6,228.79999999999998,1,0.2681534586059674,-0.5400669166651534
C14539,93,4,143.78,3,-0.26893073229379527,-0.8235850265164105
C14540,381,2,2035.0,2,-0.7249205699432641,2.173331423454032
C14541,116,4,1492.59,3,0.5228759587777704,0.43408529814831875
C14542,43,8,672.8199999999999,1,1.5318090409127938,-0.609098594775284
C14543,12,6,1249.39,1,1.3804974247124404,-0.2722558965676937
C14544,77,4,88.64,3,-0.2466415514769111,-0.9478272379330306
C14545,148,5,707.57,3,0.21629929500924575,-0.07675128945760461
C14546,338,2,47.72,2,-1.8584609540400365,0.27626400140298707
C14547,88,2,419.13,3,-0.7100789402001151,-0.6170348789667491
C14548,37,5,560.67,3,0.5238404337510665,-0.7384007700067413
C14549,314,7,460.12,1,0.09121108358326555,0.5189990048807914
C14550,160,6,148.82,1,0.12914517078907348,-0.49198469594975597
C14551,48,5,875.49,1,0.6882128009149137,-0.41761888449625506
C14552,2,5,671.95,3,0.7230842078841887,-0.8130743722725325
C14553,271,3,3112.27,4,0.6923817191552426,2.5586759765039107
C14554,27,2,450.83,3,-0.4681113404687715,-0.8850832826721591
C14555,136,8,168.47,1,0.8669819746443529,-0.5880369067823888
C14556,291,3,282.29,2,-1.2166678693489825,0.25000577509101646
C14557,24,4,625.86,3,0.2943378301180406,-0.7475129105755537
C14558,104,6,421.14,1,0.5091111933477339,-0.5313343907280156
C14559,0,8,911.9100000000001,1,1.8430282394822504,-0.6138254635452965
C14560,73,3,232.6,3,-0.4576929504787891,-0.8464640331744576
C14561,231,4,2167.48,4,0.5434458754000926,1.5638525027315462
C14562,86,3,569.78,3,-0.28606939712038354,-0.49700500997489616
C14563,175,5,986.64,1,0.2994011806431495,0.29101932629264726
C14564,18,2,652.11,3,-0.30482953525623785,-0.7575254295885194
C14565,112,3,355.61,3,-0.5194165815530328,-0.5533079519140972
C14566,114,5,1310.75,1,0.7311225722273442,0.2715097104728568
C14567,261,5,1953.6799999999998,4,0.6148102410521227,1.5288620622528872
C14568,112,4,108.55,3,-0.36075212239134874,-0.7616464930157758
C14569,118,3,991.65,3,-0.12844747831425624,0.016320563698876595
C14570,63,7,868.19,1,1.2670123434293599,-0.34797603329265625
C14571,12,6,330.85,1,0.7844287267591631,-1.0529843881529914
C14572,10,4,211.51,3,0.07626575447262335,-1.167399810825843
C14573,320,3,160.07,2,-1.4012342391212191,0.2863650996539626
C14574,31,4,252.32000000000002,3,0.026530144279354535,-1.031157922565239
C14575,91,2,211.95,3,-0.8554127309121019,-0.778623177151943
C14576,87,11,1512.74,1,2.8741307273599426,0.3225496350226351
C14577,114,3,591.28,3,-0.3737420126419747,-0.34332439910966506
C14578,1,9,1921.2800000000002,1,2.813399100553371,0.25059570442726614
C14579,140,4,1469.0,3,0.42046086655125386,0.53009714592459
C14580,576,1,103.88,0,-3.0048155575726376,1.4732976452812712
C14581,36,4,447.77,3,0.1352163726605401,-0.8408522133603742
C14582,267,3,54.28,2,-1.277523711872226,-0.059857716035419964
C14583,66,6,1791.23,1,1.5361236274730101,0.4494308763214918
C14584,360,3,498.54999999999995,2,-1.3267622482427444,0.767499464464764
C14585,154,6,4019.08,4,2.662451954922489,2.7685921160559115
C14586,159,2,53.98,3,-1.204726951157914,-0.584048498269305
C14587,255,5,783.8599999999999,2,-0.12254502892245234,0.5055382756246062
C14588,177,4,518.14,3,-0.3308709483277236,-0.09917248561991353
C14589,170,4,766.1,3,-0.14455596513559907,0.07773369738760282
C14590,95,6,431.1,1,0.5482395993697904,-0.5663921831362427
C14591,164,3,329.85,3,-0.72486447620705,-0.3237342070965157
C14592,52,4,573.0899999999999,3,0.15846914017727337,-0.6569593329043479
C14593,39,3,187.85000000000002,3,-0.36333126607631855,-1.0489220128778303
C14594,375,3,623.02,2,-1.3004316208981512,0.9458339329753274
C14595,46,4,485.71,3,0.1235422907532955,-0.7602450717267744
C14596,459,1,17.95,0,-2.6359324162272633,0.8344549986084242
C14597,9,3,134.88,3,-0.2888215943628404,-1.2390229588523276
C14598,121,4,393.68,3,-0.20838760259740077,-0.4757720017355286
C14599,6,6,417.59,1,0.8624936704934849,-1.008273910202243
C14600,197,3,175.29,2,-0.9449350643366581,-0.2955190476823017
C14601,137,2,31.080000000000002,3,-1.1397395433947124,-0.7099034215705663
C14602,150,2,643.3000000000001,3,-0.7896341224147886,-0.12666953355769198
C14603,98,5,398.83,3,0.19742100791346778,-0.5809670438275257
C14604,165,4,202.06,3,-0.49243151720284994,-0.42586126945811054
C14605,295,3,146.6,2,-1.3192390634869093,0.15401754261223852
C14606,95,4,151.66,3,-0.2710760609449305,-0.8072154078881872
C14607,268,3,133.19,2,-1.2299460503703314,0.012049103222896294
C14608,470,1,27.95,0,-2.6693670694546,0.8961500084193977
C14609,218,2,106.25,2,-1.3849449481651277,-0.25430026390073274
C14610,125,2,89.37,3,-1.0583599698124952,-0.7183901397450058
C14611,24,8,730.74,1,1.6383546659446562,-0.6517513819022491
C14612,336,2,559.9499999999999,2,-1.518800339726351,0.7019706078258549
C14613,29,4,2917.88,4,1.7635524514575105,1.2248076630913791
C14614,45,2,77.36999999999999,3,-0.7757910709207942,-1.1154649553676979
C14615,26,5,250.39000000000001,3,0.36241421143524755,-1.0553238063089214
C14616,19,5,720.38,3,0.6928112520299524,-0.6896994978123862
C14617,440,4,118.42,0,-1.5448070476871798,0.8329310573450442
C14618,448,2,558.13,0,-1.926479885635148,1.2420489681428544
C14619,7,4,154.04,3,0.049860066323226974,-1.2307552225477292
C14620,183,6,3312.86,4,2.0989101245228285,2.308570837612115
C14621,232,6,922.38,1,0.369811453478621,0.5137033037774879
C14622,646,2,144.42999999999998,0,-2.913573731012313,1.8479338639097194
C14623,205,4,530.5600000000001,2,-0.42443585354537133,0.046790426828705885
C14624,135,5,383.07,3,0.052904181446654694,-0.415432733811061
C14625,141,2,79.3,3,-1.1229659139641641,-0.649574262441519
C14626,123,7,637.52,1,0.899556476369189,-0.25388146116917504
C14627,548,4,4523.83,4,0.9220175441865841,5.09966477508504
C14628,41,6,758.9,1,0.9569493890407837,-0.5489138402740856
C14629,204,1,34.08,2,-1.699955205891954,-0.3849997823678342
C14630,327,3,481.76,2,-1.2178859155557888,0.5936424962745133
C14631,107,4,323.04,3,-0.2034157474684141,-0.6035168179799143
C14632,92,2,144.26999999999998,3,-0.9029618036111903,-0.8313129890490348
C14633,196,3,312.63,2,-0.8521814872072507,-0.1836205494745081
C14634,182,2,456.97999999999996,2,-1.0266852950452932,-0.1302852594432877
C14635,106,4,259.56,3,-0.24098041007051227,-0.6623086497307066
C14636,9,4,510.34000000000003,3,0.27381513149367914,-0.9182401763516813
C14637,37,7,1409.66,1,1.7127545077650155,-0.013478962305326556
C14638,206,1,144.34,2,-1.635663021428302,-0.2816105641919561
C14640,507,1,46.77,0,-2.79144387635207,1.0910761698947207
C14641,73,3,2680.8399999999997,4,1.1310448606966972,1.2344586509098379
C14642,15,6,600.73,1,0.9486737601001196,-0.809087531423122
C14643,282,3,335.52000000000004,2,-1.1494602369890006,0.2517260455117309
C14644,160,4,253.8,3,-0.4407085947064791,-0.40606368883893984
C14645,287,1,470.48,2,-1.7180063177164153,0.3873087577528815
C14646,103,4,225.66,3,-0.25209080437232584,-0.7056303443072692
C14647,175,5,1178.66,1,0.4240088312419132,0.4542299485346933
C14648,25,6,691.38,1,0.9712048092368332,-0.6836786405010199
C14649,82,6,1418.8799999999999,1,1.2364231116156852,0.21032078640360372
C14650,28,4,2084.7,4,1.2265059189154668,0.5117963961791309
C14651,370,4,186.62,2,-1.2464884242538965,0.5523829797310632
C14652,87,6,1976.2000000000003,1,1.5799378501633878,0.708203976447596
C14653,282,2,36.09,2,-1.6627587705997957,-0.00443376225158201
C14654,13,9,789.72,1,2.0355417998691068,-0.6531614297768001
C14655,247,7,648.94,1,0.45691536149920164,0.3554817415227301
C14656,56,4,586.95,3,0.15294551476679738,-0.6258350325412451
C14657,113,5,2248.83,4,1.343500824601278,1.064010612878629
C14658,142,5,789.9000000000001,3,0.29150245487136384,-0.03578916503298589
C14659,267,3,1928.78,2,-0.0611033335398528,1.5334050242661896
C14660,313,4,419.07,2,-0.8887658132264207,0.47430916901877346
C14661,102,7,3634.24,4,2.920438201150846,2.191676261959044
C14662,115,3,276.87,3,-0.581401728150317,-0.6057265161092463
C14663,200,4,497.95,2,-0.4274502257474992,-0.005106690948730951
C14664,412,6,1840.11,2,0.3120533694049397,2.1642125541960047
C14665,342,5,826.03,2,-0.41094184788246724,0.9621081704217436
C14666,11,3,98.07000000000001,3,-0.3199676307801391,-1.2606383558891237
C14668,334,2,335.82,2,-1.656986249706518,0.5017956717315216
C14669,79,6,1495.69,1,1.2971558221872659,0.2610989147018299
C14670,136,8,1699.0900000000001,1,1.8602481040031673,0.7129392551597024
C14671,314,3,283.73,2,-1.2992107782527116,0.3624563513427399
C14672,435,1,118.68,0,-2.4834588188075974,0.8040095887019135
C14673,20,3,209.63,3,-0.2802379923236947,-1.1222925996497675
C14674,81,7,1415.46,1,1.556822468907967,0.20423221285837767
C14675,58,12,2802.75,4,4.135500992027957,1.280427276488303
C14676,292,3,225.96,2,-1.2568515799280002,0.20696308621468917
C14677,200,6,2488.26,4,1.502101301559757,1.6898992089164786
C14678,69,4,165.35,3,-0.16782647984547622,-0.9213138072003418
C14679,126,2,1135.57,3,-0.3830782444230992,0.17568105191466757
C14680,43,7,1340.1,1,1.645838191451206,-0.04358701087310274
C14681,127,8,1214.73,1,1.5785971441051068,0.25772588111056194
C14682,47,6,1437.96,1,1.3758354859716695,0.05728024647133707
C14683,149,8,1226.3,1,1.5062573528335,0.37395068072677795
C14684,89,4,172.45,3,-0.23580808917701046,-0.81856023947219
C14685,1,3,81.28999999999999,3,-0.29456217773098314,-1.3232602003315888
C14686,254,3,323.73,2,-1.0554865055038951,0.10629861213827284
C14687,70,7,400.28000000000003,1,0.9379650784478483,-0.7118324108743732
C14688,165,3,1832.95,3,0.24691363267664393,0.9586868090730566
C14689,286,4,683.76,2,-0.61900520490353,0.5687164928078138
C14690,252,5,1199.26,2,0.15790908783720953,0.8441066579845672
C14691,40,5,227.79,3,0.2969360687225263,-1.0068298931884205
C14692,29,5,792.0699999999999,3,0.70303857730794,-0.5804059771522837
C14693,235,2,359.38,2,-1.2823818136247855,0.043062811647564855
C14694,72,6,2022.0,4,1.6641006332315194,0.6745933525842212
C14695,207,3,1041.44,2,-0.41915834787705547,0.489039085759885
C14696,62,6,245.32,1,0.5474531527906014,-0.8838850384876399
C14697,88,4,564.62,3,0.022312468486106646,-0.4900647051955465
C14698,355,2,111.53,2,-1.8787533575236397,0.4127113650313589
C14699,297,2,41.559999999999995,2,-1.7136508826638728,0.07275465872849753
C14700,259,3,1236.66,2,-0.48120556224092176,0.9064384909412168
C14701,154,4,781.78,3,-0.07630952041180715,0.013686133753410074
C14702,395,2,44.89,0,-2.067176124537942,0.5495071855098117
C14703,11,7,380.88,1,1.1395134237270201,-1.0136422369880969
C14704,386,2,133.24,0,-1.9771780500936535,0.5810782894538082
C14705,43,4,310.39,3,0.020660133365984944,-0.923769069175278
C14707,86,3,32.31,3,-0.634850117708434,-0.9538366584304341
C14708,169,3,3406.0899999999997,4,1.2532544871413895,2.3151473194641636
C14709,27,4,631.5799999999999,3,0.28716136058341424,-0.7281432800276385
C14710,294,5,1745.1699999999998,2,0.3597298479553064,1.5112215135639953
C14711,23,5,2965.7,4,2.13535026595453,1.2380916867723384
C14712,199,2,179.24,2,-1.268619939243445,-0.2841440515631231
C14713,49,6,1494.86,1,1.4055007345122403,0.11531523694783169
C14714,76,6,715.29,1,0.8016187474772811,-0.4167229856016741
C14715,112,5,980.32,1,0.5239553412459871,-0.019016694970135264
C14716,282,2,149.91,2,-1.5888974916124439,0.09230945732757469
C14717,180,5,388.05,3,-0.1071894313123081,-0.19358259123446428
C14718,63,5,374.88,3,0.30890989927151014,-0.770581654560101
C14719,208,9,904.9000000000001,1,1.4025427138406446,0.38774607922195314
C14720,31,2,245.0,3,-0.6161985257169852,-1.0406881855189045
C14721,97,5,1435.23,1,0.8736021152341281,0.2951025929748611
C14722,39,6,302.86,1,0.6682699874953671,-0.9462045737028261
C14723,10,11,1687.6,1,3.2670704425698456,0.0988074335585455
C14724,18,5,1669.46,1,1.3123277408198137,0.11215103923906099
C14725,359,5,199.89,2,-0.878963907290541,0.5121209500698031
C14726,114,2,88.75,3,-1.0188383477141223,-0.7721124611035763
C14727,49,6,647.0600000000001,1,0.8553373860192096,-0.605286604197916
C14728,82,4,853.0999999999999,3,0.23129266808853877,-0.27388192784311954
C14729,81,8,337.96,1,1.1765890145021205,-0.7099527459846019
C14730,480,1,34.41,0,-2.7014694861230626,0.9500001956306476
C14731,585,2,593.28,0,-2.4009047384715,1.9344491049718828
C14732,46,5,721.5400000000001,3,0.5955688392683643,-0.558143151551182
C14733,128,7,407.2,1,0.7319475303131515,-0.4254661104269488
C14734,462,5,241.92,0,-1.2255227897103922,1.0459468923551138
C14735,10,6,1132.53,1,1.311922298399232,-0.38125489553097686
C14736,242,5,1040.48,2,0.09116639806257415,0.6607895299342982
C14737,206,3,266.84,2,-0.9181905268513689,-0.17418112683021425
C14738,514,1,169.82,0,-2.7369991238466254,1.2295161641501013
C14739,424,3,98.95,0,-1.8183597620286083,0.7373529081438095
C14741,119,5,985.0699999999999,1,0.5016316057510479,0.018872228504940816
C14742,76,3,93.63,3,-0.5587631861061927,-0.950076096888607
C14743,22,4,96.71,3,-0.04178488636996334,-1.2069447157265938
C14744,101,6,470.19,1,0.5518295909278466,-0.5041513404083293
C14745,329,3,975.38,2,-0.904819702691231,1.0228749815200233
C14746,79,6,487.58,1,0.6429624118908407,-0.595761101902841
C14747,164,5,1280.71,1,0.5301561563242204,0.4877737170917088
C14748,84,5,537.4,3,0.33815563036756285,-0.5308903087790336
C14749,141,5,162.68,3,-0.11189033474118627,-0.57374127270676
C14750,372,4,1058.76,2,-0.6877890070114404,1.303344892802108
C14751,143,3,222.72,3,-0.7181659422959914,-0.5163458926026798
C14752,52,9,563.91,1,1.747458202739969,-0.6564907627986521
C14753,296,4,491.81,2,-0.7798619385978268,0.4539247700146665
C14754,56,4,632.78,3,0.18268600339788438,-0.5868810547402193
C14755,143,1,1857.48,3,-0.29529868012267324,0.8698373043500123
C14756,207,4,397.84000000000003,2,-0.5178208222037254,-0.05634528465051615
C14757,6,7,947.7900000000001,1,1.5255459148046067,-0.5559672672405291
C14758,54,6,1670.6200000000001,1,1.5014095197089157,0.28888510013693874
C14759,175,5,1134.22,1,0.39517035612156604,0.4164574245661664
C14760,18,9,1949.08,1,2.7697387067663537,0.35643576409284194
C14761,52,4,96.05,3,-0.15109670526400448,-1.0624274884836917
C14762,109,2,228.25,3,-0.9101652772303152,-0.677721795347639
C14763,28,6,2443.71,4,2.097456985740674,0.8202514780907444
C14764,236,4,505.45,2,-0.5532434760239057,0.17536190633201845
C14765,153,3,99.1,3,-0.834681249235713,-0.573059384910466
C14766,15,4,993.47,3,0.5655562592452308,-0.478580081981449
C14767,162,3,553.8399999999999,3,-0.5722516132139956,-0.1430220270617707
C14768,151,5,2087.69,4,1.1010130191155978,1.110812691728098
C14769,20,5,770.6700000000001,3,0.7218165202387703,-0.642118727968544
C14770,5,4,474.88999999999993,3,0.2653283456114393,-0.9677152596238862
C14771,533,1,108.81,0,-2.84554994438078,1.2695425539084177
C14772,675,2,1608.58,0,-2.068696091408648,3.232654998732609
C14773,179,4,280.42999999999995,2,-0.4923871389231894,-0.2915462099581732
C14774,24,3,290.17,3,-0.24249092644198464,-1.0344925139981551
C14775,257,4,204.75,2,-0.8245953697083928,0.021331637515853805
C14776,13,3,395.77,3,-0.13403989778908262,-0.9979313633509445
C14777,385,3,169.29,2,-1.6311654026798572,0.6085379049508357
C14778,37,5,480.38,3,0.47173779722062836,-0.8066446032523087
C14779,399,3,552.17,2,-1.4335151724898254,1.001676350446635
C14780,115,11,2764.86,4,3.5850450662173245,1.5222163720388224
C14781,42,3,217.85,3,-0.3547517010492431,-1.0089151887665524
C14782,280,7,856.9,1,0.4720950884152335,0.6918268601869517
C14783,590,2,183.75,0,-2.684808534354662,1.610541908000345
C14784,136,8,990.4499999999999,1,1.4003899354774518,0.110618791949602
C14785,364,5,254.69,2,-0.8615497654457376,0.5828788308279241
C14786,450,4,1050.89,0,-0.975993254945367,1.6738589880327912
C14787,133,5,570.8199999999999,3,0.18199980010214423,-0.2655233500998851
C14788,720,1,13.46,0,-3.5861327795151716,2.0928190340377073
C14789,143,3,72.42,3,-0.8157002089608918,-0.6440959005340385
C14790,12,6,770.24,1,1.0695623357404709,-0.6795174820654352
C14791,45,3,280.15,3,-0.3252116781826712,-0.9414544374684292
C14792,386,3,260.15,2,-1.5758330207079323,0.6906018273014989
C14793,22,6,972.6700000000001,1,1.1646308454746732,-0.45909930380755604
C14795,23,7,637.6400000000001,1,1.2625794304027993,-0.7373734828936669
C14796,101,4,327.83000000000004,3,-0.17853066503275222,-0.6284611181394444
C14797,7,6,1113.71,1,1.310597777293072,-0.41175909097510505
C14798,102,9,351.74,1,1.4283020597065839,-0.5950312069085983
C14799,93,6,510.99,1,0.6073415653141944,-0.5081602169598396
C14800,6,5,386.28000000000003,3,0.5231864048680065,-1.0365406233111587
C14801,127,6,634.49,1,0.5640831643439321,-0.23876735286129408
C14802,390,3,592.03,2,-1.3749837420281115,0.9920325649389243
C14803,103,5,463.16,3,0.22101945821679747,-0.5021089795991063
C14804,10,6,1836.6399999999999,1,1.7688408113827516,0.21721521813867717
C14805,15,8,913.14,1,1.789384661745125,-0.5402409017377316
C14806,28,7,1422.06,1,1.7534663044102412,-0.04646283575578581
C14807,173,3,68.61,2,-0.9270561591922212,-0.5022560686669434
C14808,54,2,233.57,3,-0.7070931712273494,-0.9391766818026208
C14809,456,3,310.73999999999995,0,-1.7970651801550312,1.0721174594209097
C14810,41,3,279.77,3,-0.31094046850976764,-0.9611211855566503
C14811,310,4,590.59,2,-0.7665728871137044,0.605587651616261
C14812,185,4,263.01,2,-0.5254682146255026,-0.27733699030544995
C14813,68,3,104.03999999999999,3,-0.5229722121453029,-0.9799154640657592
C14814,64,4,2106.75,4,1.1101546086255825,0.7046320101957504
C14815,43,6,969.49,1,1.086348778923527,-0.36024745446179235
C14816,101,4,1683.69,3,0.701328355594472,0.5239748482864508
C14817,183,3,552.71,2,-0.6492033720694462,-0.04242774580476741
C14818,56,4,896.5799999999999,3,0.3538738912634912,-0.3626598166012146
C14819,225,2,13.15,2,-1.4707665412326585,-0.2995805904328651
C14820,48,5,586.5,3,0.5006783516568328,-0.6632507859738556
C14821,60,3,105.73,3,-0.49283991287049356,-1.0171665416165738
C14822,90,2,163.39999999999998,3,-0.8832888599060367,-0.8247250047881964
C14823,78,6,246.33999999999997,1,0.490043848807354,-0.8056430295277406
C14824,96,4,170.57,3,-0.26243423443900404,-0.7863065957880978
C14825,6,7,608.77,1,1.3055454684657208,-0.8441230070202314
C14826,20,6,1534.4299999999998,1,1.5364329915775305,0.008706157524428007
C14827,487,2,249.52999999999997,0,-2.268288445752889,1.1683508849105084
C14828,148,3,186.92,3,-0.7595449112951,-0.5225950026534815
C14829,5,4,284.20000000000005,3,0.1415837726884198,-1.1297954260405914
C14830,40,3,515.95,3,-0.1540465925303352,-0.7652119702235373
C14831,63,4,1393.02,3,0.6506228342546788,0.09314927586767258
C14833,175,6,1535.38,1,0.9744845979680253,0.7590843534662534
C14834,61,6,686.5400000000001,1,0.8374037555629226,-0.5136986333591457
C14835,7,7,324.2,1,1.1172498415620402,-1.0811621151264545
C14836,33,4,1400.62,3,0.7644382313965868,-0.04546918188059479
C14837,80,6,269.55,1,0.49784662599768864,-0.7762434200705903
C14838,98,7,1416.9,1,1.4960562649460554,0.28766714804577265
C14839,88,6,752.96,1,0.7825105526652825,-0.32667345464551006
C14840,126,4,586.96,3,-0.10110955358190277,-0.2873107204562194
C14841,1,6,643.49,1,1.0272343433714863,-0.8404461141384588
C14842,84,3,260.58,3,-0.4794598318190007,-0.7694866205517356
C14843,107,2,132.2,3,-0.9652361581057552,-0.769032985494877
C14844,100,3,458.17,3,-0.4093088510496236,-0.5241666404736248
C14845,24,2,117.21000000000001,3,-0.6737192091871115,-1.183157022339785
C14846,13,7,433.83,1,1.1666153964636896,-0.9589646153161855
C14847,247,3,614.0500000000001,2,-0.841682822804617,0.3192093881994975
C14848,90,4,514.4,3,-0.017535727052791116,-0.5230781568322064
C14849,2,7,229.06,1,1.0736578399882808,-1.1862076560306236
C14850,39,3,107.03,3,-0.4157778358158878,-1.117616328519962
C14851,52,2,106.96000000000001,3,-0.7819953707274026,-1.0564628569291157
C14852,59,4,588.46,3,0.14303704747662063,-0.6100437621622654
C14853,65,6,1825.9199999999998,1,1.5622644802301484,0.4740802839494183
C14854,105,8,1176.26,1,1.6334807026868545,0.11863697495174086
C14855,149,1,6.09,3,-1.518498977617583,-0.6747670624634917
C14856,415,4,183.63,2,-1.4117540137614903,0.7674588870234754
C14857,309,5,273.15000000000003,2,-0.6499507115786548,0.3325925079405941
C14858,99,7,807.4300000000001,1,1.0969230915392065,-0.2255261688222498
C14859,139,5,95.07000000000001,3,-0.14850562982853732,-0.6408794074609983
C14860,219,3,558.45,2,-0.776138740172401,0.136544909932674
C14861,477,4,195.42,0,-1.629129073250226,1.0773082864281283
C14862,106,6,827.0600000000001,1,0.7652661940598519,-0.17664399261211414
C14863,319,6,768.13,2,-0.046048310646528506,0.8033227224743094
C14864,26,6,556.3199999999999,1,0.8799307938372725,-0.7936392144368007
C14865,20,8,2558.3999999999996,4,2.838896939051388,0.882355153434952
C14866,75,5,475.20000000000005,3,0.33045720550113494,-0.6272817044628883
C14867,258,3,239.04,2,-1.124962239895249,0.053658685743987744
C14868,7,4,354.64000000000004,3,0.18003554132641408,-1.0602518852820568
C14869,203,5,283.17,2,-0.25872663982889277,-0.17150048366711923
C14870,3,3,25.05,3,-0.33831693538114305,-1.3613904520197906
C14872,380,3,601.78,2,-1.3323621606049048,0.9519603393282554
C14873,124,9,1926.94,1,2.3706495963474064,0.8502271582545935
C14874,36,3,223.73000000000002,3,-0.329159284277821,-1.0329330251293747
C14875,15,6,965.05,1,1.1850921501956386,-0.4994276319583675
C14876,2,8,2415.56,4,2.811533809363105,0.6738989745339475
C14878,14,7,1629.2,1,1.9386980969588954,0.06189612180670018
C14879,14,6,549.46,1,0.9190325399197011,-0.857501268717215
C14880,71,3,130.10999999999999,3,-0.5169429443104632,-0.9432490094233452
C14881,35,5,622.46,3,0.5711967561383535,-0.6955532026564032
C14882,148,4,459.49,3,-0.2636766531508333,-0.28926530276133494
C14883,22,3,70.2,3,-0.3779772851957644,-1.2311315882628513
C14884,573,1,40.05,0,-3.0353484442316065,1.4045364448006128
C14885,196,3,261.08000000000004,2,-0.8856338587746201,-0.2274363372912848
C14886,6,4,118.56,3,0.030465460052580603,-1.2657479842913486
C14887,171,8,1347.52,1,1.505072800017025,0.5833743384246539
C14888,110,3,191.82999999999998,3,-0.6184395308330882,-0.7021873924751137
C14889,1,9,675.69,1,2.005097655342903,-0.8081144245096676
C14890,48,3,72.83,3,-0.4706363191763152,-1.1031617310036588
C14891,77,5,618.99,3,0.41650803242170026,-0.49539309995342123
C14892,3,2,404.30999999999995,3,-0.4111927714350438,-1.0406863018128185
C14893,23,6,918.23,1,1.1256736136980288,-0.5005355554583992
C14895,13,6,1712.26,1,1.677238472965201,0.12600416983183657
C14896,213,2,289.74,2,-1.2477254213234434,-0.12251955922995514
C14897,83,8,992.5200000000001,1,1.5940941154375305,-0.14392660620500758
C14898,237,4,156.45999999999998,2,-0.783343211101591,-0.11643206212642111
C14899,226,7,1148.59,1,0.8573719947244867,0.6786129024077159
C14900,10,4,899.96,3,0.5230220145221951,-0.5822401770244863
C14901,233,5,1258.73,2,0.2654605552731341,0.8027713193758562
C14902,656,1,106.93,0,-3.2931923851845704,1.8627652581695275
C14903,531,1,18.15,0,-2.8971230894124154,1.1828126847375604
C14904,39,6,239.62,1,0.6272316174096166,-0.9999564732475974
C14905,170,5,148.73000000000002,3,-0.22619699026319814,-0.44535604422679337
C14906,10,6,1374.1200000000001,1,1.468697438010498,-0.17591141970837557
C14907,179,3,1323.9399999999998,2,-0.1342108350425589,0.5937483778296707
C14908,239,5,260.29,2,-0.40423440122492454,-0.016853877344151974
C14909,173,5,1381.3600000000001,1,0.5628059621172316,0.6168463356961276
C14910,345,5,723.96,2,-0.48806654498735025,0.8898598811099039
C14911,25,6,692.5,1,0.9719316114900913,-0.6827266777007329
C14912,138,3,91.79,3,-0.7849831694448457,-0.6518117447767313
C14913,186,6,1787.76,1,1.0983377395127347,1.0267943128607444
C14914,187,2,358.82,2,-1.108531575216878,-0.18953829826720664
C14915,25,7,398.96,1,1.1004337771415653,-0.930571675014318
C14916,49,8,901.48,1,1.6584168031406117,-0.3857295484309523
C14917,25,8,2124.68,4,2.5392955123590184,0.5378872599107887
C14918,66,3,49.83,3,-0.5508918374168877,-1.0356640438879934
C14919,9,5,1320.75,1,1.118704214541805,-0.22776434029318754
C14920,38,8,1589.92,1,2.145090532944349,0.14622624375127571
C14921,342,2,401.47,2,-1.6434195635041855,0.5962835126495865
C14922,126,4,915.2199999999999,3,0.1119083996810392,-0.00830062329355943
C14923,184,3,88.32,2,-0.9541896964560436,-0.4323078813641969
C14924,248,2,208.82000000000002,2,-1.4272676629486054,-0.022040965342101045
C14925,18,9,1808.7,1,2.6786418314874534,0.23711742667831004
C14926,129,3,409.9,3,-0.5458868041893293,-0.4249522720881641
C14927,14,5,1090.11,1,0.9508876106991221,-0.39962097892247195
C14928,70,7,495.09,1,0.9994901870473107,-0.6312470598965149
C14929,66,5,2824.25,4,1.887492649535179,1.3258093125245058
C14930,21,7,2038.6800000000003,1,2.1790160364292603,0.4437921025675971
C14931,13,6,520.45,1,0.9038365145227866,-0.886994745355606
C14932,87,3,264.07,3,-0.48808341655431037,-0.7520124159365345
C14933,201,5,790.0899999999999,2,0.0774881530876496,0.24969279912224537
C14934,290,5,1284.1699999999998,2,0.07509065236416212,1.1000430645220651
C14935,158,5,201.22,3,-0.14858121406392444,-0.4587725697598614
C14936,175,2,484.95000000000005,2,-0.9831285508658859,-0.1403632696814107
C14937,85,5,481.79999999999995,3,0.2984456391143294,-0.5733125219016026
C14938,49,5,1394.18,1,1.02117715432559,0.028086327896146065
C14939,149,9,1068.1399999999999,1,1.7226117408475432,0.2411741868978723
C14940,244,3,307.93,2,-1.0294451004831382,0.04450973514605884
C14941,77,2,31.6,3,-0.9216350500732431,-0.9996178494851469
C14942,100,9,1040.12,1,1.882271796262599,-0.019602951137035918
C14943,8,5,688.2199999999999,3,0.7118656035321115,-0.7702297716004648
C14944,99,10,825.46,1,2.0655910571457423,-0.20523850855065986
C14945,45,7,364.75,1,1.005644845415307,-0.8629302352146054
C14946,104,5,1060.8100000000002,1,0.605223370482168,0.010709610213521717
C14947,23,4,637.0,3,0.3051963676392615,-0.7428802207572308
C14948,254,6,140.48,2,-0.2174352876971673,-0.044495042270269555
C14949,468,3,276.46999999999997,0,-1.862857441127196,1.1010203797943596
C14950,401,3,437.08,2,-1.5154594949651974,0.913525553404072
C14951,315,4,83.23,2,-1.1139615619577925,0.19852820397323362
C14952,357,2,557.49,2,-1.5966151762575458,0.8014344332575174
C14953,148,7,766.2,1,0.892324593232971,-0.0236092307157953
C14954,26,7,289.31,1,1.025649087862797,-1.0189345929185898
C14955,259,3,737.8000000000001,2,-0.8049310730090667,0.4824240600919978
C14956,416,1,38.2,0,-2.4667251864997684,0.6437213983966383
C14957,8,5,237.15,3,0.4191524853382552,-1.153624289748156
C14958,3,6,1263.57,1,1.42236431779588,-0.3037268291391257
C14959,62,6,2508.91,4,2.016365931765996,1.0400912785672123
C14960,469,4,628.99,0,-1.3187366336744377,1.4071408644022319
C14961,681,1,1478.42,0,-2.493926850131801,3.1493847098948433
C14962,166,3,1566.33,3,0.07026630974259043,0.7369046047750032
C14963,53,3,226.64000000000001,3,-0.3889715602823317,-0.9482486387666033
C14964,118,8,548.13,1,1.1786850747126256,-0.35238544001383315
C14965,292,4,1612.75,2,-0.03793188729693865,1.3873427783708312
C14966,19,3,128.2,3,-0.32945095889542003,-1.1963413352087295
C14967,28,3,142.77,3,-0.352661097709958,-1.140433857540647
C14968,0,4,155.32999999999998,3,0.07610334254109362,-1.2635103466355437
C14969,210,7,172.17,1,0.28181440778994443,-0.22868670958776086
C14970,81,6,2184.45,4,1.7368543490703776,0.8561939185616135
C14971,69,7,598.21,1,1.0700373596173511,-0.54843442510463
C14972,621,1,13.52,0,-3.2267782121401942,1.614111954483445
C14973,365,3,848.04,2,-1.1181147528152433,1.0887340573805173
C14974,66,3,1160.34,3,0.16975206460598977,-0.09176742839994854
C14975,11,3,159.32,3,-0.2802206325550882,-1.2085778902484334
C14976,15,8,207.26999999999998,1,1.3313240309350571,-1.1402069569506936
C14977,237,1,128.81,2,-1.7582538889191468,-0.14489640287904665
C14978,34,2,387.74,3,-0.5344585267324854,-0.9048561059573181
C14979,64,6,954.65,1,1.000500181771498,-0.27130621784044406
C14980,149,4,605.1899999999999,3,-0.17275691799259335,-0.16058920186805226
C14981,304,1,403.92,2,-1.8228998013404243,0.4129459514942857
C14983,231,5,372.08,2,-0.3026548447325137,0.039476388240379946
C14984,313,1,40.2,2,-2.091593890498709,0.1473194936976062
C14986,544,2,177.56,0,-2.521870676777815,1.3828273654353362
C14987,30,5,1229.43,1,0.9832254063815814,-0.20382856346285932
C14988,29,6,752.01,1,0.9960316672057143,-0.612801393558079
C14989,318,2,51.93,2,-1.7831399398117627,0.18312355802416094
C14990,58,5,621.93,3,0.4873754539855902,-0.5847770609730416
C14991,124,2,120.05000000000001,3,-1.0348213286942538,-0.6971490989288204
C14992,199,8,619.1600000000001,1,0.9307930973274887,0.09969885516208289
C14993,395,2,149.48,0,-1.999304474834137,0.6384052116544611
C14994,1,8,543.77,1,1.6005014837350187,-0.9218962959550704
C14995,25,5,791.73,3,0.7173357442041742,-0.600038726569066
C14996,206,4,1354.62,2,0.10669243207728506,0.7520499966529034
C14997,81,5,1187.1100000000001,1,0.7706606720923131,0.006833791201663634
C14998,99,3,818.9200000000001,3,-0.17157769231272854,-0.2223770626121729
C14999,19,4,1225.6100000000001,3,0.7016812015500871,-0.2619250315767163
C15000,153,5,2059.59,4,1.0755191680785472,1.0966005053971046
C15001,83,4,492.09000000000003,3,-0.006607212600005313,-0.5758924970689238
C15002,67,4,425.13,3,0.008011608722673055,-0.7101813158957144
C15003,154,5,919.9699999999999,1,0.33235544595315597,0.13279729694684747
C15004,573,4,76.07999999999998,0,-2.05499972812628,1.440123507219671
C15005,7,3,339.67,3,-0.14866819856849584,-1.0746301411082153
C15006,49,2,34.02,3,-0.818440014999926,-1.1329672548299647
C15007,10,3,533.75,3,-0.03361210343911261,-0.8951607667549059
C15008,24,7,2980.2,4,2.779108806715084,1.2585606514266596
C15009,114,4,1110.48,3,0.2821719952532193,0.09963260920637382
C15010,135,1,13.14,3,-1.4631117054746503,-0.7364779591058332
C15011,98,5,184.35,3,0.058238376414546766,-0.763267920082468
C15012,31,3,801.5799999999999,3,0.06397250738069693,-0.5659594187432903
C15013,625,2,348.02000000000004,0,-2.7052394862688,1.9194238581402938
C15014,428,3,176.08,0,-1.782825549435836,0.8222546070552625
C15015,129,3,174.16000000000003,3,-0.6988656998884885,-0.6253234422128381
C15016,82,7,1771.48,1,1.784225284338741,0.5116733281769656
C15017,68,5,146.18,3,0.14235222076036383,-0.9407893576246027
C15018,380,2,68.6,0,-1.9973482180541593,0.4971207953443497
C15019,263,4,305.0,2,-0.7813167836777797,0.13555644887371993
C15020,154,3,526.1899999999999,3,-0.5611589372522149,-0.20521113011295833
C15021,46,3,1425.8500000000001,3,0.41463864024170555,0.03718844939530424
C15022,354,2,38.54,2,-1.9224893499725986,0.34583634914598765
C15023,133,1,105.96,3,-1.3956190670886153,-0.6672559223868322
C15024,10,10,2488.28,4,3.4676669329159604,0.7777045867091855
C15025,81,3,31.659999999999997,3,-0.6171246684693762,-0.9785688377282554
C15026,399,3,55.489999999999995,0,-1.7558260145864502,0.5795148471908317
C15027,28,5,212.81,3,0.3307684984688339,-1.0775936777709147
C15028,72,3,1509.63,3,0.3746403230932017,0.2341331113359988
C15029,174,5,1364.44,1,0.5481966058247322,0.6073008378548955
C15030,337,3,172.94,2,-1.454583166516399,0.3795151552049997
C15031,141,5,436.71000000000004,3,0.0659361129912332,-0.3408248743472775
C15032,3,4,464.58000000000004,3,0.2658967729452379,-0.9861502975420177
C15033,26,1,22.7,3,-1.0612977893222821,-1.255469755967257
C15034,386,2,81.81,0,-2.010552549991031,0.537364497651348
C15035,463,1,12.56,0,-2.6539479553656125,0.8492174383415958
C15036,33,4,308.62,3,0.05580603446996568,-0.9736329121603267
C15037,232,7,973.4,1,0.7219091409002751,0.5587228622378811
C15038,68,2,161.98,3,-0.8043624232142786,-0.9323226415268122
C15039,85,4,615.06,3,0.06593287957695908,-0.4617002010433613
C15040,468,2,148.26,0,-2.265046080271163,0.9903918851249073
C15041,13,4,471.78999999999996,3,0.2342810542142249,-0.93166263524129
C15042,110,4,727.0,3,0.047837898476865905,-0.24565641458712695
C15043,154,8,2549.75,4,2.3469372791388876,1.5230189245063113
C15044,145,1,847.35,3,-0.9580618318445682,0.020932235192457113
C15045,180,5,63.47,3,-0.3178193200288308,-0.46946481062475315
C15046,308,1,117.62,2,-2.023206430624064,0.18894422138049805
C15047,138,5,2657.39,4,1.5178916331095864,1.5321715473894186
C15048,99,4,1041.85,3,0.292077651678207,-0.031239713975599583
C15049,76,5,1265.01,1,0.839359618646926,0.048866502941821155
C15050,164,2,139.77,2,-1.167202450537693,-0.4869501468139598
C15051,39,8,952.6700000000001,1,1.7279300679343672,-0.3905791504310058
C15052,158,3,630.75,3,-0.5078245587604523,-0.09699484226233561
C15053,82,4,373.85,3,-0.0797073139417572,-0.6812285100194578
C15054,24,7,585.8100000000001,1,1.2253159074484792,-0.7765913212331274
C15055,20,7,1819.5300000000002,1,2.0404323499301222,0.25268594124478483
C15056,218,3,326.72999999999996,2,-0.9228794841031942,-0.06524533388978694
C15057,66,5,670.85,3,0.4900855315298801,-0.5045091643842624
C15058,1,5,1061.8,1,0.9796992465941282,-0.4865507609393406
C15059,363,4,1427.9199999999998,2,-0.4155647354801879,1.5735951699144668
C15060,306,2,227.01999999999998,2,-1.6259652741040604,0.2739129604510701
C15061,18,4,1597.31,3,0.9465181501737461,0.049171682591111945
C15062,86,6,323.38,1,0.5110018543530878,-0.7014740669174725
C15063,30,8,2868.05,4,3.003543785923386,1.1939067704845834
C15064,40,5,1172.25,1,0.9098250473940618,-0.2040702625107689
C15065,205,5,1148.55,1,0.29558600667068424,0.5737156539307655
C15066,11,4,127.66,3,0.01822347424212163,-1.2338335856520772
C15067,206,3,1327.1599999999999,2,-0.23011645080261892,0.7270556556699739
C15068,196,4,2823.02,4,1.095876608781642,1.9517818233980322
C15069,86,5,252.49,3,0.14600991624193557,-0.7633824654150985
C15070,64,3,236.69,3,-0.422373766980505,-0.8865111306163314
C15071,629,1,590.54,0,-2.881367893573057,2.1432473107432193
C15072,169,5,314.84000000000003,3,-0.11477368025322396,-0.30900400158662983
C15073,229,5,348.14,2,-0.31093134124863264,0.009456303029471196
C15074,398,4,1414.23,2,-0.5514793739923676,1.7312170308231145
C15075,404,2,35.19,0,-2.1061358086083493,0.584785969282391
C15076,61,3,364.14,3,-0.3287792116723273,-0.7926906842765616
C15077,196,7,1033.3,1,0.8914403124888192,0.43554202633154004
C15078,147,4,569.0,3,-0.18898281415372245,-0.20102138020709898
C15079,101,5,643.42,3,0.3452545868036236,-0.35856584711484907
C15080,55,7,1316.6100000000001,1,1.5870414021666504,-0.005521448546891446
C15081,85,4,523.17,3,0.0063026482806337785,-0.5398036490061859
C15082,23,3,68.22,3,-0.38289161857426757,-1.2279785823216844
C15083,46,6,1434.08,1,1.376947086132233,0.049146435164383474
C15084,287,4,301.32,2,-0.8708116679914676,0.24849113535866274
C15085,3,6,1931.3600000000001,1,1.8557136719951737,0.2638724908640817
C15086,8,5,264.15,3,0.4366736110864409,-1.1306751865269538
C15087,210,6,2048.0299999999997,4,1.1801280826521436,1.3640777325025875
C15088,74,9,864.8000000000001,1,1.862867007818921,-0.2943535726654653
C15089,2,9,1811.47,1,2.73851058238128,0.16209679183723866
C15090,116,2,204.16,3,-0.9512041707466498,-0.6643459139799506
C15091,40,8,1971.03,1,2.385145565885634,0.4798289659072502
C15092,46,4,194.38,3,-0.0655106560696281,-1.0078658954835458
C15093,80,5,719.92,3,0.4711162437198429,-0.39509813171325947
C15094,31,3,376.87,3,-0.21163480063826395,-0.9269488124128002
C15095,298,3,268.22,2,-1.2512044784209904,0.2718983236541289
C15096,53,6,2934.91,4,2.325475417650096,1.3586536677941314
C15097,34,5,108.96000000000001,3,0.24160035245482842,-1.1368470874296175
C15098,143,2,43.9,3,-1.1531969582590578,-0.6699912063100967
C15099,246,4,233.48000000000002,2,-0.7660276349911587,-0.007444158674484109
C15100,555,2,45.58,0,-2.647440494217278,1.323844090974225
C15101,150,7,874.29,1,0.9552085983309353,0.0779355595345268
C15102,185,3,236.24,2,-0.8618293354029529,-0.3017448542060598
C15103,281,2,41.78,2,-1.6554369047573751,-0.004433391416798284
C15104,62,4,354.75,3,-0.019512871609416713,-0.7941816791792552
C15105,52,4,816.49,3,0.3164188441442511,-0.4500774171991403
C15106,62,1,607.65,3,-0.8123660742916581,-0.584187838127871
C15107,351,2,409.96000000000004,2,-1.6705752002649816,0.6470231922589683
C15108,109,5,975.08,1,0.531443297460581,-0.0379783414607847
C15109,165,7,3514.47,4,2.6140603833039813,2.3945399711788125
C15110,197,3,396.09,2,-0.8016511915514951,-0.10784638134002626
C15111,104,3,67.19,3,-0.6775455337895625,-0.8371428937427993
C15112,93,5,944.76,1,0.5698389353541307,-0.14112437724961818
C15113,156,7,1713.95,1,1.4783129469343625,0.8206343121068039
C15114,176,2,246.25,2,-1.1416577319151489,-0.3384144013151692
C15115,719,1,82.86,0,-3.537467546212866,2.146970788806668
C15116,50,4,549.09,3,0.1501537078261585,-0.6870304161224149
C15117,2,3,124.8,3,-0.2699566588767097,-1.2814422052966266
C15118,442,1,91.65,0,-2.5264055682387343,0.8148865677188489
C15119,394,3,172.67000000000002,2,-1.6616370747211433,0.6549342542839086
C15120,144,3,282.99,3,-0.6826843468661774,-0.4602824542348527
C15121,24,4,1357.55,3,0.7691538485880401,-0.1256007129488348
C15122,138,4,209.89000000000001,3,-0.38935521849769916,-0.5497764143134402
C15123,721,2,529.01,0,-2.9362168190725355,2.5375096037623415
C15124,209,3,654.6300000000001,2,-0.6774300884375022,0.16993531363343117
C15125,41,5,1278.92,1,0.9754170218874245,-0.10856836527391274
C15126,74,4,1183.2,3,0.47454026021378004,-0.031995413213378336
C15127,166,8,291.25,1,0.8377741469486838,-0.33859977947929437
C15128,89,1,12.93,3,-1.296293243009872,-0.959109700290739
C15129,97,3,333.97999999999996,3,-0.4790111877145366,-0.6442318361554594
C15130,20,3,728.79,3,0.05666080928475287,-0.6810238430453484
C15131,13,6,517.92,1,0.9021947201471232,-0.8891451613241113
C15132,279,6,2466.5499999999997,4,1.2012864035297908,2.0534857040067185
C15133,334,3,463.98,2,-1.2548300570917141,0.6123816680616754
C15134,205,4,1904.55,4,0.4671882785564678,1.2146362910842452
C15135,107,2,264.32,3,-0.8794994494446332,-0.656735373732461
C15136,149,5,723.4499999999999,3,0.22297486184787574,-0.05841787671900587
C15137,85,8,3458.64,4,3.1871759037945435,1.9618653643672161
C15138,83,4,207.09,3,-0.1915524288308543,-0.8181330310705022
C15139,117,9,1115.8500000000001,1,1.8697146453315288,0.126976016580104
C15140,328,2,69.79,2,-1.807844547830991,0.24666336659547408
C15141,31,7,399.07000000000005,1,1.0787284545639075,-0.9014625376035326
C15142,32,4,311.84000000000003,3,0.06152504177171885,-0.9757319592868898
C15143,213,6,414.65,1,0.10928949408599287,-0.009733195833662623
C15144,63,5,944.56,1,0.6785926739465629,-0.28637257592845483
C15145,36,5,473.82000000000005,3,0.47111026341803874,-0.8170563255456629
C15146,266,3,390.94,2,-1.0554252908862123,0.22145616195200385
C15147,168,6,609.3199999999999,1,0.39894209779403983,-0.06188746959125886
C15148,289,1,246.55,2,-1.8705802448744735,0.20664757572529466
C15149,18,7,439.0,1,1.1518231134609946,-0.9303905861457777
C15150,244,6,731.29,1,0.2022538984386607,0.4093144327750515
C15151,39,5,476.09000000000003,3,0.46169498337114434,-0.8006190804093457
C15152,101,2,45.67,3,-0.999611416533957,-0.8715962525492286
C15153,22,9,1080.58,1,2.191624691905169,-0.36241662881294223
C15154,417,4,973.3800000000001,2,-0.9065199872743313,1.448392036598415
C15155,413,3,255.56,0,-1.6768067843233005,0.8172708645433727
C15156,115,4,319.7,3,-0.23461878220561244,-0.567668185625951
C15157,381,4,262.3,2,-1.2373013167723133,0.6699038080445758
C15158,15,11,840.71,1,2.699350366789406,-0.5968412369250287
C15159,276,4,599.45,2,-0.6374220341423362,0.44869639130876426
C15160,582,1,142.74,0,-3.0013748200487322,1.535342995648411
C15161,181,9,1879.7800000000002,1,2.133167333093313,1.0857913147393479
C15162,191,5,236.53,2,-0.2454393523487912,-0.26917421669343805
C15163,148,5,332.15,3,-0.02732222456052735,-0.39584582024663123
C15164,258,3,82.14,2,-1.2267794484097059,-0.07970110297477599
C15165,59,3,269.11,3,-0.383188183352836,-0.8831349083021098
C15166,19,7,941.87,1,1.4745213850444006,-0.4981318483074293
C15167,91,8,2119.18,4,2.2961826397910667,0.852384494295565
C15168,1,1,91.55,3,-0.9258826480735041,-1.317848047187894
C15169,104,5,1211.59,1,0.7030691238270359,0.138867602202146
C15170,355,3,270.67,2,-1.4564932954392509,0.5496293323908773
C15171,2,6,1250.21,1,1.4173240560270806,-0.31991832557707894
C15172,17,4,218.22,3,0.055213922920885845,-1.1278449524502647
C15173,106,4,1062.45,3,0.28003946592803625,0.020121183057108413
C15174,421,2,114.77000000000001,0,-2.1161945767938453,0.734637309125517
C15175,58,5,587.01,3,0.4647147980179367,-0.6144579011391298
C15176,43,7,1103.57,1,1.4923466405912666,-0.24462965475869342
C15177,332,4,1302.3300000000002,2,-0.38455095189986005,1.3169336957654074
C15178,196,6,401.46,1,0.16243076369452764,-0.1031552407562103
C15179,418,5,611.46,2,-0.8260211457302319,1.1472622506375583
C15180,216,6,754.86,1,0.31917381534805667,0.2939418249535086
C15181,162,4,159.78,3,-0.5089799497924337,-0.4763056857011055
C15182,318,5,581.89,2,-0.48226494071379344,0.6385347150376036
C15183,157,2,196.68,3,-1.104865655278564,-0.4724301182660981
C15184,166,5,136.83,3,-0.21940146090952042,-0.47481440968939403
C15185,218,5,2047.28,4,0.831616529062189,1.4004735257920338
C15186,224,3,288.57,2,-0.969419380102447,-0.06866442537809073
C15187,32,3,192.16,3,-0.3351282194969883,-1.0791102372720143
C15188,48,10,1639.51,1,2.778954990458986,0.24004400452179298
C15189,29,5,603.6800000000001,3,0.5807865447264325,-0.7405312199612568
C15190,11,9,2376.05,4,3.07221875366895,0.685494501456929
C15191,65,6,802.34,1,0.8980321138105963,-0.39592871883421527
C15192,440,5,487.33000000000004,2,-0.9864208171510535,1.1481465573975842
C15193,2,7,615.86,1,1.3246641895956226,-0.8574405032172533
C15194,102,4,2628.17,4,1.3106008620540366,1.33158741847721
C15195,19,4,193.46,3,0.031887500031943926,-1.139218249716117
C15196,138,3,535.1800000000001,3,-0.4972538381304733,-0.27494497154529324
C15197,133,3,211.91,3,-0.6888863736647365,-0.5738934353329013
C15198,203,2,143.56,2,-1.3062915857489255,-0.2951271057769964
C15199,161,2,29.34,3,-1.227975502376864,-0.5953197995208408
C15200,91,5,619.28,3,0.36588391075994087,-0.4274434471020566
C15201,186,6,179.19,1,0.054487471188325184,-0.34043676004774326
C15202,69,10,1555.56,1,2.648258800697434,0.27024403656472346
C15203,10,9,4121.9,4,4.20878366328777,2.1645730745660514
C15204,101,1,37.97,3,-1.323597431088522,-0.8797952498413819
C15205,361,6,1797.1899999999998,1,0.46930326077660234,1.8810990306953606
C15206,99,3,407.27,3,-0.4387099669142338,-0.5722658900569089
C15207,4,7,534.21,1,1.26442010582467,-0.9171684109369643
C15208,11,7,950.2,1,1.508962583392097,-0.5297391463993999
C15209,665,2,213.98,0,-2.9374001745952403,1.998931917244338
C15210,138,2,53.379999999999995,3,-1.1288978422115137,-0.6861132220660372
C15211,89,3,428.79999999999995,3,-0.38844398322015206,-0.602325506928846
C15212,155,4,529.56,3,-0.24361224294682837,-0.19585654882666892
C15213,56,3,52.209999999999994,3,-0.5130528743923525,-1.0820005247112647
C15214,273,3,154.18,2,-1.2344722515457562,0.0540696069473565
C15215,15,4,336.75,3,0.13939056660269342,-1.0367702696639634
C15216,284,2,603.49,2,-1.3018144593018621,0.4875092724628278
C15217,60,6,1265.42,1,1.21668614242766,-0.026505800473959305
C15218,74,3,131.85,3,-0.5267021575664886,-0.9272622466835925
C15219,186,3,1013.4300000000001,2,-0.36111642621798024,0.36367677235970286
C15220,24,3,1713.31,3,0.6810281438273851,0.1751292177878319
C15221,41,2,41.63,3,-0.7844660466721812,-1.1651865290078343
C15222,27,6,225.34,1,0.6615182985642105,-1.0701252810799124
C15223,90,4,330.52,3,-0.13686108270376832,-0.6793700494364528
C15224,452,1,1500.3,0,-1.6485840103572522,2.060551682550005
C15225,643,2,14.29,0,-2.9871372046476594,1.7228113658513609
C15226,133,4,2231.9100000000003,4,0.9409426535962757,1.1446937253675902
C15227,288,1,1.24,2,-2.0261399554318533,-0.006693716718504719
C15228,152,3,87.32,3,-0.8386962006829519,-0.587907933826586
C15229,22,7,239.52,1,1.007856637416521,-1.080598199901611
C15230,3,5,451.29,3,0.5762617345570468,-0.995792103087384
C15231,152,6,439.0,1,0.3464874540303304,-0.2840288554159553
C15232,105,6,263.73,1,0.4033335794121752,-0.6602917223302361
C15233,90,4,277.94,3,-0.1709818527719018,-0.7240613030427792
C15234,37,7,462.06000000000006,1,1.0978278870620244,-0.8189074886909256
C15235,63,3,266.54999999999995,3,-0.39936724894054204,-0.8659670625646417
C15236,0,6,903.3,1,1.1994624490334973,-0.624452183652864
C15237,20,7,552.2900000000001,1,1.218081557591943,-0.8244259686084091
C15238,117,4,337.53999999999996,3,-0.23030076224741697,-0.542832897809462
C15239,116,6,173.04999999999998,1,0.3045645950616038,-0.6841713685307677
C15240,96,5,693.9399999999999,3,0.3961858139884097,-0.33980522597456236
C15241,156,3,500.27,3,-0.5852381196177455,-0.21757038885053617
C15242,172,4,183.84,3,-0.5296611881954122,-0.4074960830567756
C15243,294,5,339.76,2,-0.5522836830727548,0.3166696928932643
C15244,119,4,190.75,3,-0.33281618421232556,-0.6579276419672883
C15245,114,2,262.87,3,-0.9058465545558225,-0.6241162443304016
C15246,40,4,983.4399999999999,3,0.4683112149041668,-0.3662067444100307
C15247,119,7,338.47,1,0.7200115887379955,-0.5274077892231906
C15248,2,9,658.76,1,1.9904818097445713,-0.8176684220187593
C15249,89,8,1051.97,1,1.6108963336708852,-0.06438043971473574
C15250,78,2,134.4,3,-0.8585544369371205,-0.9074053237099965
C15251,224,5,317.5,2,-0.3126673202017261,-0.04076638017960378
C15252,293,3,310.51,2,-1.2056139499364846,0.2836637181458789
C15253,45,5,757.16,3,0.6223131974679402,-0.5327032748123027
C15254,107,5,6509.95,4,4.130448616510096,4.656805442848707
C15255,91,6,542.58,1,0.635100184086844,-0.4909816465458093
C15256,162,3,308.85,3,-0.7312331168083664,-0.3512553899566713
C15257,52,6,248.32,1,0.5856944527767617,-0.9296945399036093
C15258,53,4,81.91,3,-0.16390203453502386,-1.0696100786599259
C15259,246,2,171.06,2,-1.4445123801254625,-0.06380759153512136
C15260,45,4,2585.18,4,1.4895820332266878,1.0193987562372193
C15261,90,5,527.28,3,0.3098117479230925,-0.5104763315887261
C15262,151,5,746.83,3,0.23088795723736572,-0.028873772908240475
C15263,169,4,407.69,3,-0.373509724660379,-0.23173883854945448
C15264,559,4,163.32,0,-1.947574712511236,1.4465714471442996
C15265,83,8,431.23,1,1.2298558683560807,-0.6210044635023617
C15266,159,3,280.14,3,-0.7389755613830288,-0.3901657569140472
C15267,486,2,748.04,0,-1.9411606098652505,1.5872318872072497
C15268,111,6,1305.05,1,1.0573012694370516,0.2538113323008418
C15269,56,6,460.56,1,0.7089056764746219,-0.7299538285396886
C15270,56,3,953.3100000000001,3,0.07169847418876345,-0.31609545387329174
C15271,59,4,345.47,3,-0.014646594951217935,-0.8165771914852252
C15272,140,5,1631.1399999999999,1,0.8446677203854409,0.6695650136420196
C15273,46,6,1301.3400000000001,1,1.2908080405094862,-0.06367815600533394
C15274,436,3,197.89,0,-1.797707980003891,0.8794799040763828
C15275,117,8,831.0000000000001,1,1.3658775196247541,-0.11679127544375979
C15276,142,3,62.95,3,-0.8182161307607858,-0.6569810261745668
C15277,74,3,159.61,3,-0.5086878445750207,-0.9036671687050527
C15278,29,4,945.56,3,0.4836536834700435,-0.45159882821386027
C15279,180,7,1181.7,1,1.045812824223693,0.4843020545313456
C15280,66,8,300.03000000000003,1,1.2064168398333788,-0.8147310888372822
C15281,408,3,1460.53,2,-0.876717645286923,1.8172756417472462
C15282,424,1,22.94,0,-2.505663473789499,0.6694384266618337
C15283,28,5,733.51,3,0.6686666531755112,-0.6350159723161013
C15284,197,2,340.03999999999996,2,-1.1570129998069778,-0.1571412727338509
C15285,608,5,993.83,0,-1.267485215097634,2.391092684292816
C15286,168,2,76.71000000000001,2,-1.2226418164130004,-0.521205291627704
C15287,14,7,715.0,1,1.3454457577369932,-0.7151435139274857
C15288,359,2,722.55,2,-1.4967615958309093,0.951401831304576
C15289,19,7,2410.89,4,2.4278133904740207,0.7504863596188821
C15290,21,5,159.81,3,0.32178133332118186,-1.1564934986690654
C15291,81,5,729.84,3,0.4739241842822068,-0.38183052101904436
C15292,291,3,600.91,2,-1.009905606908726,0.5208221924369214
C15293,175,5,189.28000000000003,3,-0.21803010922993718,-0.38671019016875113
C15294,179,3,226.44,2,-0.8464121501771439,-0.33909016977289874
C15295,170,5,789.59,3,0.18967666332873825,0.0993536702302296
C15296,198,2,65.7,2,-1.338670066843846,-0.3854852206195961
C15297,43,5,120.22999999999999,3,0.21624874271551212,-1.083744500155238
C15298,267,5,286.13,2,-0.4890906580151407,0.14051558937219086
C15299,40,6,162.8,1,0.5737513191794759,-1.0604149815684591
C15300,50,6,802.7399999999999,1,0.9527334483984455,-0.46812783478064846
C15301,5,8,379.15,1,1.4791567278232025,-1.0424740675519735
C15302,182,7,655.35,1,0.6969893100742894,0.04659391709057512
C15303,171,4,1145.3899999999999,3,0.09794746496777763,0.40495353981572296
C15304,443,2,230.37,0,-2.121026119488276,0.939284153486239
C15305,136,5,388.51,3,0.0528049129959863,-0.4059729743179936
C15306,68,3,396.39,3,-0.3332573561274477,-0.7314276741872979
C15307,120,5,1431.29,1,0.7875679597924272,0.40298034791806336
C15308,147,7,2096.11,4,1.7589733160480752,1.1019341574367787
C15309,386,3,32.22,2,-1.7237437685517827,0.49686889777525406
C15310,177,8,960.11,1,1.231893897812074,0.2831043469361701
C15311,115,9,2099.62,1,2.5153719868785283,0.9534759612594778
C15312,370,2,282.97,2,-1.8219424606830357,0.6309687734789543
C15313,539,1,404.7,0,-2.6753145790399797,1.5500548672735428
C15314,69,4,186.52,3,-0.1540886193977322,-0.9033200103413476
C15315,334,7,382.72,1,-0.03160516003425709,0.5499303791944403
C15316,94,6,2680.3199999999997,4,2.0114566966872864,1.340534171026826
C15317,67,4,1109.48,3,0.4521072533808537,-0.12850654591683666
C15318,81,5,835.33,1,0.5423798715109516,-0.2921675247670215
C15319,80,8,1216.24,1,1.7501612179967394,0.031720142620137275
C15320,91,3,554.58,3,-0.3140803961042097,-0.4857448042347065
C15321,303,4,210.37,2,-0.9879031177177016,0.24856169901285957
C15322,186,5,421.99,2,-0.10694143225807255,-0.1357190774542987
C15323,371,4,699.3,2,-0.9174241436486498,0.9929798917397817
C15324,110,5,868.98,1,0.45896231175240776,-0.12332387727486147
C15325,700,1,28.96,0,-3.503485339001823,2.0092747156724875
C15326,30,7,2103.1000000000004,4,2.188155087190539,0.5420704245163064
C15327,155,6,336.12,1,0.2688371231530017,-0.35696561782443104
C15328,92,4,606.8199999999999,3,0.03517953580539284,-0.43485234611804124
C15329,187,4,331.67999999999995,2,-0.4881650531198894,-0.20929789075808294
C15330,135,4,854.79,3,0.04002846712154094,-0.016140654573260967
C15331,503,2,307.46999999999997,0,-2.2887606209366282,1.2949730033278457
C15332,520,1,666.85,0,-2.4362378609876743,1.6809907968453228
C15333,197,3,474.54999999999995,2,-0.7507360979884341,-0.04115798731278473
C15334,35,5,680.12,3,0.6086140935694789,-0.6465441177773471
C15335,181,6,1354.79,1,0.8355175189941765,0.6346044926521781
C15336,165,4,704.15,3,-0.16660996065075537,0.0008985541097929421
C15337,610,1,147.25,0,-3.100072766180016,1.6745826708200047
C15338,69,3,825.05,3,-0.05871622312822168,-0.3622449715358167
C15339,240,3,1840.4099999999999,2,-0.020454156944904246,1.3277230746005027
C15340,37,3,1105.77,3,0.23959399656260605,-0.27839238105461056
C15341,204,2,58.849999999999994,2,-1.364891946281036,-0.3622918520391652
C15342,143,2,115.7,3,-1.106603742380549,-0.6089635910774183
C15343,106,4,625.23,3,-0.003685963687584063,-0.351501295104892
C15344,63,3,65.37,3,-0.5299191036820234,-1.0369633805661769
C15345,162,4,255.71,3,-0.44672803893971313,-0.3947683719229601
C15346,71,2,112.16,3,-0.8475804973435062,-0.9601601662716958
C15347,38,6,552.12,1,0.8336518755039206,-0.7391777928092197
C15348,495,2,162.18,0,-2.354008138790275,1.132793807575094
C15349,390,4,387.32,2,-1.1888370726651065,0.8196901172230944
C15350,42,6,1012.27,1,1.1177394800992886,-0.32872181553536456
C15351,216,5,455.37,2,-0.1941636540977344,0.03773101918303753
C15352,8,4,1707.77,3,1.0544935306376855,0.09469961199552722
C15353,114,7,1743.04,1,1.6496272721942942,0.6422503584603847
C15354,367,2,1281.85,2,-1.1628503271992485,1.4654757761169537
C15355,27,4,516.25,3,0.21232019641533076,-0.8261699494536106
C15356,230,7,466.72,1,0.4003678946182614,0.1183898107675971
C15357,620,1,472.34,0,-2.925406431102389,1.9992577750450193
C15358,28,4,3964.4500000000003,4,2.4463331828099872,2.1095214621070855
C15359,118,3,712.6,3,-0.3095315575746717,-0.22086266792617762
C15360,24,4,151.64,3,-0.013398031078426798,-1.1505841598184607
C15361,219,2,5.720000000000001,2,-1.4538113905245087,-0.33491148471695403
C15362,319,4,244.54,2,-1.0238003728656766,0.35498010692767923
C15363,69,4,287.35999999999996,3,-0.08865045938117493,-0.8176093596440873
C15364,72,3,246.91000000000003,3,-0.4447773030086145,-0.8391369486446086
C15365,29,3,1957.8200000000002,3,0.8215509066236075,0.4071342975124075
C15366,252,5,292.96,2,-0.43021669977689025,0.07378175985954773
C15367,32,6,1903.02,1,1.7320689053799618,0.3800266972939335
C15368,126,4,1009.66,3,0.17319340396469318,0.07197023997348995
C15369,139,3,828.96,3,-0.3102404622021839,-0.02040578898550619
C15370,2,8,799.81,1,1.7630242194508443,-0.6994348598978082
C15371,146,2,611.88,3,-0.795505718046466,-0.17271925068243593
C15372,63,3,313.27,3,-0.3690492120903481,-0.8262566143241022
C15373,166,7,349.29,1,0.5564488289380346,-0.2909219602617503
C15374,135,5,309.27000000000004,3,0.00501310440161383,-0.4781602826156802
C15375,27,4,987.99,3,0.518446709765298,-0.4252066178399102
C15376,266,6,651.89,2,0.07088089200733344,0.44821775387153556
C15377,401,1,529.73,0,-2.0933145745524215,0.9889664700438726
C15378,115,8,775.6700000000001,1,1.337231092099911,-0.17349181806628106
C15379,27,3,11375.58,4,6.940282298131372,8.402245615398702
C15380,357,5,1487.93,2,-0.035856457173153916,1.597240288716406
C15381,83,1,54.03,3,-1.2478454910958166,-0.953191706451682
C15382,71,2,174.32,3,-0.807242972287683,-0.9073262308557726
C15383,49,4,523.29,3,0.13704074960152832,-0.7137954993778407
C15384,130,2,26.669999999999998,3,-1.1171951715014627,-0.7475033563384126
C15385,44,4,382.95,3,0.06411708566413962,-0.8572595390078741
C15386,65,2,120.03999999999999,3,-0.8206902194055519,-0.9824780690625773
C15387,120,8,2936.98,4,2.7216239969006644,1.687729597006454
C15388,175,4,450.32,3,-0.3676225188375607,-0.16648911339920566
C15389,31,3,485.89000000000004,3,-0.1408883884505897,-0.8342854334063017
C15390,38,7,533.3,1,1.1404282509902677,-0.7535199146810027
C15391,193,1,41.07,2,-1.6554952220549257,-0.4322538564851696
C15392,67,10,1608.71,1,2.6900083628453015,0.3057478908842768
C15393,80,6,463.10999999999996,1,0.6234536296946821,-0.6117238489781499
C15394,26,1,821.74,3,-0.5427762960693083,-0.5763122953054282
C15395,34,2,22.11,3,-0.7717270158920829,-1.2156294619116939
C15396,72,3,61.88,3,-0.5648489288303479,-0.9964063030527212
C15397,54,3,428.84,3,-0.261387247169555,-0.7715494144659901
C15398,160,3,345.36,3,-0.7002817595660474,-0.3298949829556663
C15399,2,6,1048.85,1,1.2866553937806111,-0.49106763760008904
C15400,23,5,1023.8899999999999,1,0.8752503700625127,-0.4123823178929424
C15401,303,2,348.46000000000004,2,-1.5362707916013123,0.3626251064071574
C15402,2,4,544.69,3,0.3215120527943243,-0.922895398495313
C15403,153,3,343.9,3,-0.6758230424521627,-0.3649875157048998
C15404,42,7,4316.67,4,3.581054948507327,2.481562685065574
C15405,41,1,246.08,3,-0.9707814379868352,-0.9930650726563566
C15406,266,5,999.84,2,-0.02231296060863005,0.7423094440097731
C15407,435,2,200.16,0,-2.1115947058196567,0.8749191354629667
C15408,337,9,1066.54,1,1.0392366970707152,1.1489709933892798
C15409,10,7,219.73,1,1.0385677110573182,-1.155450324724623
C15410,420,2,196.95000000000002,0,-2.059236010637398,0.7996516394191806
C15411,236,5,737.1700000000001,2,-0.08388403220606064,0.37397046301727227
C15412,173,2,477.14000000000004,2,-0.980937797073922,-0.15667339063461608
C15413,14,8,2726.07,4,2.9694798348894387,0.9958534433742893
C15414,1,3,395.58,3,-0.09060978471626896,-1.056124139168936
C15415,182,8,916.8399999999999,1,1.1856674173559674,0.27050598499416906
C15416,121,5,383.0,3,0.10367106783673267,-0.4831953939695121
C15417,80,2,43.4,3,-0.9248660216616112,-0.9750804208785313
C15418,213,1,1349.02,2,-0.8793154821447059,0.7761790047726428
C15419,144,4,1291.07,3,0.29047884457616535,0.39820631640641996
C15420,149,5,758.99,3,0.2460378547771543,-0.028210057145615988
C15421,1,6,394.47999999999996,1,0.8656441388323856,-1.0520963435129607
C15422,289,2,626.79,2,-1.304841630829942,0.5314931994628798
C15423,22,11,1198.12,1,2.9058784907891027,-0.25920302670961365
C15424,188,4,773.38,2,-0.2051618653148729,0.1709683787824532
C15425,372,3,708.6800000000001,2,-1.2339558746646653,1.004134267329392
C15426,52,1,4.25,3,-1.1676362799980833,-1.1454171985563217
C15427,17,6,1055.97,1,1.2368340171789234,-0.41247677142315786
C15428,110,3,363.27,3,-0.5071868716379418,-0.5564690866883398
C15429,48,7,268.34000000000003,1,0.9321930954117102,-0.9303677125178522
C15430,102,6,2540.74,4,1.8918433592859096,1.260583328460175
C15431,5,4,1316.83,3,0.8116889608865304,-0.2520942238439251
C15432,117,5,1963.66,4,1.143927486876729,0.8409693452329879
C15433,194,4,1371.43,2,0.1611543650656231,0.7083066561964098
C15434,84,4,135.51,3,-0.24163233080468058,-0.8741377134328789
C15435,21,8,1150.82,1,1.9218457778340032,-0.3092051549839467
C15436,333,2,341.90999999999997,2,-1.6494048116307911,0.5021360292806935
C15437,12,6,1926.04,1,1.8195963038794718,0.3028741291592117
C15438,633,1,168.4,0,-3.1698252532875686,1.8037860924232054
C15439,95,6,1417.68,1,1.1884615342084957,0.2721680485664844
C15440,482,2,54.08,0,-2.3769746741340745,0.9780451757056435
C15441,71,4,1422.55,3,0.6407501477894384,0.15693631647648468
C15442,216,5,1699.46,1,0.6131643952378336,1.0951661979410154
C15443,72,7,274.42,1,0.8490317735907001,-0.809137350201838
C15444,130,6,1261.37,1,0.9599964159108992,0.30856764646002616
C15445,155,4,196.89,3,-0.4594919800819741,-0.4786149995154587
C15446,233,5,1334.1000000000001,2,0.3143704533339029,0.8668333160344492
C15447,4,7,1210.66,1,1.7033891988750482,-0.342208378567253
C15448,77,6,878.5899999999999,1,0.9039596609010051,-0.27308746927531147
C15449,190,2,443.68,2,-1.064351678391822,-0.10290229627758996
C15450,162,4,720.83,3,-0.1448974460509676,0.0005681795676158531
C15451,152,3,547.9300000000001,3,-0.5397922847247366,-0.1964047325407368
C15452,3,9,1264.91,1,2.380201631967704,-0.2976251145253825
C15453,243,4,1329.29,2,-0.04403466007138486,0.9094501245276311
C15454,59,8,1048.39,1,1.7174566868918781,-0.21250152613015255
C15455,60,7,1451.4099999999999,1,1.6563699906727445,0.13323377508886547
C15456,305,1,22.38,2,-2.0741222269034223,0.09348556415250804
C15457,318,1,157.9,2,-2.0333620149664657,0.2715402852932686
C15458,101,4,3115.91,4,1.6307397155598982,1.7413142784890494
C15459,569,2,30.95,0,-2.7077466601813684,1.3791122393789106
C15460,626,2,98.55,0,-2.87075764969984,1.7122185842216333
C15461,23,3,204.92000000000002,3,-0.29418280784178674,-1.111788122679524
C15462,173,7,1646.05,1,1.3725498963287768,0.8451325503550077
C15463,130,5,757.21,3,0.313842323988028,-0.121605861395017
C15464,85,1,53.17,3,-1.255662473044698,-0.9442507975328405
C15465,54,7,1403.69,1,1.6471797281811016,0.06365771899802722
C15466,692,1,85.73,0,-3.437609943200715,2.0188398086929253
C15467,18,4,384.61,3,0.15956003184690215,-0.9815830387552533
C15468,277,6,3100.25,4,1.6197726157928138,2.582437775921417
C15469,419,4,766.04,2,-1.0483281560560045,1.2818318035500775
C15470,169,3,524.4100000000001,3,-0.6167557960449713,-0.1341849683311643
C15471,3,5,1509.77,1,1.2631417783325871,-0.09611925947338157
C15472,39,2,57.07,3,-0.7671876568192797,-1.1617349221872266
C15473,151,7,1561.8899999999999,1,1.3977838165610947,0.6672086617451967
C15474,202,3,347.01,2,-0.851647958696378,-0.12538305030851554
C15475,11,5,2156.92,4,1.6540615987041782,0.4926242674865004
C15476,40,6,1282.05,1,1.3000668745000994,-0.10908965637103263
C15477,67,4,384.15,3,-0.018581566579573223,-0.7450129547847836
C15478,518,1,110.46,0,-2.790037446563848,1.1984058964444475
C15479,43,7,1740.44,1,1.9056310611559713,0.2966886922223075
C15480,5,6,697.3,1,1.0476354947624924,-0.7753656406758365
C15481,290,3,139.91,2,-1.305433154970779,0.12415156392715572
C15482,14,3,2593.0099999999998,4,1.2881868861629673,0.8744855976321564
C15483,254,4,725.1200000000001,2,-0.47602300962328464,0.44912103339913295
C15484,73,3,89.03999999999999,3,-0.5508534250124757,-0.9684852649683756
C15485,15,2,258.05,3,-0.5496587684271831,-1.1069711618001994
C15486,1,6,633.87,1,1.020991631160466,-0.8486227946194945
C15487,51,7,715.8499999999999,1,1.2117076682582306,-0.5354912555960518
C15488,107,4,1256.63,3,0.40241935576301857,0.19000367373423865
C15489,96,4,325.14,3,-0.16212903418355729,-0.6549272296806454
C15490,236,5,1195.5700000000002,2,0.21358574716313652,0.7635952377061269
C15491,33,5,375.32,3,0.4180789534372327,-0.9152858744959166
C15492,43,6,1400.02,1,1.3657328629370968,0.005688745902065717
C15493,233,2,267.44,2,-1.3347855898030019,-0.04475501500933452
C15494,29,6,896.83,1,1.0900097942743163,-0.48970920361383846
C15495,137,3,715.17,3,-0.37682337162476526,-0.12679538991586
C15496,325,2,49.8,2,-1.8099283177195726,0.21516471001176052
C15497,39,7,1805.07,1,1.962089248047006,0.33227828489002526
C15498,174,3,256.6,2,-0.8086931496676563,-0.33763487239497025
C15499,75,8,939.56,1,1.5887623583368455,-0.2276283686091074
C15501,1,3,3648.71,4,2.0204457636242985,1.7089283112751161
C15502,607,3,137.79,0,-2.4573447988999733,1.6553426705729213
C15503,327,1,5.84,2,-2.1647034568706403,0.18581779741509463
C15504,247,4,307.12,2,-0.7218698376630766,0.05998333562176802
C15505,71,3,565.27,3,-0.2345543116963711,-0.573377462840444
C15506,43,5,372.49,3,0.37994797165022776,-0.8693318787263321
C15507,259,8,1922.4599999999998,1,1.5587772770800736,1.497616977960656
C15508,350,2,69.95,2,-1.8875886370576644,0.35319004518376723
C15509,92,3,217.87,3,-0.5362112636193868,-0.7671011805614287
C15510,189,5,1016.24,1,0.2677972143769206,0.3838815056408058
C15511,90,7,465.34999999999997,1,0.9076019750282524,-0.5598062685635143
C15512,151,4,284.12,3,-0.3883679620091242,-0.42381615748480855
C15513,58,1,21.28,3,-1.178361697106878,-1.1019266231269165
C15514,195,2,52.62,2,-1.3362697264020584,-0.41111060671225397
C15515,4,4,398.9,3,0.21964556141268182,-1.0371401758671688
C15516,152,4,737.88,3,-0.09753867136991819,-0.03329928850546886
C15517,29,3,498.87,3,-0.12520636783252284,-0.8329247448791817
C15518,559,3,741.69,0,-1.8912419801310163,1.9365124841058483
C15519,373,5,685.86,2,-0.6144154232716033,0.992882471531296
C15520,58,6,1458.0200000000002,1,1.3489290744119904,0.12752592214917335
C15521,442,2,107.09,0,-2.197396830969689,0.8296643079344136
C15522,176,4,3423.3199999999997,4,1.5580186543890275,2.3652980814683318
C15523,134,4,318.51,3,-0.30435057524878667,-0.4767967827308823
C15524,130,7,2919.29,4,2.3548606575829085,1.7193988332963368
C15525,5,3,3279.76,4,1.7665050216337126,1.4146768263008709
C15526,217,6,1604.39,1,0.8668303629265017,1.0208500488163739
C15527,44,3,184.35,3,-0.383749777235931,-1.0277171957417863
C15528,72,4,782.1500000000001,3,0.22154555144216836,-0.3825464730816037
C15529,77,11,1687.33,1,3.0237220261287394,0.4225859344113352
C15530,262,5,183.22,2,-0.5377248502208779,0.028865806541031335
C15531,126,5,457.01000000000005,3,0.1335511661860785,-0.3961096512528986
C15533,16,2,1242.28,3,0.08540872871721043,-0.26557241186711505
C15534,170,3,573.1,2,-0.5887888167693792,-0.08796414534487505
C15535,23,4,339.61,3,0.1122109014817451,-0.9956518432369831
C15536,337,3,113.75,2,-1.4929933677399216,0.3292056211434087
C15537,70,4,521.75,3,0.05982292920693863,-0.6135497045030852
C15538,567,2,507.05,0,-2.391531907841088,1.7741095458246658
C15539,148,11,2656.3799999999997,4,3.3948771993646196,1.5895980009505544
C15540,195,4,1095.3,2,-0.021664287715291445,0.47844126776377716
C15541,416,5,358.18999999999994,2,-0.9831168929067741,0.9223192824000461
C15542,157,4,140.0,3,-0.5036685426112569,-0.5172977296145413
C15543,6,7,271.72,1,1.0868234153758696,-1.1306043122315717
C15544,107,3,435.94000000000005,3,-0.44914073368108304,-0.5092098208840313
C15545,195,3,335.78999999999996,2,-0.8335228040751709,-0.16877125888882064
C15546,142,8,1228.46,1,1.5330651986588082,0.3419350277427575
C15547,122,3,189.74,3,-0.6633492056357487,-0.6459325409291351
C15548,145,2,150.04999999999998,3,-1.0915718784926296,-0.5700953516245572
C15549,31,2,694.69,3,-0.32438093172803617,-0.6584666215358524
C15550,52,3,56.53,3,-0.49573169097809805,-1.0976724289054247
C15551,492,3,385.65,0,-1.8791140198134677,1.3098823177439274
C15552,281,2,3709.3700000000003,4,0.7245744131236758,3.112896293140567
C15553,123,2,219.19,3,-0.966856899845613,-0.6177193319450981
C15554,132,6,1932.13,1,1.388014192295221,0.8883632481723421
C15555,18,7,828.74,1,1.404737318983139,-0.5991245309816543
C15556,290,2,51.83,2,-1.681580209808276,0.04763223637869765
C15557,18,6,569.3,1,0.9173895193971564,-0.821294166974009
C15558,8,7,928.36,1,1.5056782919244731,-0.5628102415371589
C15559,156,4,437.38,3,-0.30706011493593705,-0.26937054698003693
C15560,51,10,2700.16,4,3.4563548611293053,1.1560690965935159
C15561,66,2,202.33999999999997,3,-0.770912683226385,-0.907689862399821
C15562,249,6,591.78,1,0.09357433864902108,0.31491526735125436
C15563,278,5,389.51,2,-0.46192817337708547,0.2815804976570849
C15564,28,2,162.69,3,-0.6587236495547124,-1.1251567722042966
C15565,57,11,696.42,1,2.4532792383372155,-0.5163734570224056
C15566,219,4,3344.8599999999997,4,1.3510371754096107,2.506555115068778
C15567,26,5,711.67,3,0.661752910884251,-0.6632511272764721
C15568,173,5,1358.32,1,0.5478546014787796,0.5972631009473682
C15569,95,4,486.7,3,-0.053658358327443985,-0.5224425359166475
C15570,247,1,94.08,2,-1.8170857563123415,-0.12605634758191953
C15571,123,4,1391.07,3,0.4315903701991389,0.3816482512783152
C15573,105,5,491.99,3,0.23246922528508782,-0.467932556804802
C15574,627,2,163.42000000000002,0,-2.832290973587001,1.7721918698049246
C15575,3,9,276.25,1,1.738629921515805,-1.1379532771429282
C15576,16,1,20.7,3,-1.0263011422524526,-1.3055290913130788
C15577,41,8,481.45,1,1.4148820968404257,-0.7814286189612253
C15578,45,7,989.34,1,1.4109603984175034,-0.3320494803653217
C15579,522,2,40.29,0,-2.5311014598227617,1.1597617408226344
C15580,78,5,1186.3200000000002,1,0.7810363694024416,-0.008345503091417213
C15581,37,4,1542.02,3,0.841679212575874,0.09405988236517936
C15582,36,5,529.48,3,0.507229739682632,-0.7697471742385477
C15583,42,3,3021.09,4,1.4643564671857223,1.3737457043372536
C15584,226,2,63.22,2,-1.441904037752159,-0.25218681328193654
C15585,22,9,2989.89,4,3.430634343841037,1.2604334553082988
C15586,23,7,385.28999999999996,1,1.0988217977155896,-0.9518626013333101
C15587,118,8,795.13,1,1.3389709287793614,-0.14244364387913186
C15588,20,10,4853.25,4,4.966073786186513,2.8362099382996027
C15589,190,1,106.44,2,-1.60218627735591,-0.3911993482184457
C15590,58,5,462.04,3,0.3836179430271676,-0.720678250381857
C15591,53,5,2073.86,4,1.4477244898653732,0.6251355136940945
C15592,158,6,1554.1999999999998,1,1.048398135546909,0.6928697453626196
C15593,72,6,593.34,1,0.7369994661425205,-0.5397201958603227
C15594,136,7,323.97,1,0.6489014312788214,-0.4575213246041647
C15595,243,2,147.0,2,-1.4492372974879373,-0.09876561293773481
C15596,1,5,278.03,3,0.47108692334762825,-1.1527292287794006
C15597,1,2,3129.08,4,1.3642527155783002,1.26560581724111
C15598,463,1,2.85,0,-2.660249071329127,0.8409642608498228
C15599,174,9,552.0,1,1.2969364390096552,-0.07662916557821384
C15600,229,4,408.11,2,-0.5910042232335782,0.05877455814393822
C15601,649,1,315.09,0,-3.132704839206438,2.00584276309542
C15602,112,8,1092.25,1,1.5535578886212131,0.08108284650407989
C15603,118,3,864.96,3,-0.21066049390824307,-0.09136172841571975
C15604,44,6,1735.36,1,1.579715793905927,0.29555254808678466
C15605,704,1,118.47,0,-3.459917365788216,2.1046990033942548
C15606,226,5,570.72,2,-0.1556040195543473,0.18413408971860987
C15607,43,7,605.4,1,1.1690688919255754,-0.6680576085255927
C15608,326,2,177.28,2,-1.730832097788442,0.32835441606466165
C15609,172,4,688.19,3,-0.20237304852513613,0.02118466544742121
C15611,217,7,985.54,1,0.7842289205356687,0.4965023563587411
C15612,115,3,305.44,3,-0.5628617813864034,-0.5814429650340706
C15613,131,4,279.28999999999996,3,-0.318913280253576,-0.5246403006088075
C15614,7,4,75.35,3,-0.0012042812739852802,-1.297639108935744
C15615,79,5,554.94,3,0.36768512691623184,-0.5401615922400522
C15616,14,7,1611.4,1,1.9271471325767584,0.04676671301642629
C15617,149,5,1060.74,1,0.44185265827771103,0.22826742052096746
C15618,329,6,2150.04,4,0.8144208434384167,2.0262597254486154
C15619,38,7,1732.19,1,1.9184246379622065,0.2654967653511109
C15620,118,3,180.07,3,-0.6551065610813874,-0.6734954804590216
C15621,169,4,1691.79,3,0.4597820373116672,0.8597035113152012
C15622,28,6,1087.78,1,1.2175525399726213,-0.33224398601016897
C15623,688,1,491.1,0,-3.1600351493675762,2.3440470840122143
C15624,84,4,91.06,3,-0.27047729523086034,-0.9119187370692654
C15625,132,6,601.84,1,0.5247483266821118,-0.24233906753628884
C15626,23,5,1229.84,1,1.0088976236861735,-0.2373316583223281
C15627,312,1,49.98,2,-2.0816178985707303,0.15079622868700915
C15628,282,3,711.03,2,-0.9057803136667336,0.5708970733114948
C15629,13,5,650.29,3,0.6691044123906461,-0.7782893109053836
C15630,282,5,901.96,2,-0.14390149927689844,0.7364897378371947
C15631,194,3,180.45000000000002,2,-0.9306982300560962,-0.3056410395988584
C15632,147,3,274.83,3,-0.6988679728965378,-0.45271036267620735
C15633,1,6,2857.2299999999996,4,2.4637979327710635,1.0411593586357664
C15634,19,3,50.260000000000005,3,-0.38002860855518267,-1.2625877465072664
C15635,80,5,2576.2,4,1.6757131068251072,1.1826782137479686
C15636,430,3,366.96000000000004,0,-1.6662165813492682,0.9941681475160784
C15637,163,6,742.51,1,0.5035204162974375,0.027139905745205056
C15638,141,4,429.25,3,-0.257894158223348,-0.34881987961079797
C15639,50,4,1437.35,3,0.726572787718137,0.06796108118369742
C15640,10,3,441.7,3,-0.09334616362876048,-0.9734002094034858
C15641,34,5,1048.79,1,0.8514847825258416,-0.3380228029710091
C15642,264,3,692.3599999999999,2,-0.852565732830861,0.4679812702244408
C15643,319,5,1296.6,2,-0.022097214371289104,1.2508504168159325
C15644,101,7,7244.07,4,5.266596739366081,5.255075924781368
C15645,310,4,902.38,2,-0.5642428205571557,0.8705987958139878
C15646,70,5,270.24,3,0.21559964727308842,-0.8256705978023323
C15647,135,4,633.64,3,-0.10348253136776518,-0.20411080929062608
C15648,14,4,732.2,3,0.3996396165789234,-0.7054868443293367
C15649,161,7,1328.8,1,1.210230078671229,0.5174493053772252
C15650,207,3,296.71999999999997,2,-0.9024299318470128,-0.14394817908802904
C15651,173,5,2212.98,4,1.102469613773016,1.3236957142448735
C15652,11,6,589.99,1,0.9562220489303861,-0.837559935413997
C15653,362,1,3.96,0,-2.292954225194447,0.35347776606605325
C15654,116,2,339.33,3,-0.8634882238065661,-0.5494559035203247
C15655,394,2,308.90999999999997,0,-1.8922160211203805,0.7690794761643419
C15656,72,8,3546.75,4,3.291536038193393,1.9738887155730276
C15657,336,3,713.48,2,-1.1001807782140853,0.834120261516079
C15658,9,2,183.56,3,-0.5762209026328605,-1.1993008287514668
C15659,25,5,185.32999999999998,3,0.32382423851158887,-1.1154585855815473
C15660,29,7,1696.04,1,1.927630854789861,0.19124700444178622
C15661,59,6,1715.87,1,1.5126263744835273,0.35152579808904183
C15662,340,4,246.41,2,-1.098805339971329,0.45812428854259374
C15663,627,3,457.96000000000004,0,-2.3221657105283775,2.0241953399848422
C15664,140,7,538.02,1,0.7732872193323933,-0.25624217335763744
C15665,724,1,64.28,0,-3.5676719305681313,2.155358106810278
C15666,52,3,51.330000000000005,3,-0.4991061300110819,-1.102092256192471
C15667,90,4,745.77,3,0.13260734199749494,-0.3264213415622233
C15668,63,10,1870.55,1,2.8744421500622512,0.5089594334132271
C15669,3,5,2298.49,4,1.7749663079662543,0.5742665439572322
C15670,153,3,37.25,3,-0.8748176058107235,-0.6256298306227384
C15671,387,2,243.39,0,-1.9093277971705247,0.6795380711058414
C15672,153,8,527.58,1,1.0383187723992404,-0.20059435125694292
C15673,75,5,781.28,3,0.529081878427234,-0.36712387061305296
C15674,14,5,201.74,3,0.3743971484429843,-1.154705972575041
C15675,74,4,261.84,3,-0.12335842198430767,-0.8151208111351127
C15676,597,2,165.63,0,-2.721973312288898,1.6289920910802769
C15677,126,7,2351.09,4,2.0006561034656345,1.2171039447983745
C15678,126,3,359.74,3,-0.5675488097750502,-0.4820944266046061
C15679,206,8,693.8100000000001,1,0.9538296096028525,0.19700045697649363
C15680,5,3,528.4200000000001,3,-0.01892364932974009,-0.9238707906110687
C15681,22,5,2458.82,4,1.8100497827322268,0.8024245821222484
C15682,32,3,380.39,3,-0.2129800158088033,-0.9191209891487964
C15683,205,3,185.77,2,-0.9671698784131184,-0.2479238743462267
C15684,46,6,791.39,1,0.9598858895729196,-0.49711871851096534
C15685,90,4,140.92000000000002,3,-0.2598983212910279,-0.8405237520564502
C15686,97,6,482.93,1,0.5746147698532018,-0.5126665242646181
C15687,194,3,149.22,2,-0.9509643321714978,-0.3321855023247156
C15688,44,6,1418.9,1,1.3743552215255255,0.026572058998576016
C15689,45,2,143.95999999999998,3,-0.7325787833811022,-1.0588656670899257
C15690,86,9,1969.99,1,2.5365051892551884,0.7030525016498738
C15691,36,6,778.09,1,0.987549621051842,-0.5567826785382531
C15692,0,9,663.47,1,2.000797174439027,-0.8233369588116145
C15693,86,6,677.15,1,0.7405740267951489,-0.4007813170447062
C15694,43,7,849.3299999999999,1,1.327362529101684,-0.46072521042382075
C15695,146,5,1693.03,1,0.8630533292419651,0.7511850990900595
C15696,165,8,1115.16,1,1.3760639946311226,0.35686041497223153
C15697,251,2,18.0,2,-1.5619849493183584,-0.16972380690881825
C15698,144,7,1432.35,1,1.3391275045702526,0.523252383048868
C15699,396,7,570.15,2,-0.13500205187812844,1.0090679448869428
C15700,104,10,1409.8,1,2.4266399000532957,0.31561078405025356
C15701,35,3,288.99,3,-0.2831806235902367,-0.9823001328543313
C15702,304,4,49.0,2,-1.0962504967629942,0.11623849893819606
C15703,68,5,838.79,1,0.5918080320363228,-0.3520938619936089
C15704,105,7,1057.85,1,1.2376515832588955,0.01633815478479882
C15705,26,4,1379.06,3,0.7758534437868223,-0.0976460470278341
C15706,21,3,989.1500000000001,3,0.22198692512028817,-0.4548905504726938
C15707,93,2,109.99000000000001,3,-0.9288365948291896,-0.8556139102947138
C15708,34,8,1252.19,1,1.9404450103524213,-0.16017679958407677
C15709,287,5,108.11,2,-0.6772022969209021,0.085923305681493
C15710,20,8,597.48,1,1.5663959797131553,-0.7843617165102237
C15711,105,1,245.99,3,-1.203124694452045,-0.6836413983142564
C15712,282,2,157.28,2,-1.5841148732137726,0.09857371254017686
C15713,52,4,307.7,3,-0.013750547315726638,-0.8825320182330458
C15714,198,4,464.08000000000004,2,-0.4421706029554508,-0.04356694634432626
C15715,10,7,1015.7,1,1.5550969874196652,-0.47890226209572356
C15716,234,2,181.81,2,-1.3939829664717174,-0.11270173071459605
C15717,221,5,302.8,2,-0.31131824730482976,-0.06776871246553365
C15718,128,7,741.39,1,0.9488136419348617,-0.14141571022348395
C15719,218,2,33.7,2,-1.432024861981086,-0.31596535422288885
C15720,112,4,297.14,3,-0.23837030369318796,-0.6013512568496086
C15721,101,8,1521.34,1,1.8719314716548776,0.3925997527448715
C15722,475,2,60.519999999999996,0,-2.347389405412387,0.9496673805655765
C15723,242,4,178.56,2,-0.7871490993295902,-0.07346809526953353
C15724,57,4,1722.0500000000002,3,0.885917169008553,0.3437982063912015
C15725,86,6,558.55,1,0.6636108596197852,-0.5015873778608017
C15726,6,5,664.1,3,0.7034722995110047,-0.8004028508328481
C15727,116,5,617.02,3,0.2736810570508548,-0.3084658676036477
C15728,120,3,77.38,3,-0.7290041443242595,-0.751106689355551
C15729,210,4,1662.47,2,0.2919479088412206,1.033056032423459
C15730,15,4,572.32,3,0.29225914410269727,-0.8365435938929042
C15731,5,6,766.0999999999999,1,1.0922819188912025,-0.7168879258010695
C15732,216,3,159.06,2,-1.024426773352155,-0.21743114524822846
C15733,147,2,611.82,3,-0.7991741047050981,-0.16793430851220603
C15734,27,6,338.60999999999996,1,0.7350226657307657,-0.9738495432330395
C15735,131,4,1372.1,3,0.39024455044549083,0.40421190276756047
C15736,76,6,1385.6599999999999,1,1.236642342581401,0.15306924870933675
C15737,32,6,1260.1100000000001,1,1.31486494409233,-0.16642544907432885
C15738,92,9,3395.0899999999997,4,3.4395194585259423,1.9433558094006913
C15739,65,5,475.0,3,0.3666219276208434,-0.6758110995939633
C15740,217,5,1166.18,2,0.2634732429700321,0.6467318504960817
C15741,315,2,380.42999999999995,2,-1.5590778907379281,0.4478298266832898
C15742,281,2,375.57,2,-1.4388303653689714,0.2792770220722785
C15743,394,6,545.39,2,-0.46279992053594143,0.9766966338713577
C15744,68,5,306.62,3,0.24646664353958286,-0.8044206864835035
C15745,124,5,2691.5299999999997,4,1.5908584347531987,1.4934862509790165
C15746,546,1,8.22,0,-2.9580087324587905,1.2469116172136954
C15747,80,4,2644.41,4,1.4009874128462747,1.239000195178832
C15748,505,1,77.43,0,-2.764288763021858,1.1074642711977987
C15750,11,5,881.8900000000001,1,0.8266556371223558,-0.5911088836294032
C15751,457,2,67.26,0,-2.277685498455722,0.8683492335100318
C15752,11,8,5011.05,4,4.463161591511804,2.923502729448885
C15753,57,4,222.67000000000002,3,-0.08707636892902715,-0.9306249931571727
C15754,30,3,126.47,3,-0.37049756786446836,-1.1446164357971893
C15755,47,8,688.92,1,1.5277390200088339,-0.5760703688116074
C15756,28,5,996.86,1,0.8395625222786484,-0.41117721923078315
C15757,51,4,1236.78,3,0.5927873298088119,-0.09768081690100777
C15758,188,3,379.9,2,-0.7794923202818481,-0.1651308052013806
C15759,184,7,472.06,1,0.5707879218201669,-0.0995246147551726
C15760,208,4,469.0,2,-0.47527237272214323,0.008974292016529209
C15761,143,4,792.1800000000001,3,-0.029636683285841275,-0.030669553623766107
C15763,639,3,378.18,0,-2.417490802344984,2.0144162719287766
C15764,441,5,729.75,2,-0.8327365159793128,1.3590314458299289
C15765,130,8,630.93,1,1.1888631171234276,-0.22397690800682288
C15766,106,4,1055.3899999999999,3,0.27545801601017716,0.01412041754815688
C15767,378,6,1380.35,2,0.13710237244613094,1.6090098586470356
C15768,91,7,483.79,1,0.9159388041600437,-0.5392969408528311
C15769,271,6,1289.86,1,0.4667318820954497,1.0146507652040444
C15770,126,2,414.74,3,-0.8508468767588284,-0.43700050641641225
C15771,160,3,565.88,3,-0.5571795873441989,-0.14246030731346257
C15772,22,8,413.68,1,1.4398636368615672,-0.9309137314168164
C15773,16,7,1046.48,1,1.5532943658307798,-0.4237246433592247
C15774,55,4,150.9,3,-0.12639121524276542,-1.001298989741048
C15775,39,6,298.99,1,0.6657586261381272,-0.9494939451645317
C15776,47,5,413.49,3,0.3920363222695947,-0.8151394797919913
C15777,153,7,1463.05,1,1.3263846160637973,0.5928698249746536
C15778,55,5,2855.41,4,1.9476372855697497,1.2990989356240759
C15779,70,7,948.51,1,1.2937282921118425,-0.24585511980179317
C15780,478,2,102.30000000000001,0,-2.331165438114436,0.9996868134155863
C15781,221,6,613.04,1,0.20899522591107228,0.19757923625411972
C15782,204,5,217.98,2,-0.30465987537564837,-0.22207387826714475
C15783,165,6,783.88,1,0.5231077728798853,0.07197491203557878
C15784,373,3,758.4200000000001,2,-1.205307518276644,1.0512475554409502
C15785,89,4,569.97,3,0.022154796282944297,-0.4806814427132165
C15786,214,4,1972.54,4,0.47864401150000696,1.3159489944588691
C15787,63,3,255.31,3,-0.4066612286964533,-0.8755206892389495
C15788,356,5,559.8,2,-0.6345189485963173,0.8035246754762636
C15789,23,6,3114.71,4,2.551036661230433,1.3663994905899761
C15790,3,5,1510.9099999999999,1,1.2638815591975103,-0.09515029733737533
C15791,44,5,2044.43,4,1.4612915202125762,0.5565975295864911
C15792,672,1,61.3,0,-3.3808743008771835,1.9013563165639054
C15793,430,1,1596.26,0,-1.506464713467038,2.0357238114291913
C15794,9,8,955.39,1,1.8385786838299363,-0.5333454460948086
C15795,160,2,207.08,3,-1.1090051296835046,-0.4490826431598411
C15796,40,5,185.39,3,0.2694214119920421,-1.0428684849135677
C15797,145,7,1205.08,1,1.1880156000877216,0.33491637177875166
C15798,110,5,1795.13,1,1.0599693714443406,0.6638728615516716
C15799,29,2,89.95,3,-0.7095563110051273,-1.1821474160383991
C15800,197,4,1981.18,4,0.5459514357412414,1.2410817244740562
C15801,119,5,460.49,3,0.16121560038129795,-0.42700334807943807
C15802,209,4,313.68,2,-0.5796937217386758,-0.11820660900301314
C15803,306,1,28.47,2,-2.0737996904749676,0.10349780205645621
C15804,86,2,34.46,3,-0.9524441660178276,-0.9536634828807786
C15805,218,3,497.44000000000005,2,-0.8121005442338319,0.07985249614322878
C15806,71,8,1989.78,1,2.284800038789152,0.645679988643227
C15807,58,4,681.69,3,0.20716629657815877,-0.5356372988836283
C15808,446,3,225.8,0,-1.815890835661295,0.951561878846699
C15809,192,1,2.21,2,-1.6770832136970117,-0.4701195059653695
C15810,19,6,1604.83,1,1.5857471554631026,0.06370787907935957
C15811,189,6,437.52,1,0.21123735629255777,-0.10635701969583244
C15812,119,3,612.76,3,-0.377950237831599,-0.3008874116600794
C15813,126,3,280.02,3,-0.6192815558730267,-0.5498537787821705
C15815,170,2,651.29,2,-0.8570381835272158,-0.02315949539002646
C15816,29,4,434.58,3,0.15206313403271304,-0.885914856509041
C15817,191,3,163.51,2,-0.9308027616657161,-0.33454729748536216
C15818,13,10,1510.63,1,2.8223515957149132,-0.03875762106266162
C15819,122,6,781.9799999999999,1,0.6779411901880353,-0.13758545248545284
C15820,180,4,4818.15,4,2.448648696551588,3.5702010142530476
C15821,121,6,470.34000000000003,1,0.4793379140426128,-0.407305041842672
C15822,204,1,197.35,2,-1.594004309562092,-0.2462257052224387
C15823,15,4,753.73,3,0.4099816412130071,-0.6823511192500048
C15824,100,3,493.54,3,-0.3863561763195003,-0.49410331525385004
C15825,4,6,323.81,1,0.8088958620420591,-1.097655675745328
C15826,541,1,27.54,0,-2.927324139471908,1.2391532746317038
C15827,273,7,1384.57,1,0.8399224450527291,1.106477252898263
C15828,43,5,389.21999999999997,3,0.3908045803082702,-0.8551119343970465
C15829,146,4,112.09,3,-0.4818562361302168,-0.5942156445622455
C15830,85,6,5455.07,4,3.8447418900177253,3.6554560488018413
C15831,62,5,278.42,3,0.24994350603329482,-0.8574053909121988
C15832,49,5,2047.97,4,1.4454414803591573,0.5837861128957669
C15833,97,4,1329.3,3,0.4858716494853304,0.2034113582968303
C15834,35,8,654.13,1,1.5487161349006393,-0.6636719954241764
C15835,35,7,638.54,1,1.2196100580441045,-0.6785772306576366
C15836,701,2,1261.0,0,-2.3886171049548324,3.06295798787709
C15837,165,5,442.24,3,-0.017582120650573428,-0.22006199376354682
C15838,56,3,85.41,3,-0.4915083790279167,-1.0537816274170457
C15839,56,5,1251.35,1,0.9030842433522344,-0.059462846902296994
C15840,12,4,218.44,3,0.07350394176738524,-1.1518376606442917
C15841,515,3,108.91,0,-2.1421764383701705,1.1858891334743908
C15842,111,4,1170.23,3,0.3318339500742795,0.135910304135944
C15843,485,1,5.11,0,-2.7386304063309415,0.9492758696886537
C15844,452,3,152.94,0,-1.8849486228998829,0.9186489398852203
C15845,265,5,1903.5600000000002,4,0.5677680369242792,1.5056054876496006
C15846,74,5,487.98,3,0.3423799891789122,-0.621255069115574
C15847,43,5,162.55,3,0.24371148499933507,-1.0477739057729685
C15848,145,3,119.99000000000001,3,-0.7920894827621939,-0.5939911001706479
C15849,297,3,78.47,2,-1.3707096057721038,0.10578118583884777
C15850,432,3,184.78,0,-1.7916976566559655,0.848993078802758
C15851,379,3,365.59,2,-1.4820036242428976,0.7463707439725066
C15852,318,2,25.93,2,-1.8000121349766822,0.16102442158892918
C15853,190,3,447.34000000000003,2,-0.7429873433936522,-0.09813716480075722
C15854,286,5,380.77,2,-0.49663543326392096,0.3128393093668079
C15855,6,8,411.15,1,1.4962930556640825,-1.010439190223531
C15856,243,5,649.12,2,-0.16642852582809733,0.33298246875429055
C15857,42,2,541.8399999999999,3,-0.46349393044026327,-0.7351887028201671
C15858,161,3,156.92000000000002,3,-0.8261956895003545,-0.48522678392655
C15859,40,4,696.3,3,0.28197728722512827,-0.6102662073335858
C15860,338,3,783.78,2,-1.0618198598577482,0.9035448069245777
C15861,105,3,82.02,3,-0.6715513440633619,-0.8197019461294694
C15862,144,1,408.2,3,-1.239410246662256,-0.3571666190438544
C15863,328,1,7.81,2,-2.167054514445242,0.19232817216084452
C15864,232,4,290.25,2,-0.6783755342482336,-0.026894706718374822
C15865,102,3,39.9,3,-0.687995947759623,-0.870010367686709
C15866,136,3,111.99,3,-0.7646158700155974,-0.6443142960549044
C15867,62,6,877.9200000000001,1,0.9579666397647596,-0.3461960496827328
C15868,160,11,621.64,1,2.030918774486047,-0.08183213500630307
C15869,130,4,187.32999999999998,3,-0.3749594858670937,-0.6076391864240381
C15870,50,5,678.51,3,0.5531275529758777,-0.5753734616419383
C15871,27,3,82.45,3,-0.3881751396689352,-1.1965397942477727
C15872,178,3,176.44,2,-0.8752292285168145,-0.38642444924880937
C15873,11,6,3846.9500000000003,4,3.069763001404863,1.9307478878203221
C15874,239,6,2149.17,4,1.1405068479582317,1.5902856383798938
C15875,19,3,276.78,3,-0.2330328528337374,-1.0700532701492398
C15876,27,3,258.21,3,-0.274119100354079,-1.0471496319456064
C15877,76,7,746.14,1,1.1406275050344574,-0.38884725721430474
C15878,16,5,494.45,3,0.5570867178235428,-0.8962403142988543
C15879,443,3,724.29,0,-1.4815170767380499,1.3607540014529447
C15880,84,3,314.44,3,-0.4445084306042866,-0.7237074094593671
C15881,195,1,8.84,2,-1.6836691564008657,-0.4499764056422212
C15882,79,5,4918.74,4,3.199488406172999,3.1689234683777996
C15883,276,2,29.94,2,-1.6449729887450653,-0.03867669904962877
C15884,109,3,754.24,3,-0.24984503067474412,-0.22899351255486083
C15885,40,4,342.38,3,0.05230777519557721,-0.9110864522242477
C15886,62,6,459.58,1,0.6864930195612039,-0.7017711549256112
C15887,107,4,1611.24,3,0.6325366298950232,0.49141039570722
C15888,79,4,454.76,3,-0.016313987978785506,-0.626965517898753
C15889,57,4,527.82,3,0.11094479855463453,-0.6712576284182897
C15890,153,4,350.12,3,-0.35279744516083156,-0.35804646925598266
C15891,24,7,736.47,1,1.3230837891233553,-0.6485353252588193
C15892,62,6,285.01,1,0.5732092076404344,-0.8501498567524727
C15893,30,3,1226.45,3,0.34331309511661673,-0.20966997056541314
C15894,66,5,124.05999999999999,3,0.1352567779057892,-0.9692625032850452
C15895,117,6,1012.6300000000001,1,0.845764283336551,0.03427968581169134
C15896,75,4,198.81,3,-0.16788996747120838,-0.863858277477442
C15897,108,6,1067.67,1,0.9141464800522446,0.03753839611501214
C15898,60,5,131.18,3,0.1616538686004612,-0.9922263808332641
C15899,485,2,144.89999999999998,0,-2.3289271510327523,1.0697469797396437
C15900,584,1,6.69,0,-3.096920727549363,1.4293768947719074
C15901,15,8,777.84,1,1.7015843538292168,-0.6552414078795336
C15902,91,7,665.8399999999999,1,1.0340766168436437,-0.38456048746691074
C15903,69,2,398.56,3,-0.6544678766488121,-0.726401559124535
C15904,277,7,1486.07,1,0.8912710959596972,1.212092642383816
C15905,33,6,1316.55,1,1.3478611353882344,-0.11361738349676864
C15906,15,10,1285.53,1,2.669018419774433,-0.22041326422983382
C15907,177,5,226.16000000000003,3,-0.20135645096635446,-0.3456915347473848
C15908,34,2,43.129999999999995,3,-0.7580864950318288,-1.1977631600705951
C15909,446,7,501.90999999999997,2,-0.3607576160620189,1.1928632202817238
C15910,87,4,204.54999999999998,3,-0.20771851580689502,-0.8009481859973148
C15911,45,4,197.87,3,-0.059616437510393125,-1.009735451577897
C15912,121,6,773.47,1,0.6760482417480769,-0.14965461001144933
C15913,75,4,93.6,3,-0.23616395413663868,-0.9532832830293932
C15914,25,5,235.32,3,0.356264278369063,-1.0729687459508845
C15915,483,1,35.66,0,-2.7115466753648887,0.9655704746452751
C15916,123,2,19.46,3,-1.0964678052413583,-0.7874831981069761
C15917,37,7,1029.95,1,1.4663490759930307,-0.33621985060616644
C15918,321,5,869.14,2,-0.30674798314150425,0.89719549483978
C15919,163,3,334.98,3,-0.7179060114912585,-0.3242098176618753
C15920,5,3,242.04999999999998,3,-0.20475790045966372,-1.1672757791094268
C15921,176,6,3036.55,4,1.9450102708260157,2.039864933738903
C15922,9,6,818.54,1,1.111794035383134,-0.6529719068352267
C15923,26,5,454.75,3,0.4950296654315152,-0.8816245939280002
C15924,206,4,1001.8800000000001,2,-0.12221134186401184,0.4522327125696868
C15925,37,2,725.38,3,-0.3262419570694155,-0.603365499810091
C15926,166,4,359.94999999999993,3,-0.3936013182345958,-0.2868240734438481
C15927,80,3,1856.38,3,0.5706213962516453,0.5675466157903573
C15928,351,2,260.46,2,-1.7675903224632692,0.519953157756386
C15929,129,4,823.5600000000001,3,0.04153906994795664,-0.07170075836344655
C15930,82,4,127.08,3,-0.23984391397434174,-0.890974813793386
C15931,29,3,535.17,3,-0.10165018765996209,-0.8020709505484542
C15932,20,5,174.68,3,0.33506038191798543,-1.1486904327390728
C15933,218,3,427.32,2,-0.8576035567324535,0.020252825110980744
C15934,310,4,250.98000000000002,2,-0.9869562024967171,0.31693043143283633
C15935,435,4,830.1,2,-1.0648288760701548,1.4136557186975542
C15936,36,2,80.59,3,-0.7410364570299516,-1.156251523913366
C15937,605,1,275.49,0,-2.9987066540637852,1.7594027105659147
C15938,45,9,1134.75,1,2.1432998926570637,-0.20514730393699682
C15939,108,2,64.73,3,-1.0126489553823577,-0.8215443043669152
C15940,69,1,6.87,3,-1.227636745871741,-1.0609793025614818
C15941,116,4,1142.9299999999998,3,0.2959708910329329,0.13688591176589093
C15942,76,3,197.20000000000002,3,-0.49155344559731895,-0.8620450368656474
C15943,85,8,994.35,1,1.5880227567576353,-0.13269928663190547
C15944,169,8,1632.96,1,1.6975624473517834,0.816316977457283
C15945,324,2,84.37,2,-1.7838653366324262,0.2397121216253709
C15946,374,4,1084.79,2,-0.6781562455762954,1.335141408595695
C15947,29,10,836.14,1,2.3265831934295576,-0.5346766756936615
C15948,160,2,159.07,3,-1.1401602869861118,-0.4898895485542824
C15949,211,4,1717.8,2,0.3242237871896998,1.0849206348685922
C15950,21,6,777.3199999999999,1,1.0414917068572698,-0.6299762556242717
C15951,52,9,1061.88,1,2.070606165289007,-0.23323280238894684
C15952,176,3,1011.2,2,-0.3262690331823019,0.3134219446531079
C15953,28,4,654.95,3,0.2986974174907077,-0.7034436160621208
C15954,322,1,68.37,2,-2.1059785733808276,0.2147865196548865
C15955,42,4,552.69,3,0.18152546451500604,-0.7226580571120259
C15956,248,5,251.07,2,-0.442882598615364,0.018832890485693157
C15957,585,2,272.0,0,-2.609393156263245,1.6613717759752966
C15958,221,3,189.78,2,-1.0226388799524002,-0.16714046469627583
C15959,12,7,1008.71,1,1.5433020609953625,-0.47517164957488084
C15960,200,2,110.92,2,-1.3165843275158238,-0.3373778422032363
C15961,24,5,859.43,1,0.7648977955149279,-0.5473319153362546
C15962,45,6,1134.76,1,1.1863386347726492,-0.21010156338967978
C15963,118,3,308.78,3,-0.5715827057092031,-0.564096255436765
C15964,131,5,517.17,3,0.15444357595718833,-0.32079594852197596
C15965,38,4,733.21,3,0.31318821670075375,-0.5885658136181926
C15966,312,5,1786.5,2,0.3212200341362447,1.6333975640211398
C15967,105,3,387.94,3,-0.47303050003058533,-0.5596801069653892
C15968,260,5,1476.57,2,0.30882842129365234,1.1184984688211375
C15969,199,7,1474.47,1,1.1668406654374324,0.825029693830288
C15970,172,6,2398.02,4,1.5451664287876339,1.4777918811836386
C15971,141,3,203.05,3,-0.7236715052215639,-0.5427366196374946
C15972,352,4,632.64,2,-0.891722290680083,0.844438242416618
C15973,116,6,660.96,1,0.6211843159429846,-0.26946407398792516
C15974,382,5,132.26,2,-1.006328451580462,0.5658643204145474
C15975,261,2,79.23,2,-1.5585454379413346,-0.0693209388299666
C15976,189,4,171.34,2,-0.599473484488054,-0.3359096848658087
C15977,39,6,1181.49,1,1.238439865870493,-0.19939825654560914
C15978,209,3,164.29000000000002,2,-0.9956267106362197,-0.2468374001993196
C15979,203,2,177.84,2,-1.2840462453545622,-0.26599024435392943
C15980,251,2,53.5,2,-1.5389479136124105,-0.1395499860068672
C15981,272,2,3387.9300000000003,4,0.5486472238513342,2.7961595078617325
C15982,0,3,39.550000000000004,3,-0.31801908945287555,-1.3635737541553834
C15983,228,8,437.01,1,0.7073363177001125,0.0851196702418198
C15984,17,5,556.78,3,0.5939051102548849,-0.838425944351928
C15985,168,6,1522.98,1,0.9918440145009784,0.7146931840785031
C15986,167,7,298.21,1,0.5196720039211641,-0.32950232351173286
C15987,261,6,556.9399999999999,2,0.02741218724439465,0.34333370665670093
C15988,132,9,2516.0299999999997,4,2.723892507054565,1.3896216136210304
C15989,141,5,269.98999999999995,3,-0.042253593850897185,-0.4825313369042711
C15990,220,5,388.62,2,-0.2519975738252938,0.00033949692906229655
C15991,8,3,98.74,3,-0.30864449481844236,-1.2745766986746878
C15992,0,4,539.38,3,0.3253251330444534,-0.9370806024835923
C15993,489,3,177.39999999999998,0,-2.003365461307732,1.1183689140334168
C15994,461,2,117.08999999999999,0,-2.2598670907861154,0.9300468391644919
C15995,284,3,77.6,2,-1.3240913146722748,0.04217449242900846
C15996,296,4,1449.39,2,-0.1584589906738395,1.2678359649242508
C15997,25,6,681.25,1,0.9646311424283472,-0.6922888040429005
C15998,155,1,43.29,3,-1.5161354648619,-0.6141326569610625
C15999,9,7,1247.9099999999999,1,1.709414608983531,-0.2863674149029135
C16000,323,3,515.22,2,-1.1816548949451593,0.6027386242235324
C16001,79,3,137.15,3,-0.541410079593359,-0.8985777218310087
C16002,655,2,593.37,0,-2.6549078923735387,2.273041414399786
C16003,19,3,121.0,3,-0.3341232590949362,-1.2024610960677167
C16004,495,6,943.6999999999999,2,-0.5708989131024609,1.8036768623074442
C16005,188,4,468.49,2,-0.4030143108468853,-0.08817799459207748
C16006,170,4,333.21999999999997,3,-0.4254650360198444,-0.2901999249232859
C16007,1,6,315.24,1,0.814222879414377,-1.1194477116332593
C16008,7,3,698.9200000000001,3,0.08446011346986383,-0.7692795732483309
C16009,103,7,4282.93,4,3.3377635303861206,2.7478771565276037
C16010,86,5,1135.71,1,0.7191583859942529,-0.012674800710277217
C16011,270,3,239.61999999999998,2,-1.1681392700405888,0.1121829486085076
C16012,330,3,150.63,2,-1.4436546520636133,0.32670081496828235
C16013,488,2,130.27,0,-2.3493093579368445,1.0718197861930607
C16014,241,2,73.82000000000001,2,-1.4894671359240808,-0.17063806268982848
C16015,50,4,212.07,3,-0.0685488773461949,-0.9734862223301761
C16016,91,4,473.36,3,-0.047797289013669524,-0.5531248535510456
C16017,248,4,395.18,2,-0.6683544613242968,0.1396673509717139
C16018,136,6,2543.13,4,1.769992975376286,1.4270367151098398
C16019,7,7,595.51,1,1.293311198107976,-0.8505576264248116
C16020,33,3,98.05,3,-0.3998285275118006,-1.1542646713223053
C16021,69,4,523.84,3,0.06480864494960112,-0.6166092140977951
C16022,109,4,1983.97,4,0.8671536245485378,0.8178903961967622
C16023,144,4,994.51,3,0.09803199080275994,0.1461401663590232
C16024,420,2,86.16,0,-2.1311310299574533,0.7054838192015143
C16025,117,2,311.69,3,-0.8850541159516783,-0.5681130453071599
C16026,0,7,1205.82,1,1.7147661781465848,-0.36566597852090243
C16027,569,2,374.52,0,-2.484793579688622,1.6711353280347783
C16028,20,9,1506.38,1,2.4751982359071625,-0.010172651701500269
C16029,350,2,102.28,2,-1.8666087113006704,0.38066947137419177
C16030,80,7,590.9300000000001,1,1.0253891859111757,-0.501426841355226
C16031,107,6,1573.3799999999999,1,1.2459466161393988,0.4625391592707404
C16032,106,4,107.24000000000001,3,-0.3398255165136103,-0.7917755905697257
C16033,25,8,1537.16,1,2.158035816078498,0.03851477381742968
C16034,119,8,4040.62,4,3.441439196640139,2.620951000497494
C16035,116,7,1133.33,1,1.2467089046238253,0.13368898974111737
C16036,341,4,670.22,2,-0.8274115203009436,0.8231846522821187
C16037,341,3,1132.01,2,-0.84673111531789,1.2140365613352322
C16038,41,9,1256.49,1,2.236818505158428,-0.12101610812250654
C16039,26,5,897.9500000000002,1,0.7826356999350671,-0.5049193143858964
C16040,23,5,977.07,1,0.8448674401539924,-0.4521777628120788
C16041,217,3,449.62,2,-0.8395029539019825,0.034371144260733726
C16042,118,5,857.63,1,0.42256134304324766,-0.0942834788765214
C16043,211,3,619.44,2,-0.70752485730991,0.14969686278990715
C16044,169,5,2257.27,4,1.145728552600418,1.3419969824859526
C16045,427,2,76.56,0,-2.1627669193222614,0.7311757192979146
C16046,133,3,631.53,3,-0.41658212231460023,-0.21723037260398081
C16047,397,5,786.86,2,-0.6359802541289917,1.1947916811716257
C16048,10,7,955.24,1,1.5158626443553944,-0.530291253975497
C16049,42,4,1078.27,3,0.5225904004680221,-0.27593251374167665
C16050,177,5,733.24,3,0.12770326919623817,0.08530962308251129
C16051,170,3,67.0,3,-0.9172125849603711,-0.51813233572452
C16052,1,4,321.38,3,0.1802288150687995,-1.1175374216477625
C16053,69,6,285.99,1,0.548439003846582,-0.815465308060505
C16054,1,4,921.34,3,0.5695612078051508,-0.6075913487369309
C16055,135,5,819.6600000000001,1,0.3362207847948174,-0.04434573472422188
C16056,268,6,1213.63,1,0.4281522562039808,0.9353499765773527
C16057,140,4,179.31,3,-0.41645841738124995,-0.5660965182736404
C16058,68,5,351.68,3,0.27570745562155496,-0.766121183107675
C16059,130,9,1649.11,1,2.1685805074567583,0.6430965271727513
C16060,38,7,2524.59,4,2.432637232142293,0.9390104465540962
C16061,77,3,1288.31,3,0.21287175228655933,0.07019816315195883
C16062,508,2,172.7,0,-2.394364249761586,1.2046026804695482
C16063,104,4,478.70000000000005,3,-0.0915148604062987,-0.4857188086079183
C16064,197,4,129.05,2,-0.6559523654434685,-0.3331672588253944
C16065,105,7,824.9100000000001,1,1.0864896931928818,-0.1816531083391578
C16066,71,6,1582.98,1,1.3828365793896562,0.2966049940300858
C16067,133,3,67.4,3,-0.7826633322525259,-0.696722135573491
C16068,272,5,1540.4399999999998,2,0.3067222077632263,1.230817129569727
C16069,22,1,17.58,3,-1.05010251061406,-1.2791653466209782
C16070,498,1,14.84,0,-2.779499172463032,1.0204132688221916
C16071,86,5,816.24,3,0.5118445325582202,-0.2842136898242571
C16072,728,1,5.95,0,-3.6200418547845903,2.125123304894174
C16073,280,8,1194.28,1,1.0100205376609785,0.9802429074778433
C16074,1,3,615.23,3,0.05192781789813798,-0.8694289346305264
C16075,90,4,852.21,3,0.2016795132803426,-0.2359508768635285
C16076,578,2,21.59,0,-2.7464857078534646,1.4146800118587197
C16077,235,5,69.38,2,-0.5136039355817179,-0.19846479716332308
C16078,12,6,1387.16,1,1.4699005911690162,-0.1551559724645447
C16079,154,6,980.89,1,0.6908775461491449,0.18623152658834827
C16080,138,2,2289.17,4,0.32197466654908224,1.2142340183388367
C16081,91,3,788.44,3,-0.16232148990159093,-0.28697157166765697
C16082,188,6,903.54,1,0.517281437529879,0.28490856172472884
C16083,49,5,468.51,3,0.4204815813136251,-0.758702426873121
C16084,32,1,256.06,3,-0.9316400533531136,-1.0281058657288642
C16085,168,4,3404.77,4,1.5750165986585303,2.3108436761694753
C16086,164,4,433.89,3,-0.3383604892606253,-0.23364940964396913
C16087,157,1,180.21,2,-1.434542791048373,-0.48808332427121226
C16088,427,2,419.12,0,-1.9404692587186136,1.0223403414999521
C16089,93,7,499.8,1,0.9190692811508622,-0.516017092254668
C16090,40,6,2178.6,4,1.8818655889273543,0.6529480655907749
C16091,369,3,279.17,2,-1.5017896970123954,0.6245572125550594
C16092,2,5,1337.4199999999998,1,1.1549280431303046,-0.24744697521277703
C16093,111,4,749.6499999999999,3,0.05890672536420765,-0.22156872670750827
C16094,274,4,444.45,2,-0.730747372901315,0.3072796591285682
C16095,110,4,353.45,3,-0.19457012090219947,-0.5631615074863887
C16096,160,6,342.73,1,0.25497930019021,-0.3271676364822259
C16097,3,5,863.01,1,0.8434394342993805,-0.64584377796763
C16098,183,3,426.90999999999997,2,-0.7308388394443263,-0.14935356747985015
C16099,121,7,1227.06,1,1.2893859140751796,0.23753607747706817
C16100,227,5,1007.4,2,0.12414153672267307,0.5601335259935744
C16101,104,3,199.57,3,-0.5916401031767913,-0.724624290616031
C16102,65,6,723.64,1,0.8469612769075514,-0.46282110489008976
C16103,30,7,1133.54,1,1.5589779508790231,-0.2820233724892041
C16104,41,5,339.01000000000005,3,0.36548067736974993,-0.9074606470753989
C16105,167,4,892.9,3,-0.051383214706544424,0.17100166531649164
C16106,250,6,764.0,1,0.20170371287547897,0.46613248740847346
C16107,16,4,1403.16,3,0.8277871790798982,-0.12552124925982713
C16108,204,2,12.67,2,-1.3948595606162664,-0.40154331821528066
C16109,364,3,478.96,2,-1.3539926016634727,0.7701923758371553
C16110,522,2,851.3299999999999,0,-2.0047927995705943,1.8491188029161085
C16111,96,2,75.33999999999999,3,-0.9622103920102698,-0.8705574388964257
C16112,78,3,612.09,3,-0.22957753755330376,-0.499730436679591
C16113,289,4,77.16000000000001,2,-1.023534849183677,0.06763446097030267
C16114,21,6,939.34,1,1.1466314399580493,-0.4922646369613393
C16115,23,4,231.88,3,0.04230160974648415,-1.0872187650895797
C16116,42,6,988.24,1,1.1021456781834034,-0.34914651740223446
C16117,259,4,207.56,2,-0.8300307764166872,0.03339192453920698
C16118,418,4,320.01,2,-1.3341412132865633,0.8978851778262895
C16120,25,7,1239.17,1,1.6456717425076062,-0.21642108177408578
C16121,54,7,1149.8600000000001,1,1.4824616782306583,-0.15208935028485215
C16122,35,3,248.89000000000001,3,-0.30920273997920883,-1.0163838009717463
C16123,255,5,274.06,2,-0.45336984027152877,0.07222520813687053
C16124,35,6,504.31,1,0.8135148567888753,-0.7943225253786311
C16125,63,5,1710.53,1,1.1756540328109257,0.3646764831213312
C16126,163,8,2165.5299999999997,4,2.064940113023647,1.2399681475972375
C16127,76,5,308.78000000000003,3,0.2188327270103482,-0.7638972368067026
C16128,417,1,25.56,0,-2.4785571198958887,0.6378137583993598
C16129,330,2,251.13,2,-1.6974263775087826,0.41046822391813176
C16130,158,7,1249.73,1,1.1698074899232842,0.43573461107837747
C16131,47,5,1422.82,1,1.0470214278776044,0.04275749629156344
C16132,86,4,50.04,3,-0.3043553294037097,-0.9371124942749972
C16133,488,4,326.53,0,-1.5839717435382008,1.241942773687983
C16134,510,1,16.14,0,-2.8222089725884203,1.07954950777261
C16135,102,3,1120.23,3,0.013063229260282555,0.04823425020074779
C16136,36,7,487.15999999999997,1,1.1177454955256405,-0.8024092625404553
C16137,161,3,545.9499999999999,3,-0.5737422246923293,-0.15456420518046562
C16138,240,2,33.269999999999996,2,-1.5121518202518864,-0.2099401560383184
C16139,65,6,1410.72,1,1.2928285020580486,0.12117407441448748
C16140,327,4,290.52,2,-1.022998151236189,0.43274910116570514
C16141,152,7,645.06,1,0.7991953390815664,-0.10723044645870343
C16142,227,5,1011.96,2,0.12710066018236668,0.5640093745375996
C16143,323,1,11.26,2,-2.146668449814793,0.1710808566855022
C16144,47,11,1639.19,1,3.101366032559393,0.23659032801307525
C16146,334,3,646.1700000000001,2,-1.1366013941264566,0.7672371167976318
C16147,475,2,73.47,0,-2.3389857543590904,0.9606744504438939
C16148,153,3,630.8299999999999,3,-0.4896253901956102,-0.12110654580639844
C16149,175,2,272.78,2,-1.1208121527174622,-0.3207007226607613
C16150,20,5,187.17,3,0.34316552490297947,-1.1380743475823019
C16151,135,3,162.82999999999998,3,-0.7279947883387108,-0.6059379248335547
C16152,214,5,125.19,2,-0.4011686524332751,-0.25258289456346206
C16153,76,7,786.7,1,1.1669481294917319,-0.35437260437534324
C16154,1,6,1734.25,1,1.7350618663748576,0.08666365732666975
C16155,190,5,210.26999999999998,2,-0.25885081864172377,-0.2963302846704102
C16156,55,4,308.28000000000003,3,-0.0242625200483408,-0.8675312169650186
C16157,35,5,1179.93,1,0.9329560883917268,-0.22172221848145618
C16158,4,6,692.54,1,1.0481760360097816,-0.7842474227544439
C16159,164,4,671.64,3,-0.18407724308910126,-0.03156980627949448
C16160,388,5,588.53,2,-0.732017599295439,0.9826943069136134
C16161,72,2,692.26,3,-0.47476531681445633,-0.4622584935528494
C16162,124,2,301.92,3,-0.9168003235156417,-0.5425656395643746
C16163,142,4,1184.16,3,0.22836057756645523,0.29766448696354303
C16164,58,6,955.96,1,1.0231269857773937,-0.2992084024151512
C16165,111,3,140.37,3,-0.6554629494715999,-0.7410907431037651
C16166,33,3,129.91,3,-0.3791535991289415,-1.1271847295212867
C16167,252,4,273.35,2,-0.7619314775781549,0.05545965814648632
C16168,201,4,910.25,2,-0.1635255970905071,0.3501705550842739
C16169,63,3,44.35,3,-0.5435596245422776,-1.0548296824072758
C16170,11,7,706.2,1,1.3506235210751598,-0.7371310421761899
C16171,322,5,233.68,2,-0.7227468624074396,0.3619115412043853
C16172,8,6,761.55,1,1.078440932266433,-0.7062474541450707
C16173,2,2,146.59,3,-0.5748057105307564,-1.2645756820705112
C16174,90,5,2514.02,4,1.599068094921257,1.178186680770207
C16175,51,7,2002.86,1,2.046887818227581,0.5584244976157777
C16176,103,4,235.91,3,-0.24543926589384787,-0.696918184751072
C16177,66,5,1097.06,1,0.7666662354237401,-0.14224482053579685
C16178,197,1,61.36,2,-1.6568462238150006,-0.3956642696882769
C16179,517,4,294.01,0,-1.7103290399914648,1.354544118952478
C16180,328,3,129.97,2,-1.4498026562666193,0.2994686208153567
C16181,244,2,691.63,2,-1.0994396847473376,0.36898773788273986
C16182,80,3,1374.7,3,0.2580445129040124,0.15813461432411044
C16183,342,2,9.11,2,-1.898033967154487,0.26279054450622036
C16184,281,5,617.84,2,-0.32464620577083697,0.49016123442988224
C16185,355,6,755.65,2,-0.18480719397659243,0.9668089833713691
C16186,134,1,23.08,3,-1.4530318846533488,-0.732865229430675
C16187,73,4,934.56,3,0.31681961081412396,-0.2481670950544594
C16188,85,3,655.54,3,-0.22678765947584348,-0.42894779858745835
C16189,161,4,1166.3400000000001,3,0.14783706892356524,0.3744009422079233
C16190,150,8,926.2,1,1.3078838339716963,0.12371158843443386
C16191,151,2,65.32,3,-1.1683324717545864,-0.6130973963355049
C16192,33,3,267.02,3,-0.29017872685732143,-1.0106457834968783
C16193,69,6,1007.0400000000001,1,1.01635040091063,-0.20259675703651162
C16194,188,3,472.06,2,-0.719686877728041,-0.08679786620634386
C16195,168,5,1193.22,1,0.4588634162997213,0.43275388369670637
C16196,113,7,1377.15,1,1.4158195119066836,0.3264200709642685
C16197,60,5,268.95,3,0.25105703505703686,-0.8751264567301151
C16198,22,3,103.88,3,-0.356121303151361,-1.2025047069113666
C16199,144,3,205.57000000000002,3,-0.7329245526226417,-0.5260868828046849
C16200,52,9,1006.23,1,2.0344931783302465,-0.2805334540282025
C16201,362,4,1086.98,2,-0.6331816777153083,1.2789715537283133
C16202,59,2,630.71,3,-0.46752413350721667,-0.5774411715353758
C16203,49,3,959.12,3,0.10087491664299289,-0.34500872808852007
C16204,216,4,925.8399999999999,2,-0.20785053165193088,0.4359606399383744
C16205,333,4,830.02,2,-0.6946768065059254,0.9203218232610918
C16206,506,3,51.46,0,-2.1467924429660843,1.0935350800238957
C16207,78,7,932.55,1,1.2543357534138255,-0.22073306828677688
C16208,84,5,882.31,1,0.561978277841886,-0.2377282646299656
C16209,10,5,389.71999999999997,3,0.5109009227798973,-1.014272976857868
C16210,212,2,157.36999999999998,2,-1.3299949118067458,-0.23986560286625183
C16211,576,1,596.53,0,-2.6851199057265753,1.8920337823896136
C16212,45,7,2326.0499999999997,4,2.278392398375181,0.8041096221092392
C16213,505,3,1004.09,0,-1.5249722506056285,1.898402999165538
C16214,363,1,30.07,0,-2.279640098489004,0.3805063390251299
C16215,286,3,129.64,2,-1.2975798687663775,0.09607864432568683
C16216,35,3,46.95,3,-0.44024778196397246,-1.188026093730619
C16217,153,7,1077.19,1,1.0759882612047258,0.26490164094009555
C16218,130,4,887.84,3,0.07962287701666775,-0.012228953183877917
C16219,76,5,371.92,3,0.259806204037772,-0.7102303339405285
C16220,40,3,18.43,3,-0.47690253631690366,-1.188087445579556
C16221,102,4,764.84,3,0.10142903833674602,-0.25218119282510976
C16222,159,6,741.6800000000001,1,0.5174996072078715,0.007090672603297303
C16223,135,1,237.86,3,-1.3172840248030842,-0.5454734229625536
C16225,349,2,50.11,2,-1.8968339690060285,0.3314907639727253
C16226,173,4,195.43,3,-0.5257695335589939,-0.39280902782999005
C16227,171,6,254.06,1,0.15751466631200364,-0.34933884944295684
C16228,255,4,1057.5700000000002,2,-0.2639154880400937,0.7365284315723974
C16229,114,8,1060.89,1,1.5259485238827148,0.06409976845082282
C16230,72,7,775.73,1,1.1743471642878471,-0.3830405007269914
C16231,84,6,1032.87,1,0.9786705155218512,-0.10810301229407376
C16232,58,5,1027.82,1,0.7507698884274824,-0.23978404221549557
C16233,278,5,2052.14,4,0.6170032822786914,1.6947607750151352
C16234,347,3,2166.5,2,-0.19719562117672132,2.122334342818132
C16235,346,3,351.5,2,-1.3713751789811233,0.5748086861043762
C16236,38,5,105.35,3,0.224739909754693,-1.1205717068174186
C16237,490,1,299.36,0,-2.5658298363230614,1.2235582973473995
C16238,8,7,2291.7999999999997,4,2.3904562063728543,0.5960684731263921
C16239,159,3,381.92999999999995,3,-0.6729209173123687,-0.3036476377701151
C16240,32,6,460.68,1,0.7960903679118821,-0.8459143967826862
C16241,214,4,171.46,2,-0.6901318834089667,-0.21490918441679016
C16242,55,6,290.78999999999996,1,0.6023661821771659,-0.8790886299712801
C16243,33,3,868.25,3,0.09997780771977799,-0.49962025276786426
C16244,293,3,600.86,2,-1.0171969550851618,0.5304515744523992
C16245,104,3,231.33,3,-0.5710300678522587,-0.6976293454936096
C16246,509,2,296.1,0,-2.317915666610181,1.3143245220356903
C16247,11,6,927.15,1,1.1750154843843967,-0.5509851338561998
C16248,308,2,286.78,2,-1.5944440840953487,0.33437885593544037
C16249,191,5,527.24,2,-0.056788742487492584,-0.022080372343968372
C16250,63,5,787.76,3,0.5768403584904327,-0.4196473679686214
C16251,2,5,1520.62,1,1.2738121259846609,-0.09173306002299045
C16252,399,4,1288.47,2,-0.636718334967553,1.6291611479968586
C16253,126,1,63.14,3,-1.398000118898618,-0.7375030814038035
C16254,255,2,408.1,2,-1.3233549320807831,0.18119199700780697
C16255,75,6,1191.85,1,1.1145025570622276,-0.016498754256984292
C16256,96,10,745.93,1,2.024869960329495,-0.2873441875710541
C16257,4,6,1225.55,1,1.3940625261964652,-0.33120662616433405
C16258,683,2,181.91000000000003,0,-3.0235414932260367,2.0587204056112514
C16259,170,5,531.16,3,0.021973532695270515,-0.12030324626811398
C16260,332,3,369.01,2,-1.3092000929372267,0.5219884420432854
C16261,166,6,847.98,1,0.5610747724436085,0.13129372319367275
C16262,42,2,281.87,3,-0.6321964141719608,-0.9561545681689051
C16263,85,4,758.01,3,0.15869750645485334,-0.3401974489888854
C16264,3,4,537.03,3,0.3129117937028695,-0.9245702038984586
C16265,53,7,628.61,1,1.1478360625268205,-0.5999704776493376
C16266,111,3,243.98000000000002,3,-0.5882272517393955,-0.6530256844093667
C16267,225,1,59.41,2,-1.7597362615141827,-0.261915379954053
C16268,179,6,2045.9,4,1.2912588360425088,1.2123531577494402
C16269,109,5,534.81,3,0.245738629565999,-0.41219321831999506
C16270,69,3,524.35,3,-0.253849649516349,-0.6178299840771311
C16271,368,1,250.46,0,-2.154769541361161,0.592010219872098
C16272,178,3,334.72,2,-0.7725164957974504,-0.25189170636540636
C16273,271,2,104.05,2,-1.578733489101031,0.00013463857170084475
C16274,221,7,931.27,1,0.7344936544872708,0.46971841959367716
C16275,15,2,46.300000000000004,3,-0.6870698194337876,-1.2869516287294425
C16276,93,11,3328.54,4,4.030682175512776,1.8949349660521078
C16277,92,4,1632.71,3,0.7009109318722898,0.4371200799411843
C16278,28,5,86.06,3,0.24851654703985104,-1.1853269678926694
C16279,286,2,47.949999999999996,2,-1.6695802571768037,0.02499060453957995
C16280,391,3,50.589999999999996,2,-1.7299701678553647,0.5366624885204717
C16281,120,4,341.16,3,-0.2388399860069021,-0.5252481975120846
C16282,185,3,187.14999999999998,2,-0.8936853377354875,-0.3434697237293492
C16283,33,7,1515.69,1,1.7960784208032687,0.05729925530156794
C16284,44,3,91.46,3,-0.4440289391155224,-1.1066706104905815
C16285,22,3,664.77,3,0.007857371696782477,-0.7257668363284004
C16286,137,2,254.07,3,-0.9950345126321967,-0.5203693279670156
C16287,136,6,719.25,1,0.5864214631688442,-0.12320070648594592
C16288,303,2,103.23,2,-1.695408038535667,0.1541877514836238
C16289,1,4,1396.22,3,0.8777253631865739,-0.2039591214152834
C16290,143,3,519.8,3,-0.5253816446192875,-0.2638377598265784
C16291,258,2,82.36,2,-1.5456259327448032,-0.08116836332204336
C16292,80,5,548.17,3,0.35966241604388394,-0.5410799272036843
C16293,2,6,2191.31,4,2.028032627938842,0.479985416699712
C16294,261,4,357.24,2,-0.7401577483606844,0.1702868334180402
C16295,57,5,1178.78,1,0.8523619001009746,-0.11630899638278439
C16296,38,2,1297.7800000000002,3,0.041576457968485137,-0.11200857134321686
C16297,74,6,792.4399999999999,1,0.8589426436235359,-0.3608199284188299
C16298,424,4,486.59,2,-1.2478190616679072,1.0684882860975757
C16299,16,6,353.03,1,0.7843042038014615,-1.0147883641306146
C16300,274,3,76.97,2,-1.2882056327033706,-0.006720388420033824
C16301,341,3,585.23,2,-1.2015533796361484,0.7492917221023092
C16302,73,4,1659.28,3,0.7871125831187586,0.36782083407404564
C16303,19,4,878.31,3,0.4763076099817576,-0.5571184963442539
C16304,76,4,1424.8400000000001,3,0.624088944706937,0.1830624413032975
C16305,214,7,1165.75,1,0.9120610534169679,0.6351670503263119
C16306,49,4,524.39,3,0.1377545732431211,-0.7128605359132731
C16307,236,1,670.93,2,-1.4028261902952726,0.3110516509538659
C16308,29,4,331.52000000000004,3,0.08518434812130503,-0.9735124334711556
C16309,314,6,611.51,2,-0.12953656447948986,0.646021223568677
C16310,331,4,292.56,2,-1.036192136140871,0.45382679411863736
C16311,21,3,656.87,3,0.006360270912616202,-0.7373175141149552
C16312,41,5,1278.82,1,0.9753521288290978,-0.10865336195250992
C16313,18,4,311.90999999999997,3,0.11238277844345398,-1.0433756240953052
C16314,44,3,70.83,3,-0.4574163770483028,-1.1242054252851519
C16315,358,3,624.7800000000001,2,-1.2375888390697878,0.865118891503038
C16316,214,4,1233.6100000000001,2,-0.0008702643928394569,0.6878830373017241
C16317,33,4,625.53,3,0.26145862561283706,-0.7042699380184312
C16318,40,4,1240.74,3,0.6352810539785438,-0.14751029037983368
C16319,584,2,143.87,0,-2.6889111810734985,1.5476295915115144
C16320,24,6,1036.94,1,1.1990787124139155,-0.39480005811845903
C16321,87,4,117.8,3,-0.2640132439052324,-0.8746828046802514
C16322,25,5,780.1700000000001,3,0.7098341066616177,-0.6098643426148843
C16323,377,3,54.019999999999996,2,-1.6769320244238555,0.47187471211291704
C16324,191,5,277.05,2,-0.21914468511484728,-0.23473356252591535
C16326,597,1,163.19,0,-3.042545951975483,1.6252639190823281
C16327,57,8,1064.55,1,1.735202306764731,-0.20843794322364628
C16328,466,3,197.86,0,-1.9066109726304745,1.0245326103944463
C16329,36,4,3991.8,4,2.435045827673227,2.171455575122482
C16330,124,1,46.58,3,-1.4014875077102327,-0.7612504117342503
C16331,24,7,564.46,1,1.2114612394957471,-0.7947381121135966
C16332,359,3,132.12,2,-1.5609204310453189,0.45121019490422376
C16333,516,2,459.96,0,-2.236988057001645,1.4874516608265247
C16334,307,1,205.65,2,-1.9624516205555098,0.2589308573720887
C16335,43,8,470.92,1,1.400789956151361,-0.780706888862718
C16336,206,3,1721.43,2,0.02573741026172099,1.0621720603745437
C16337,108,6,455.08,1,0.516618094049242,-0.48314275730262624
C16338,80,4,194.07,3,-0.1891131525540708,-0.8437074191560017
C16339,237,6,901.8199999999999,1,0.3383221865684883,0.5204076875448758
C16340,176,4,126.27000000000001,3,-0.5815379251685885,-0.4370849102155421
C16341,238,3,724.63,2,-0.7372590214943221,0.3696752537956171
C16342,165,4,797.37,3,-0.10611665167868609,0.08013245789795836
C16343,94,2,112.25999999999999,3,-0.9309929732288117,-0.8488485455131729
C16344,61,9,3596.08,4,3.682460991989325,1.9642764882138617
C16345,72,7,1249.8899999999999,1,1.4820440896493186,0.019979750508757273
C16346,16,4,640.27,3,0.332724526411995,-0.7739524106088242
C16347,269,5,850.5500000000001,2,-0.1300801598553401,0.6299257230644089
C16348,92,4,485.47,3,-0.04356819047395279,-0.5379958155955553
C16349,6,5,383.19,3,0.5211812093657141,-1.0391670206798074
C16350,78,5,1565.36,1,1.027007017683638,0.31382590746282213
C16351,285,3,558.96,2,-1.0153515399349233,0.45615044470113264
C16352,114,2,157.85999999999999,3,-0.9739907551045994,-0.7133712565251585
C16353,270,7,1143.86,1,0.6946067168256459,0.8873739273151514
C16354,17,6,401.78,1,0.8123101189120493,-0.968516543137167
C16355,69,3,3311.5,4,1.5548172256338642,1.7511549434404103
C16356,118,8,1148.83,1,1.568497676080594,0.15818960831861642
C16357,140,5,945.1800000000001,1,0.3995272974882019,0.08652179713772949
C16358,10,4,230.92,3,0.08886149709381899,-1.1509019555101565
C16359,166,8,393.35,1,0.9040299595001564,-0.25181817063171136
C16360,132,9,1352.0,1,1.968517840215284,0.40023477574784705
C16361,158,5,209.97,3,-0.14290307146034575,-0.45133536038262
C16362,235,5,1087.53,2,0.14710473777069916,0.6669288859724912
C16363,360,2,291.78000000000003,2,-1.7799308740080992,0.5900975790894731
C16364,126,4,526.4300000000001,3,-0.140389321787002,-0.3387592100110108
C16365,10,4,426.17,3,0.21556519347653222,-0.9849459405494261
C16367,411,4,422.93,2,-1.2419471218913594,0.9515121781966519
C16368,204,4,459.39,2,-0.4669907923327861,-0.0185376495061992
C16369,133,6,477.86,1,0.44066446214513993,-0.3428820094835172
C16370,195,5,294.99,2,-0.22202067374559756,-0.2001413976760532
C16371,88,4,1119.91,3,0.38265713206795976,-0.018086648614014964
C16372,211,3,117.68,2,-1.0331322667695269,-0.27678247173862625
C16373,5,4,324.42,3,0.16768376074738378,-1.0956097619088598
C16374,312,6,486.84000000000003,2,-0.20317983864800673,0.5303839840069647
C16375,39,7,5027.96,4,4.053521135549605,3.0716277397263307
C16376,11,6,310.21,1,0.7746642503441863,-1.0753636427928097
C16377,60,4,2023.8400000000001,4,1.070869577261532,0.6148175032613883
C16378,99,5,776.96,3,0.4391716785402559,-0.25473316287113124
C16379,158,5,905.49,1,0.30844112781291766,0.13983353859554778
C16380,368,3,201.25,2,-1.5487249172368565,0.5534918604148538
C16381,104,4,229.43,3,-0.2532737868970487,-0.6975900293467725
C16382,94,10,6973.06,4,6.073103964950826,4.995837603994342
C16383,179,3,264.73,2,-0.8215645981438835,-0.3065449415380901
C16384,131,2,478.71000000000004,3,-0.8274820414654745,-0.3584484302309421
C16385,8,4,722.98,3,0.41543318154302666,-0.7423391791603128
C16386,41,5,697.78,3,0.5982975027281418,-0.6025180632727805
C16387,120,5,1336.95,1,0.7263478485671,0.32279448132961114
C16388,178,2,121.61,2,-1.2297993414607127,-0.43468238116374996
C16389,245,6,903.8,1,0.31057146253426576,0.560778143200202
C16390,36,3,250.66,3,-0.31168358367046395,-1.0100434195831904
C16391,141,4,1069.2,3,0.15738896853781628,0.19511636507099192
C16393,340,2,158.22,2,-1.794013026236401,0.3798572116074981
C16394,194,3,106.08,2,-0.9789591975335988,-0.3688530694714808
C16395,60,3,276.03999999999996,3,-0.3823205452344378,-0.8724086982979464
C16396,55,6,1010.92,1,1.069680563104609,-0.26700204839037955
C16397,244,2,463.37,2,-1.2475645796836659,0.17497431931712482
C16398,44,4,575.2600000000001,3,0.18891292613205043,-0.6938024263978967
C16399,479,1,74.77,0,-2.671649196958805,0.979468914935027
C16400,279,2,2691.9900000000002,4,0.07162431796764575,2.2384852040751735
C16401,144,9,775.45,1,1.550823502549559,-0.03178229257475918
C16402,67,5,1026.87,1,0.7174883469606539,-0.1970680490656748
C16403,55,5,335.6,3,0.3124555125499058,-0.8426558713321249
C16404,95,5,188.43,3,0.07177436566518118,-0.7743078761278729
C16405,21,7,237.89000000000001,1,1.0104283313894336,-1.0868195859401308
C16406,59,6,267.25,1,0.5725725529525364,-0.8797530874034721
C16407,124,5,2409.66,4,1.407944371247973,1.2539061130175255
C16408,75,4,191.14,3,-0.1728672650448597,-0.8703775227258355
C16409,6,8,1022.24,1,1.8928480457921861,-0.4910329869848484
C16410,44,3,379.5,3,-0.2571109739115444,-0.861846177459653
C16411,17,6,704.4300000000001,1,1.0087089599375456,-0.71127409536321
C16412,34,6,561.87,1,0.85449675198531,-0.75023437735556
C16413,95,9,2969.83,4,3.1526668862152767,1.5964067545310618
C16414,82,4,202.32999999999998,3,-0.19101188758356494,-0.8270148131491095
C16415,232,3,369.69,2,-0.9458137377769875,0.03897240171893686
C16416,194,8,643.05,1,0.9644433030798975,0.09582486079197644
C16417,63,5,322.46,3,0.2748929580966993,-0.815136913480672
C16418,284,1,13.17,2,-2.0038804102789434,-0.01589737367142954
C16419,452,3,400.85,0,-1.7240722420023749,1.129364205795155
C16420,327,6,1131.01,2,0.16040001281999786,1.150446191186371
C16421,605,2,1569.3899999999999,0,-1.840066123312315,2.860828987973261
C16422,158,2,25.37,3,-1.219663404321522,-0.6132019881933078
C16423,190,3,351.21000000000004,2,-0.8053690403630259,-0.17984447193609662
C16424,93,3,208.39000000000001,3,-0.545992576372386,-0.7703229255150407
C16425,331,2,62.64,2,-1.8233727539722526,0.2550939246079496
C16426,80,4,110.17,3,-0.2435584284900997,-0.9150196324989225
C16427,365,3,464.57,2,-1.3669601635803088,0.7627972939644286
C16428,397,3,132.70000000000002,2,-1.6984631826051992,0.635468902380834
C16429,198,4,390.91,2,-0.489652853733034,-0.10575901607378414
C16430,97,5,1453.13,1,0.885217972674592,0.31031699844373223
C16431,159,4,689.55,3,-0.15430764222462387,-0.04052660202970417
C16432,406,4,4237.74,4,1.2517470105763129,4.169794272097646
C16433,328,1,58.54,2,-2.134134265956151,0.2354469872131255
C16434,63,3,1334.3300000000002,3,0.2935478492593736,0.04161047215888609
C16435,452,2,56.43,0,-2.266566162554313,0.8349643923310314
C16436,145,6,1703.58,1,1.1925182467824746,0.7569705615448404
C16437,131,7,1277.3799999999999,1,1.2857455927887698,0.32866580792098204
C16438,420,2,226.81,0,-2.039858943421071,0.8250316476482583
C16439,27,5,661.3,3,0.6254368265814997,-0.7012280141084157
C16440,156,1,31.6,2,-1.5273509142039172,-0.6192328285116689
C16441,17,8,1514.67,1,2.172476973849932,-0.019288500618150368
C16442,65,1,489.12,3,-0.9001721687971018,-0.6704265807367842
C16443,1,7,170.14,1,1.0390523008458763,-1.2411236392373906
C16444,19,6,750.74,1,1.031502033601328,-0.6622402531501425
C16445,141,5,447.59999999999997,3,0.0730029670430014,-0.3315687360480593
C16446,53,6,315.64000000000004,1,0.6257510088186018,-0.8676388356946905
C16447,122,7,2639.44,4,2.2022930404449697,1.4428481068234014
C16448,143,4,1077.28,3,0.15537342600333426,0.2116559770564093
C16449,119,4,354.4,3,-0.2266186942608223,-0.518830577443224
C16450,335,5,869.96,2,-0.35702817159413247,0.9655956300877089
C16451,257,5,461.71,2,-0.3388569179689106,0.24139335587900163
C16452,129,5,1128.44,1,0.5583742752375521,0.18909136838340532
C16453,44,4,2670.67,4,1.548688559613746,1.0872264765924453
C16454,34,5,170.51999999999998,3,0.28154851916069173,-1.0845231320852766
C16455,474,1,3.39,0,-2.699822607874161,0.8946185848655156
C16456,93,4,95.02,3,-0.30057258753385213,-0.8650294070003297
C16457,170,5,199.44,3,-0.19328972038577238,-0.4022542285102319
C16458,43,4,79.65,3,-0.1290741094168435,-1.1198904053701
C16459,150,3,267.6,3,-0.7144480934844604,-0.44434780200660945
C16460,4,4,399.55,3,0.22006736629180482,-1.036587697456288
C16461,61,5,778.4,3,0.578025269878334,-0.43727493744008106
C16464,123,5,905.1000000000001,1,0.4352188237127103,-0.029755854659563565
C16465,562,2,65.37,0,-2.6600043137398943,1.3745165149102967
C16466,570,3,864.45,0,-1.8515032207892632,2.09404974870285
C16467,4,6,316.6,1,0.8042170725367103,-1.103783936272175
C16468,1,6,822.36,1,1.1433085568003003,-0.6884125551319243
C16469,61,3,307.86,3,-0.3653010248985455,-0.8405268149909786
C16470,179,8,744.7,1,1.084848859223443,0.10968488192505155
C16471,67,7,1717.03,1,1.8033327764344425,0.3928535340200532
C16472,1,2,59.71,3,-0.627555348781282,-1.343256736613012
C16473,540,5,403.34999999999997,0,-1.4038630898973619,1.5603603644505941
C16474,74,7,1190.0,1,1.4359207353702372,-0.021252879948236686
C16475,37,2,248.23,3,-0.6358791848748526,-1.0089271517358915
C16476,98,6,231.23,1,0.4076494912214791,-0.7217672241159924
C16477,118,4,206.47,3,-0.3189855446197457,-0.6494021042692207
C16478,82,4,760.8299999999999,3,0.17141584317057235,-0.352308363184613
C16479,166,5,934.6800000000001,1,0.29834780494936675,0.20333159049712995
C16481,9,3,335.19,3,-0.1588343092288005,-1.0687661119545866
C16482,525,3,178.08,0,-2.133584418162014,1.293040737833848
C16483,35,1,411.99,3,-0.8413406599753334,-0.8810627242603276
C16484,358,3,36.23,2,-1.6195169338510724,0.3648709396201293
C16485,10,7,1230.1399999999999,1,1.6942536616952555,-0.29663538451222027
C16486,104,5,869.96,1,0.4813749686658257,-0.15150655088893888
C16487,108,5,306.92999999999995,3,0.10148977907494797,-0.6107195896843294
C16488,32,4,668.01,3,0.29265464761361876,-0.6729992891277945
C16489,191,3,820.5899999999999,2,-0.504403454013203,0.22394887824010146
C16490,7,3,39.73,3,-0.3433084377133409,-1.3295691788921922
C16491,54,4,1042.25,3,0.4556625109751417,-0.24851703524367522
C16492,146,2,201.0,3,-1.0621383160988562,-0.5219536037019746
C16493,434,3,463.54,0,-1.6180606689119694,1.0956017004146568
C16494,51,2,198.70999999999998,3,-0.7188265388890983,-0.983314344493715
C16495,74,4,592.9300000000001,3,0.09149600482927756,-0.5337053079681562
C16496,7,7,2436.7,4,2.4881156987117543,0.7143927202361223
C16497,82,5,792.73,3,0.5111059778401779,-0.32354016967197463
C16498,416,2,71.19,0,-2.126327717494403,0.6734160557059843
C16499,96,9,1166.57,1,1.978846871811147,0.06853158823937522
C16500,33,7,781.78,1,1.3198217764384184,-0.5664998685900055
C16501,49,5,808.72,3,0.6412542550465975,-0.469535226618114
C16502,4,3,40.5,3,-0.3319204086933174,-1.3434225249991592
C16503,332,1,268.49,2,-2.01240909329397,0.4332412746371739
C16504,77,2,83.3,3,-0.8880853389183839,-0.9556745666504747
C16505,669,1,143.8,0,-3.3164491752868184,1.9569707558743035
C16506,91,4,3655.56,4,2.017229613055831,2.151639452764122
C16507,360,4,148.45,2,-1.2349635963808032,0.4715803457366901
C16508,117,2,81.4,3,-1.0344963399720368,-0.763851896448295
C16509,59,7,356.09000000000003,1,0.9492127950333158,-0.8025877850976764
C16510,347,3,2203.12,2,-0.1734317832175155,2.15346012652037
C16511,265,4,62.56,2,-0.9459024159320943,-0.060837618362179935
C16512,16,2,229.73000000000002,3,-0.5716659333689164,-1.1262062810014946
C16513,18,4,326.19,3,0.12164950717249445,-1.031238098391647
C16514,41,6,1529.47,1,1.4569958285881708,0.10604506599116444
C16515,354,2,2623.68,4,-0.24491294194797789,2.5431194862296382
C16516,77,5,90.0,3,0.07323024317974665,-0.9450170300639298
C16517,640,1,6.07,0,-3.300572310634614,1.6996625652983386
C16518,257,3,323.52,2,-1.0665111333972896,0.12062793964538322
C16519,45,4,285.7,3,-0.0026208643821283356,-0.9350828687661124
C16520,532,2,522.99,0,-2.2541571755165593,1.6184001101844518
C16521,22,6,949.66,1,1.1496989527537194,-0.4786570395527362
C16522,102,4,203.11,3,-0.263094738201341,-0.7296330355082908
C16523,143,6,1455.2,1,1.0385957701581041,0.5361839308907238
C16524,93,7,2044.58,4,1.921524267568725,0.7969945993767646
C16525,171,4,803.44,3,-0.1239543479800777,0.11430739735312755
C16526,304,2,2761.84,4,0.026215848617880674,2.4187538885099116
C16527,572,3,117.27000000000001,0,-2.343630075641328,1.4686434459162245
C16528,249,2,987.22,2,-0.925769547757881,0.6444091210346858
C16529,600,2,499.56999999999994,0,-2.516157785783913,1.9273378201194136
C16530,3,5,2287.2400000000002,4,1.7676658389045108,0.5647044176150651
C16531,158,3,1123.6100000000001,3,-0.1879926314919041,0.3219197878710608
C16532,479,3,267.9,0,-1.908342735285785,1.1469315063898617
C16533,95,4,765.55,3,0.1272959348163182,-0.2854292976487874
C16534,1,6,573.4399999999999,1,0.9817767560136934,-0.899986287495689
C16535,21,3,93.3,3,-0.3593575378986805,-1.216333295684322
C16536,61,2,116.83,3,-0.8082554832832913,-1.0045502231550947
C16537,111,3,243.46,3,-0.5885646956426939,-0.6534676671380714
C16538,304,5,2348.9700000000003,4,0.7152596258950383,2.0727908607068346
C16539,241,7,1094.19,1,0.7676284086402663,0.7049138119117447
C16540,19,7,1418.8700000000001,1,1.784061273262348,-0.09269769139952427
C16541,122,4,121.6,3,-0.3885780865160875,-0.7021950246849806
C16542,329,3,153.04,2,-1.4384612785343058,0.323913294745083
C16543,212,4,1191.0900000000001,2,-0.021203891146043218,0.6420705692074843
C16544,93,7,2066.59,4,1.9358072297064126,0.8157023683359744
C16545,219,2,37.85,2,-1.4329612508841678,-0.3076020518837235
C16546,20,5,4424.599999999999,4,3.092963446352405,2.463600410292464
C16547,98,2,35.1,3,-0.9955822603281714,-0.8950882220091004
C16548,43,4,468.53999999999996,3,0.12328850510952442,-0.7893468219740514
C16549,330,3,750.16,2,-1.0546012994780665,0.8362814021611465
C16550,422,2,832.87,0,-1.6538269757740687,1.3498343983082857
C16551,425,3,199.56,0,-1.7567003068698386,0.8277040066576845
C16552,167,3,912.1899999999999,3,-0.3578545928187565,0.1857432715776807
C16553,7,9,2117.42,1,2.9189036402133732,0.44632383089183864
C16554,25,6,1758.98,1,1.6640030999317608,0.22374590020103313
C16555,247,2,1081.01,2,-0.8576474467060776,0.7144556255360782
C16556,72,2,183.12,3,-0.8051618339785772,-0.8950105829618445
C16557,151,4,183.71,3,-0.453527081874877,-0.5091613224641015
C16558,97,5,1186.3400000000001,1,0.7120897823650194,0.08355435961467572
C16559,132,5,720.05,3,0.282469161866586,-0.14351874680690282
C16560,240,2,62.489999999999995,2,-1.49319006860885,-0.18510412655226183
C16561,373,2,66.77,0,-1.9731296052560832,0.46171377488430715
C16563,21,8,1708.5099999999998,1,2.283747874815695,0.16481282188391383
C16564,139,3,962.76,3,-0.22341355016117476,0.09331976697734007
C16565,44,4,107.75,3,-0.11446861085070119,-1.091170398506942
C16566,14,7,1559.8300000000002,1,1.8936817823977237,0.0029339258639301067
C16567,111,2,420.28,3,-0.7928100389729913,-0.5048307930829572
C16568,520,2,365.64,0,-2.312712992909852,1.426626554283344
C16569,50,5,519.72,3,0.45008386565904784,-0.710339687586186
C16570,45,3,1084.58,3,0.19680755091410715,-0.2577156558302197
C16571,2,7,668.51,1,1.3588303848045846,-0.8126897519359091
C16572,20,1,79.0,3,-1.0029862925425816,-1.2366322669814491
C16573,48,2,250.44,3,-0.6743690073458325,-0.9538533831876279
C16574,182,4,592.15,2,-0.3009908499783778,-0.01208674290330009
C16575,404,3,177.07999999999998,0,-1.6950697990853014,0.7070420095839192
C16576,158,2,441.17,3,-0.9498380677994623,-0.2597857985867945
C16577,275,7,1596.96,1,0.9704899099853516,1.296673578925303
C16578,136,4,166.3,3,-0.4103832009749977,-0.5964983468686683
C16579,77,4,65.32,3,-0.2617746126786774,-0.9676484633818614
C16580,224,4,139.89,2,-0.7469131301590405,-0.19338323407599642
C16581,329,5,766.94,2,-0.4021042953403928,0.8490164107327045
C16582,167,5,448.03,3,-0.021083714220734903,-0.20546880571800183
C16583,25,5,339.16,3,0.4236492301354187,-0.9847081948957128
C16584,120,5,840.62,1,0.40426413217461826,-0.09906953355110258
C16585,169,1,5.3,2,-1.591600649251087,-0.5787197326766468
C16586,160,3,362.63,3,-0.6890747283930413,-0.3152160565619566
C16587,258,6,358.68,2,-0.09035643772304099,0.16031147113803515
C16588,157,7,263.12,1,0.5331955379907172,-0.40768705980531683
C16589,179,7,1325.38,1,1.1426806212510077,0.6015893421621921
C16590,27,5,348.95000000000005,3,0.4227433588983219,-0.9667151397062859
C16591,403,2,30.75,0,-2.105387609574415,0.5761761765752942
C16592,45,3,424.18,3,-0.23174620627484951,-0.8190337212851052
C16593,179,11,1837.01,1,2.750649971821124,1.043074861028977
C16594,457,3,6415.320000000001,4,2.160754029016126,6.265643641897792
C16595,322,2,265.42,2,-1.6591175528848199,0.38392672787054466
C16596,408,3,636.46,0,-1.4114818710390482,1.116843512432577
C16597,255,2,75.05,2,-1.53948126283757,-0.10188944105965164
C16598,14,8,434.92,1,1.4826825290392294,-0.9515479583019086
C16599,280,2,209.38,2,-1.5430466881783345,0.13318510173446108
C16600,153,4,3025.7200000000003,4,1.383481223426044,1.9161246632865552
C16601,6,4,543.23,3,0.30604681084821084,-0.9047925892932774
C16602,266,3,142.37,2,-1.2167299659686759,0.010179917963328906
C16603,150,5,831.96,1,0.2897608686144481,0.03864795940403589
C16604,25,3,276.4,3,-0.2550561513971957,-1.0413606164635802
C16605,167,4,183.49,3,-0.5117410597813745,-0.43197327231880567
C16606,33,4,124.45,3,-0.06370751105015868,-1.1301712951325045
C16607,51,3,205.28,3,-0.395573815893624,-0.9760758096697083
C16608,108,5,1688.0,1,0.9977083397063113,0.5631440394158808
C16609,98,8,662.58,1,1.3255441964401586,-0.3518255449072768
C16610,58,5,2135.81,4,1.4697784853805294,0.7019706569719041
C16611,130,3,418.87000000000006,3,-0.5436953476810682,-0.412492129840621
C16612,616,2,390.66999999999996,0,-2.6448975394797736,1.9121514799654404
C16613,91,3,422.35,3,-0.399888487129491,-0.5981359123435792
C16614,64,9,369.68,1,1.5778630056685532,-0.7635485295090357
C16615,259,3,1684.86,2,-0.1903548748210394,1.2873936044131726
C16616,160,4,164.14,3,-0.49889171080212097,-0.48227171086905046
C16617,1,5,1359.41,1,1.1728274774799632,-0.23359214576667464
C16618,3,6,274.15999999999997,1,0.7803059094065317,-1.1446924668461491
C16619,48,5,1629.45,1,1.1774805034742502,0.22322207345402584
C16620,82,3,683.3900000000001,3,-0.19782659026097296,-0.4197840441303455
C16621,245,5,413.32,2,-0.3267052590095248,0.14223218097723456
C16622,107,5,1453.41,1,0.8491051650015446,0.35891439091768473
C16623,82,4,864.55,3,0.23872292326693606,-0.2641498081437579
C16624,61,2,253.34,3,-0.7196699693616311,-0.8885212572022685
C16625,236,3,123.07,2,-1.120370801516627,-0.15130264632754326
C16626,123,4,543.98,3,-0.1181122375797728,-0.33835011344939364
C16627,23,4,259.68,3,0.060341879961282784,-1.0635896884396012
C16628,110,8,3450.34,4,3.09105350936253,2.0757091444783637
C16629,12,6,884.4000000000001,1,1.143644251126133,-0.5824852737790485
C16630,307,2,39.83,2,-1.7510680408092847,0.11964361796264956
C16631,194,2,183.1,2,-1.2479678130738567,-0.3050428806562176
C16632,102,3,237.79999999999998,3,-0.5595725853312545,-0.7018019407431569
C16633,85,2,1299.6499999999999,3,-0.127794230551708,0.11687005488378757
C16634,365,3,1057.63,2,-0.9821053918684937,1.266878596052064
C16635,120,4,247.6,3,-0.29955393137728187,-0.60477109000748
C16636,276,6,1814.3999999999999,1,0.7889746761236881,1.484672044003925
C16637,117,3,569.22,3,-0.3989457737797342,-0.3475668458760089
C16638,97,5,1424.17,1,0.8664249429832046,0.28570196032202794
C16639,38,6,438.99,1,0.7602383586190226,-0.8353345353060567
C16640,439,2,220.0,0,-2.113237726342201,0.9111262372061728
C16641,13,4,219.86,3,0.07079597237198709,-1.1457947676308256
C16642,411,5,203.5,2,-1.065352710714032,0.7666582193913368
C16643,58,6,1010.6700000000001,1,1.058629977987884,-0.2527067195547078
C16644,251,4,1250.1899999999998,2,-0.12440067579682583,0.8809052731764729
C16645,42,8,1440.81,1,2.0338106903789903,0.03883145700477411
C16646,118,7,1125.28,1,1.2342261117812607,0.13651863746883147
C16647,232,3,195.22,2,-1.0590326566394304,-0.10932130342932767
C16648,297,1,61.58,2,-2.0196485414503003,0.08811674074344501
C16649,98,4,111.5,3,-0.30802546563980704,-0.8268422534805963
C16650,447,3,233.04,0,-1.8148220290620845,0.962551578554513
C16651,62,6,314.71000000000004,1,0.5924824459634387,-0.8249058432091503
C16652,77,6,1211.3600000000001,1,1.1199042910944776,0.009755978092075531
C16653,176,2,89.08000000000001,2,-1.2436501516870877,-0.47200368106614493
C16654,93,8,1175.8799999999999,1,1.6767875189488477,0.06028270544441494
C16655,62,10,13885.1,4,10.674680540066051,10.716091941617117
C16656,137,3,195.68,3,-0.7139363203256907,-0.5683446355596493
C16657,2,5,963.33,1,0.9121696012362756,-0.5654110501764626
C16658,78,5,924.96,1,0.6114318721600039,-0.23049282227265433
C16659,131,5,867.56,1,0.38182236302781,-0.022976086385789775
C16660,264,3,1021.28,2,-0.6391194853829633,0.7475523454658415
C16661,113,5,353.78,3,0.1137449227827856,-0.5467189448746733
C16662,120,3,436.96999999999997,3,-0.4956551958875894,-0.4454671327884368
C16663,192,4,403.23,2,-0.4598813240053781,-0.1243030663349567
C16664,308,2,278.52,2,-1.599804250713127,0.32735813028332444
C16665,72,6,707.3199999999999,1,0.8109645740231948,-0.4428409815954109
C16666,371,2,32.98,0,-1.9877980680173735,0.4233215168315894
C16667,42,6,1261.12,1,1.2792258557450666,-0.117207580846618
C16668,134,9,1644.47,1,2.1510516662558588,0.6584964419954009
C16669,173,3,414.03999999999996,2,-0.7028960678145996,-0.2086520417891707
C16670,57,5,695.29,3,0.5386104523976302,-0.5272594377316375
C16671,123,7,1488.5,1,1.451783424117006,0.469423274355959
C16672,165,3,209.11,3,-0.8068458056542395,-0.4215232566571998
C16673,145,4,274.3,3,-0.3729637553949806,-0.4611784723873669
C16674,75,6,1353.6200000000001,1,1.2194800575171905,0.12100037270945567
C16675,117,1,64.89,3,-1.3641994329651765,-0.779539101124848
C16676,174,3,975.55,2,-0.34214450682846737,0.2734487483784851
C16677,62,4,41.15,3,-0.2230175025216772,-1.0607312632595884
C16678,70,7,667.11,1,1.1111192259807516,-0.48503577337387793
C16679,110,3,109.16,3,-0.6720866221516999,-0.7724541466712911
C16680,130,3,92.78,3,-0.7553051215783229,-0.6896577990777253
C16681,63,5,575.32,3,0.4389815453813746,-0.6002143119801838
C16682,273,3,1039.81,2,-0.6597598590877675,0.8068256916063667
C16683,56,9,1904.53,1,2.6029097179836724,0.5023354705186055
C16684,607,3,758.44,0,-2.054586032395845,2.1828745562854817
C16685,78,7,318.88,1,0.8561065223808955,-0.7423321858332632
C16686,5,6,582.52,1,0.9731512424152052,-0.8729248283695248
C16687,71,5,441.15999999999997,3,0.32288541174130025,-0.6755583345668749
C16688,222,1,410.44,2,-1.5210538063993622,0.021940640392990023
C16689,460,2,33.56,0,-2.3104428115826994,0.8542131733549921
C16690,130,2,203.82,3,-1.0022371186758667,-0.5969317402037473
C16691,242,3,105.01,2,-1.1538671927922304,-0.1376374054178411
C16692,16,3,1331.57,3,0.4623409895604595,-0.1880246245076327
C16693,185,4,1007.75,2,-0.042183652043879895,0.3556672738781834
C16694,176,5,777.02,3,0.15974290095526578,0.11768522879490952
C16695,156,3,73.69,3,-0.8620589278274141,-0.580149220409811
C16696,205,4,183.21,2,-0.6498418916428639,-0.2484455362781301
C16697,12,7,1056.48,1,1.5743014749579858,-0.43456873620907244
C16698,82,4,607.43,3,0.07186989169754698,-0.4826932681524801
C16699,190,3,141.89,2,-0.9412031900522938,-0.3577595195754314
C16700,307,5,153.83,2,-0.7201222071266979,0.2215025906838236
C16701,70,6,2237.51,4,1.811210564878477,0.848097814273937
C16702,111,6,117.11,1,0.28641067235187717,-0.7558982114248951
C16703,122,7,925.32,1,1.0899481490568195,-0.014096960344267459
C16704,0,13,1976.21,1,4.1286313045694785,0.2990654519639585
C16705,335,2,344.79999999999995,2,-1.6547883038924243,0.5142643136469243
C16706,580,2,410.99,0,-2.501051040376903,1.7553289586703889
C16707,165,8,747.07,1,1.1371991362366904,0.043996140724368325
C16708,105,4,661.8700000000001,3,0.023720303706923414,-0.3251944522443227
C16709,38,6,702.9399999999999,1,0.9315235860721193,-0.6109858021491563
C16710,86,6,732.8100000000001,1,0.7766935030597422,-0.3534721657375909
C16711,283,5,549.3000000000001,2,-0.37638280959517034,0.44157639127424364
C16712,32,3,622.49,3,-0.05587392160007159,-0.7133440302653502
C16713,6,8,449.51,1,1.5211860328381714,-0.9778344643137045
C16714,50,4,547.78,3,0.14930360876207982,-0.6881438726120362
C16715,274,2,119.32,2,-1.5797126715654655,0.027621451925633908
C16716,87,6,1214.11,1,1.0853943419620975,0.06045278852737496
C16717,25,3,385.35,3,-0.18435516435035001,-0.9487567351320995
C16718,34,4,941.87,3,0.4631118754996106,-0.43055550476715065
C16719,162,4,144.92000000000002,3,-0.5186230582597685,-0.4889361921406264
C16720,171,4,1148.6000000000001,3,0.1000305321400621,0.40768193319868834
C16721,67,2,549.5400000000001,3,-0.5492334355400184,-0.6077454541334925
C16722,38,3,128.99,3,-0.3978978693837272,-1.103786998077439
C16723,35,5,655.35,3,0.5925400830219767,-0.6675977950658352
C16724,50,7,959.0500000000001,1,1.3731570369321913,-0.3336152734254262
C16725,55,3,308.41999999999996,3,-0.34316091883009947,-0.8690664746551637
C16726,53,2,425.53000000000003,3,-0.5788950056399456,-0.7808529977451212
C16727,465,2,99.94,0,-2.285514053583674,0.9348136694946508
C16728,85,3,1129.1299999999999,3,0.08053937545316615,-0.02641202841971277
C16729,315,1,10.94,2,-2.1178405010123487,0.13212134589488708
C16730,28,1,35.83,3,-1.0600362324112702,-1.2346378117126888
C16731,210,8,2833.51,4,2.3278285753228607,2.035018149627019
C16732,97,10,1330.36,1,2.400495010284087,0.2142378413310443
C16733,208,7,481.85,1,0.490034132463074,0.024859124336792177
C16734,188,3,143.3,2,-0.9330292962826161,-0.3662329467619892
C16735,11,4,45.19,3,-0.035293830959836646,-1.3039303464910603
C16736,339,2,167.92000000000002,2,-1.784088948755083,0.3832659492540232
C16737,659,2,27.339999999999996,0,-3.0367398737142155,1.8112784752464846
C16738,66,2,469.31,3,-0.5976676854118245,-0.6807742295492898
C16739,393,4,415.45000000000005,2,-1.1814710078287387,0.8581075034446074
C16740,576,3,742.46,0,-1.9524429675837165,2.0193779415466433
C16741,11,4,349.18,3,0.1619745770472363,-1.045548943223903
C16742,229,3,280.41999999999996,2,-0.9928554184742471,-0.0514119537968096
C16743,119,2,58.11,3,-1.0568688349035775,-0.7739757425387707
C16744,274,4,237.16,2,-0.8652641935065526,0.13109004406475344
C16745,73,4,1322.2,3,0.5683710621114092,0.0813140298591261
C16746,235,2,143.51,2,-1.4224664586344464,-0.14041951843987635
C16747,141,6,1271.96,1,0.9269446317276897,0.3707641366747223
C16748,400,7,191.88,2,-0.3949908269047548,0.7068947694674531
C16749,182,6,1140.98,1,0.6931402201624076,0.4577090343212241
C16750,352,2,269.98,2,-1.7650419541342117,0.5328807817362127
C16751,107,4,426.59999999999997,3,-0.136212496265373,-0.5154942576248145
C16752,78,6,313.59000000000003,1,0.5336844305320018,-0.7484827631712277
C16753,446,1,49.21,0,-2.5684639854870936,0.7981577380318154
C16754,250,2,18.669999999999998,2,-1.5579207150039338,-0.17399026933960604
C16755,266,7,1748.12,1,1.1012473143645862,1.3816310966961034
C16756,5,2,2196.16,3,0.744334592543111,0.49199856398310954
C16757,137,3,541.38,3,-0.48960101769058717,-0.27451111764966457
C16758,82,4,421.34,3,-0.04888960054244841,-0.6408635873537212
C16759,108,2,170.46,3,-0.9440375248136291,-0.7316773160862594
C16760,365,1,46.23,0,-2.276412281910696,0.40391368264118843
C16761,153,6,739.3800000000001,1,0.5377837718081764,-0.023879892068763203
C16762,92,4,2097.48,4,1.0025143990568923,0.8321591430566708
C16763,119,8,589.86,1,1.2021354971286855,-0.3120803858578982
C16764,61,6,446.25,1,0.6814722257099025,-0.7179371523599853
C16765,255,1,21.69,2,-1.8930974478240667,-0.1488979217992157
C16766,117,6,1458.01,1,1.1347849865116229,0.4128378929472105
C16767,52,6,378.79,1,0.6703604259754945,-0.8187993733380446
C16768,390,4,186.43,2,-1.3192007375374408,0.6489402895894905
C16769,284,2,1624.69,2,-0.6391265476704832,1.355495354295852
C16770,97,5,377.25,3,0.18704653675022076,-0.6041452672461561
C16771,72,6,2260.31,4,1.8187472805296725,0.8771489373488394
C16772,25,5,357.46,3,0.435524659809189,-0.9691538027124535
C16773,68,6,334.25,1,0.583385844618642,-0.7792818511469591
C16774,401,3,600.4200000000001,2,-1.4094631734945067,1.0523591282244855
C16775,31,7,680.49,1,1.2613504993066638,-0.6622648846957284
C16776,82,3,469.28,3,-0.3367691174440856,-0.6017704326744787
C16777,4,5,152.29000000000002,3,0.37860203933683567,-1.2450962319151606
C16778,495,2,48.19,0,-2.427979735976782,1.0359060936423223
C16779,673,1,106.47,0,-3.3551915572546878,1.944585256463579
C16780,9,3,613.81,3,0.02197072988081047,-0.8319483660474997
C16781,44,4,212.14,3,-0.046726747263549216,-1.0024423657194867
C16782,203,7,1442.32,1,1.131459743890881,0.8170470223708903
C16783,61,5,524.8399999999999,3,0.41348243118537237,-0.6527925156907485
C16784,51,3,276.02000000000004,3,-0.34966846643337746,-0.9159491592301586
C16785,101,5,319.45,3,0.13502054574289335,-0.6339295867656959
C16786,39,4,192.15,3,-0.04155161550485837,-1.0436129026579766
C16787,96,4,3450.93,4,1.8662916936839002,2.0018904502379296
C16788,212,3,117.01,2,-1.0371965010839512,-0.2725160093078383
C16789,44,3,116.49000000000001,3,-0.427786206616371,-1.0853959418377412
C16790,19,3,135.84,3,-0.32449312923926665,-1.189847588963915
C16791,301,3,305.21999999999997,2,-1.238082399311052,0.3178549152671999
C16792,5,9,679.15,1,1.9928251518664593,-0.7858297787206574
C16793,18,7,1306.49,1,1.7147639051385357,-0.19305289898427155
C16794,27,6,862.31,1,1.0748676121872416,-0.5287219374203146
C16795,94,5,418.90000000000003,3,0.22496284801416389,-0.5832519711426511
C16796,27,4,781.04,3,0.38415052555837104,-0.601107244196495
C16797,621,3,1167.54,0,-1.8399208423125752,2.598299130909426
C16798,13,4,1057.6299999999999,3,0.6144505471148584,-0.4337180933483613
C16799,87,7,2878.3500000000004,4,2.484359824920349,1.476655765451019
C16800,361,5,581.6700000000001,2,-0.6384740908584676,0.8462931499723779
C16801,23,5,1105.4,1,0.9281447019045357,-0.3431015251684908
C16802,14,2,78.59,3,-0.6624864000764878,-1.2643421413878446
C16803,144,2,348.0,3,-0.9594866187114617,-0.40668036651909456
C16804,247,5,419.66999999999996,2,-0.32984345145305716,0.15730135042292306
C16805,37,5,3811.7799999999997,4,2.633585142313436,2.02493474752965
C16806,56,5,148.83,3,0.18762529668965333,-0.996568227770438
C16807,376,3,130.48,2,-1.6236853412036905,0.5320272323908297
C16808,18,4,208.88,3,0.04552346044954392,-1.1309477020538405
C16809,102,5,473.32,3,0.2312420437664176,-0.4983092572310346
C16810,607,1,44.72,0,-3.1557192664113836,1.5729277557222898
C16811,22,6,584.69,1,0.9128587577790775,-0.7888694174283715
C16812,101,3,394.33,3,-0.45436603030897,-0.5735925799125904
C16813,108,6,3826.3,4,2.7043058549677075,2.3822822708966767
C16814,57,2,80.85,3,-0.8170862023746622,-1.0544757888238638
C16815,56,5,675.12,3,0.5291509733567884,-0.5492392079820496
C16816,39,5,1571.5400000000002,1,1.1725659908100339,0.13047703528198437
C16817,124,3,254.57999999999998,3,-0.6285314482640447,-0.5811488141720348
C16818,92,4,388.94,3,-0.10620945967663299,-0.620043109445283
C16819,147,4,1191.55,3,0.21500892045861095,0.328125442398805
C16820,419,5,2373.87,4,0.31403115270020393,2.650088154077128
C16821,418,3,2571.4,4,-0.1921346364904314,2.8098376470521216
C16822,341,2,133.18,2,-1.8138916988650213,0.363409983464186
C16823,302,5,944.11,2,-0.18913809166495438,0.8690346414136109
C16825,150,3,268.59999999999997,3,-0.7137991629011943,-0.443497835220639
C16826,560,1,19.02,0,-3.0018125936904227,1.3237944209856092
C16827,244,5,1691.91,1,0.5066403462723612,1.2241552736738048
C16828,139,5,702.14,3,0.24544065935483622,-0.12489007070191697
C16829,253,4,1191.34,2,-0.16984914226931028,0.8405566081768883
C16830,131,3,102.5,3,-0.7526269671326121,-0.6765601817407043
C16831,0,4,678.8299999999999,3,0.4158185028809161,-0.818552734180013
C16832,84,4,366.44,3,-0.09177479121103162,-0.6778548835487227
C16833,45,5,2150.51,4,1.526500625661812,0.6515979464196248
C16834,223,8,1645.05,1,1.5094176736271172,1.0877338454786225
C16836,255,3,1934.79,2,-0.013649850850789,1.4804820425212153
C16837,27,10,1318.0900000000001,1,2.6465941896819443,-0.13470706354997886
C16838,146,4,142.14000000000001,3,-0.46235587210306944,-0.5686741426438335
C16839,414,5,1331.6100000000001,2,-0.3441759828965787,1.7400220708446261
C16840,10,10,1530.39,1,2.8460628165111603,-0.03647009790404968
C16841,119,7,1055.8600000000001,1,1.1855478998672895,0.08234988336415099
C16842,16,6,351.36,1,0.783220489727407,-1.0162078086631852
C16843,8,6,1472.53,1,1.5398175983569908,-0.10193806865579982
C16844,128,3,147.16,3,-0.7127573748130379,-0.6531084856114283
C16845,115,7,323.79,1,0.7250030910701935,-0.5592290623507892
C16846,208,5,659.77,2,-0.032486636289046605,0.17277670881629292
C16847,723,1,67.76,0,-3.5617842013147296,2.1534800510480667
C16848,49,3,246.26999999999998,3,-0.36171524963827273,-0.9509075514675557
C16849,69,3,1039.06,3,0.08016141099656425,-0.18034357967028058
C16850,49,4,956.3400000000001,3,0.4180601386849289,-0.3457173827133369
C16851,52,4,136.41,3,-0.12490586692338321,-1.0281228290019244
C16852,176,6,529.84,1,0.3183294884469579,-0.09075530832108553
C16853,149,3,220.76000000000002,3,-0.7412145511810101,-0.48899618643885345
C16854,149,7,1507.3899999999999,1,1.3696760014203626,0.611213591555031
C16855,18,4,588.17,3,0.2916563413765569,-0.8085637998031084
C16856,8,8,830.08,1,1.760890643264493,-0.6446907242221539
C16857,123,4,287.62,3,-0.28447208190587964,-0.5562475987007783
C16858,396,2,37.14,0,-2.0758347873818908,0.5477558830959285
C16859,32,5,788.95,3,0.6901255614172411,-0.5685500529923472
C16860,350,5,614.4,2,-0.577310633808169,0.8209172209259217
C16861,198,5,1425.4699999999998,1,0.500694019554196,0.775236875059986
C16862,185,4,2307.79,4,0.8014520634254285,1.4606580943112082
C16863,426,2,210.19,0,-2.0724208746567716,0.8399208407297578
C16864,181,5,1243.15,1,0.44408165961492924,0.5380599476262562
C16865,180,2,43.71,2,-1.287609935544417,-0.49122291343607194
C16866,147,3,107.33,3,-0.8075638455936156,-0.5950797993262578
C16867,83,2,1061.24,3,-0.27524686926091524,-0.09544240691420368
C16868,59,2,348.09,3,-0.6509248949498923,-0.8176587845863446
C16869,65,10,1220.4099999999999,1,2.445287519010333,-0.03396609246282553
C16870,22,3,811.73,3,0.10322421021357396,-0.600855717462183
C16871,125,5,574.02,3,0.21311198455768532,-0.30149097780388434
C16872,377,3,301.47,2,-1.5163541515946497,0.6821989933013052
C16873,52,6,296.12,1,0.616713334656883,-0.8890661275342218
C16874,93,2,189.88,3,-0.876993530532058,-0.7877100637635346
C16875,174,4,3671.3199999999997,4,1.726212340686302,2.5664179640342275
C16876,379,2,43.66,0,-2.009903095977181,0.47108668352485855
C16877,559,2,136.05,0,-2.603249547643735,1.4200843468105238
C16878,25,5,990.8100000000001,1,0.8465248447207967,-0.43082733881806873
C16879,378,1,13.22,0,-2.3450163411715814,0.4387235013423491
C16880,150,3,183.8,3,-0.7688284763621627,-0.5155750186709331
C16881,9,8,1239.21,1,2.0227581619725314,-0.2921078729006754
C16882,74,4,304.54,3,-0.09564908607884365,-0.7788272293741744
C16883,139,4,379.72,3,-0.28277678836524733,-0.4005906148746905
C16884,63,4,755.99,3,0.2372345847966518,-0.4483050657990835
C16885,650,2,560.64,0,-2.6580001362456587,2.221042300608033
C16886,39,4,525.13,3,0.17452929011109986,-0.7605909622655358
C16887,416,2,83.77000000000001,0,-2.1181641707569145,0.6841086378734926
C16889,407,1,202.38,0,-2.3275187059264084,0.7397454837207739
C16890,180,5,345.04,3,-0.13509993569858467,-0.23013966269905337
C16891,77,4,148.65,3,-0.20769922717511027,-0.8968207311069438
C16892,82,5,598.68,3,0.38518099815738405,-0.48847622448954064
C16893,70,3,227.85,3,-0.4498870182783948,-0.8650091959399816
C16894,522,3,95.58,0,-2.176232838810561,1.2084106574591216
C16895,63,7,3436.8,4,2.9338619289125916,1.835257152818903
C16896,233,2,904.8800000000001,2,-0.9211312788058358,0.49704781303966955
C16897,17,6,1464.9800000000002,1,1.502253115040606,-0.06483185629338371
C16898,252,4,109.00999999999999,2,-0.8685767296321119,-0.08422388345989755
C16899,169,3,133.84,3,-0.8702086139512264,-0.46615649592764324
C16900,10,5,2236.4399999999996,4,1.7092940095091371,0.5553776861294821
C16901,154,4,121.4,3,-0.5048502989890986,-0.5476149323657561
C16902,472,3,84.47,0,-2.001969916408839,0.9571705175975858
C16903,38,2,93.62,3,-0.7398397931772662,-1.1355045763373948
C16904,185,4,483.46999999999997,2,-0.3824049782386501,-0.08995331267040438
C16905,61,6,945.85,1,1.0056779451096645,-0.2932937460891482
C16906,458,3,187.42000000000002,0,-1.8843502013306836,0.97697143572981
C16907,119,3,159.4,3,-0.6721494070611348,-0.6862283537476428
C16908,67,3,664.83,3,-0.1554289795318497,-0.5080985303387784
C16909,234,1,449.41,2,-1.539318391453115,0.11309512817091559
C16910,189,3,426.05,2,-0.7531736246877522,-0.12106889785145618
C16911,338,4,318.05999999999995,2,-1.0450505620330377,0.5093525284026003
C16912,85,2,1496.53,3,-3.277731827092769e-05,0.28421151570564995
C16913,305,4,1732.5000000000002,2,-0.00740531065808905,1.551993523296838
C16914,103,2,94.24,3,-0.9753517597519931,-0.8206414853998676
C16915,94,2,459.1,3,-0.7059178897287848,-0.5540460654671817
C16917,13,5,1218.19,1,1.0376320906274852,-0.2955931731527647
C16918,32,4,91.96000000000001,3,-0.08116181487683924,-1.1626226561860724
C16919,141,7,2153.81,4,1.8181933156443482,1.121961599922945
C16920,315,2,1635.36,2,-0.7447154338797553,1.5144786454011874
C16921,308,2,69.56,2,-1.7354047853924188,0.14974907068693918
C16922,186,6,339.11,1,0.15826445006424583,-0.20451007163534873
C16923,262,4,624.87,2,-0.5701139071848044,0.40259938452469984
C16924,179,5,703.08,3,0.10087262115765912,0.06934650517241871
C16925,225,1,19.16,2,-1.7858557174906449,-0.29612654308936365
C16926,346,2,1701.0900000000001,2,-0.8145742021743936,1.720261107742056
C16927,137,2,132.0,3,-1.074249468931494,-0.6241247735304285
C16928,144,5,413.56,3,0.04002501751771358,-0.34599378491032917
C16929,23,3,376.16,3,-0.18305993476329344,-0.966239810249944
C16930,75,3,592.03,3,-0.23170673258271393,-0.5312885909383225
C16931,240,3,263.29,2,-1.0438955584255938,-0.012776542889214435
C16932,23,3,368.28000000000003,3,-0.1881735077594306,-0.9729375485233912
C16933,27,4,1319.83,3,0.7337878345163328,-0.143153639583476
C16934,141,4,349.49,3,-0.30965286154465504,-0.4166132304598011
C16935,98,3,123.69,3,-0.6191042508932086,-0.8181354113997974
C16936,6,6,269.85,1,0.766620666121746,-1.1338480031615175
C16937,44,4,666.28,3,0.24797858782093413,-0.6164384495388664
C16938,130,4,2464.54,4,1.1027917276523853,1.3279136782557315
C16939,128,3,77.01,3,-0.7582798552291574,-0.7127336556472554
C16940,57,6,1328.7,1,1.2686388222076497,0.012772277210086487
C16941,353,5,2124.14,4,0.3915174725011395,2.118653896909114
C16942,48,4,1221.95,3,0.5940520417298836,-0.12479364486911373
C16943,171,3,1652.76,2,0.10820612593610175,0.8345469349733697
C16944,220,7,3860.6200000000003,4,2.639067909401565,2.9547326838988286
C16945,78,4,120.58,3,-0.22954415947102683,-0.9158433586117462
C16946,197,2,94.96,2,-1.3160529071538427,-0.36545113263948886
C16947,222,5,1307.5500000000002,1,0.337065305408185,0.7910713559156648
C16948,425,3,1010.95,0,-1.230164520913528,1.5173585571262485
C16949,16,5,1778.3700000000001,1,1.3902616722906012,0.1950490415443266
C16950,149,3,287.14,3,-0.6981385390638039,-0.43257539118613486
C16951,524,1,23.16,0,-2.8684657914247986,1.1532194370935558
C16952,75,7,1382.25,1,1.5570481891795156,0.14698917483197046
C16953,268,6,159.20000000000002,2,-0.2560996187093318,0.039119498446530475
C16954,477,2,14.59,0,-2.384453688749073,0.9203002864407299
C16955,30,3,630.43,3,-0.04346251112166612,-0.716267174339521
C16956,238,1,10.45,2,-1.8386907635781629,-0.24066253148912106
C16957,9,10,666.8100000000001,1,2.2892887942378257,-0.7753203551097995
C16958,26,4,398.32,3,0.1394212635543914,-0.9312424727004937
C16959,25,6,764.8,1,1.0188492926602328,-0.6212740790750694
C16960,115,3,157.25,3,-0.6590268045206122,-0.7073995430470316
C16961,352,5,2152.0,4,0.4132261293745704,2.137498031388863
C16962,17,4,548.24,3,0.2693739940103763,-0.8473389137442965
C16963,4,8,2449.68,4,2.826416419216873,0.7125717216260353
C16964,239,5,466.01,2,-0.2707364016354149,0.15800128986568907
C16965,46,5,210.54,3,0.2639653112193684,-0.9924761791820823
C16966,264,4,428.31999999999994,2,-0.704920114973036,0.2452102930969839
C16967,81,3,91.75,3,-0.578130429720914,-0.927494333559291
C16968,10,5,382.45,3,0.5061831974395525,-1.0204522353918732
C16969,336,6,242.10000000000002,2,-0.4491059293638295,0.43842567706587066
C16970,104,5,429.6,3,0.19561189701874973,-0.5257979247588864
C16971,199,8,1770.66,1,1.678036663958445,1.0784356092070566
C16972,103,2,180.53,3,-0.9193555397219582,-0.7472978514384775
C16973,399,2,481.24,0,-1.7985330678243083,0.9397339532775701
C16974,63,5,236.32,3,0.21899407765415427,-0.8883530524241666
C16975,118,6,1041.03,1,0.8605644610776729,0.06325468271064011
C16976,57,7,668.62,1,1.159281971868754,-0.5466195458331076
C16977,688,2,101.74,0,-3.0937135122046637,2.0147582692669403
C16978,143,2,473.04999999999995,3,-0.8747083984503952,-0.3052279601108779
C16979,81,6,576.91,1,0.6936724792467323,-0.5101616885573245
C16980,20,11,522.49,1,2.474700422464275,-0.843137966669605
C16981,39,11,1023.9000000000001,1,2.7311211405706612,-0.3250732571457879
C16982,41,4,628.2,3,0.23415566368106827,-0.6633130052807853
C16983,130,2,1165.3799999999999,3,-0.37825142703048037,0.22036232251399898
C16984,275,3,147.0,2,-1.2463904747808794,0.0576387257788649
C16985,26,4,793.1800000000001,3,0.39565799366285814,-0.5956245875922015
C16986,28,3,365.32,3,-0.20824159640407927,-0.9512737493229233
C16987,30,4,198.57,3,-0.004720423747564053,-1.081679577488539
C16988,659,1,4.98,0,-3.3702392106194616,1.7906189648720048
C16989,26,4,824.61,3,0.4160538818949128,-0.5689101315091504
C16990,64,6,1302.06,1,1.2259451557039864,0.02398074327355012
C16991,66,6,935.7900000000001,1,0.9810024493238262,-0.2776647110690704
C16992,3,7,832.17,1,1.4614049132382845,-0.668748247566597
C16993,321,8,396.31,1,0.34338591636301574,0.5002684585499145
C16994,368,2,297.20000000000005,2,-1.8054492768358865,0.6333919204885377
C16995,0,6,213.45,1,0.7517976861673529,-1.2108017709545795
C16996,33,5,1631.1000000000001,1,1.232993001291182,0.1520854159900559
C16997,136,4,707.24,3,-0.059350691263013684,-0.13671731366581283
C16998,7,9,3432.9200000000005,4,3.7725718224999767,1.564455137835967
C16999,95,6,357.77,1,0.5006535196988846,-0.6287202475514558
C17000,6,4,568.0799999999999,3,0.32217273584237427,-0.8836709146619118
C17001,24,6,949.92,1,1.1426087730580963,-0.46876416783360775
C17002,30,10,425.3,1,2.0563471017768613,-0.8790410898643732
C17003,6,6,413.52,1,0.8598525230195918,-1.0117332750211427
C17004,13,5,452.09999999999997,3,0.5404928600931305,-0.9467442282168672
C17005,247,3,497.46000000000004,2,-0.9173416395076159,0.22011176062320267
C17006,85,6,1098.47,1,1.0176109109604738,-0.047509250957023984
C17007,409,3,180.32999999999998,0,-1.7111080288078675,0.7339841025252636
C17008,119,7,211.5,1,0.6376168725806942,-0.6353280720378587
C17009,198,6,954.97,1,0.5143614291908946,0.37698175530107003
C17010,31,3,669.8499999999999,3,-0.02151111835295128,-0.6779255434591778
C17011,65,10,1842.35,1,2.848883405966874,0.49466225040363665
C17012,77,4,147.14000000000001,3,-0.20867911235584213,-0.8981041809537592
C17013,105,5,373.95,3,0.155869459236353,-0.5682626362207539
C17014,172,4,1546.55,3,0.3546430069271849,0.7507621558530172
C17015,47,5,1064.12,1,0.8142500276600412,-0.2621255898360372
C17016,15,4,174.78,3,0.034283280031077216,-1.1744393899875973
C17017,8,3,194.22000000000003,3,-0.24668460272819157,-1.193421869950229
C17018,191,6,346.95,1,0.14520481171887145,-0.1736666311464
C17019,360,1,21.84,0,-2.274092444718376,0.35900329184442875
C17020,95,4,282.65,3,-0.1860726438428992,-0.6958782585939179
C17021,82,4,199.5,3,-0.19284836113420814,-0.8294202191534059
C17022,62,4,150.57,3,-0.15201151810069646,-0.9677278975387017
C17023,395,4,216.81,2,-1.3176334805359964,0.6989419814342133
C17024,30,7,763.4200000000001,1,1.3187957634005607,-0.5966130793125871
C17025,104,6,387.25,1,0.48711893588084454,-0.5601397651045542
C17026,234,4,174.84,2,-0.7605275145102508,-0.11531749313244828
C17027,361,3,132.04,2,-1.5682312471392525,0.4608140779161222
C17028,88,4,544.78,3,0.009437685714106468,-0.5069280462292003
C17029,253,5,770.95,2,-0.12366382110514568,0.48489332406295155
C17030,326,2,756.97,2,-1.354653527974895,0.8210716622238722
C17031,55,5,267.14,3,0.26802972481950604,-0.9008445974996621
C17032,11,5,169.41000000000003,3,0.3643055751568986,-1.1966932192976298
C17033,200,3,384.98,2,-0.8197491628024903,-0.10278169179999364
C17034,80,6,1508.23,1,1.301663960877787,0.2765934383752873
C17035,53,4,1020.53,3,0.4451971895302374,-0.2718142540123415
C17036,112,6,1125.21,1,0.9369681425188334,0.10578924568930421
C17037,20,3,310.20000000000005,3,-0.21497504356461927,-1.0368114399847193
C17038,59,1,103.62,3,-1.1285582037043804,-1.0271044177927215
C17039,82,5,182.82999999999998,3,0.11532321510616116,-0.8419349124353523
C17040,189,4,613.83,2,-0.3123281906986212,0.04019211825825595
C17041,122,10,1024.81,1,2.1114779999762145,0.07542899431247528
C17042,7,6,3790.9900000000002,4,3.0479666492598345,1.8638399857678631
C17043,176,6,532.57,1,0.3201010689392745,-0.08843489899538619
C17044,315,3,1097.57,2,-0.774714563191035,1.0590292606143197
C17045,40,4,607.12,3,0.22410565780945427,-0.6860662453064306
C17046,142,4,274.81,3,-0.36174444832660635,-0.4752528098586863
C17048,272,5,176.03,2,-0.5786851693509233,0.07111394712378462
C17049,618,1,373.16,0,-2.982508464703452,1.9052861888576935
C17050,98,3,645.49,3,-0.28049227254493847,-0.37462274248041627
C17051,676,1,6.79,0,-3.430765310265565,1.8743683877702084
C17052,153,2,19.85,3,-1.20509824702297,-0.6420735057388052
C17053,303,6,485.95,2,-0.171092329454388,0.48610405197095813
C17054,300,4,86.71000000000001,2,-1.0572615211734835,0.12894698572758942
C17055,90,6,843.0500000000001,1,0.8337138072644563,-0.24042806654265605
C17056,92,6,265.58000000000004,1,0.4517169616984879,-0.7215865060822358
C17057,37,4,346.06,3,0.06558419221290515,-0.9224663949840406
C17058,313,4,2536.31,4,0.48517597488797465,2.2738928469468505
C17059,24,4,257.88,3,0.05554435408776761,-1.06028368847696
C17060,180,3,139.82999999999998,2,-0.9062454788174602,-0.4078698529284113
C17061,240,3,226.76999999999998,2,-1.067594503326473,-0.043817329912855287
C17062,71,7,1797.95,1,1.8413264359377934,0.4809766070503344
C17063,482,3,119.53,0,-2.01551291839589,1.0353297548875902
C17064,26,3,987.4,3,0.20270404248139137,-0.43219829146120164
C17065,241,3,428.07,2,-0.940594227738636,0.13211692428038455
C17066,238,4,259.21,2,-0.7202950444946316,-0.024262034690569142
C17067,383,3,639.64,2,-1.3186820011933575,0.998647902377261
C17068,45,6,145.94,1,0.544663095427428,-1.0505657206929806
C17069,34,11,2713.88,4,3.8459481017969477,1.0871739109216139
C17070,178,1,495.94,2,-1.3058744052901152,-0.11816856721161215
C17071,181,4,557.3100000000001,2,-0.31997014067573376,-0.04653552590389861
C17072,143,3,326.21999999999997,3,-0.6510016269279463,-0.42837433025473826
C17073,64,5,887.39,1,0.6378638616776018,-0.3301292369049974
C17074,183,3,164.41,2,-0.9011831175516871,-0.37246984879709344
C17075,330,2,66.99,2,-1.8169204551114089,0.253955339949533
C17076,403,2,180.54,0,-2.0081842975069804,0.703492701445808
C17077,172,7,731.93,1,0.782978922377172,0.06332497178631133
C17078,91,3,103.93,3,-0.6065209634530943,-0.8687823363322902
C17079,26,5,332.54,3,0.4157238588505607,-0.985499034841449
C17080,205,5,404.28,2,-0.1873935585368033,-0.058889125863461775
C17081,27,7,955.01,1,1.4540127263194282,-0.44827576332067287
C17082,119,8,790.2900000000001,1,1.3322006539327174,-0.14172154294584072
C17083,99,7,1520.08,1,1.5593834717038189,0.38020266119959173
C17084,79,3,68.80000000000001,3,-0.5857644849595993,-0.9566729516520889
C17085,449,2,252.17000000000002,0,-2.1286561377148914,0.9868290704847233
C17086,169,4,1223.56,3,0.155933270308964,0.46172356312025703
C17087,166,8,516.6,1,0.9840106538877077,-0.14705976426085335
C17088,525,3,326.84000000000003,0,-2.037049504595343,1.4194817969148121
C17089,74,5,1975.85,4,1.307904336103099,0.6433850127262803
C17090,285,4,299.88,2,-0.8644872263840984,0.23759530283208916
C17091,74,4,2073.7,4,1.0524129446122747,0.7249000096933078
C17092,2,6,216.97,1,0.7468230201731775,-1.1981380075131873
C17093,260,3,90.99999999999999,2,-1.2282888250892403,-0.06249851689630166
C17094,36,5,785.47,3,0.6733494796929302,-0.552164176697972
C17095,163,3,338.14,3,-0.7158553908481375,-0.3215239226182087
C17096,42,4,677.36,3,0.26242764033079524,-0.6166926979050898
C17097,38,7,295.95,1,0.9864045770520502,-0.955259531331089
C17098,117,5,598.4300000000001,3,0.25798798668430123,-0.3194308099774502
C17099,95,8,660.65,1,1.3351801128853638,-0.36797380133636404
C17100,95,2,842.12,3,-0.4609939485498253,-0.22365584692739177
C17101,6,6,219.42000000000002,1,0.7338950968076347,-1.1767118281780073
C17102,304,3,444.04,2,-1.1588862082129554,0.45035512502778197
C17103,19,4,484.83000000000004,3,0.2209664040781982,-0.8915634272879067
C17104,565,1,403.35,0,-2.77055635674193,1.6746418567245729
C17105,59,4,570.8,3,0.13157693337614063,-0.6250541756025036
C17106,68,5,1012.64,1,0.7046246139371406,-0.2043271362526461
C17107,522,1,283.86,0,-2.6920306867200448,1.3651338978412761
C17108,112,5,527.5,3,0.23010659453141505,-0.40389865499327476
C17109,648,1,101.7,0,-3.2675506855459626,1.8196324104597976
C17110,114,4,865.6500000000001,3,0.12329432055217111,-0.10846475900277154
C17111,24,4,854.17,3,0.4424951715835322,-0.5534569936706402
C17112,17,5,1605.53,1,1.2744710594552457,0.05297672243458195
C17113,169,3,386.35,3,-0.7063471523706941,-0.25153138280224474
C17114,169,3,156.16,3,-0.8557244833327262,-0.4471852372647828
C17115,53,4,432.38,3,0.06352866698225912,-0.7717222191808619
C17116,455,5,7424.34,4,3.460775365917427,7.1169137540032805
C17117,39,6,1671.4,1,1.556357447918406,0.21700897156917437
C17118,156,2,434.12,3,-0.9471541267642162,-0.2754499447826623
C17119,10,5,803.49,3,0.7794089302179267,-0.6625822198268747
C17120,186,4,476.29,2,-0.3906937506501371,-0.0912201340162841
C17121,138,5,487.58000000000004,3,0.10983556423289018,-0.3120948844771249
C17122,204,3,41.349999999999994,2,-1.0572589824247778,-0.3755120177534672
C17123,15,3,77.2,3,-0.34802861534744817,-1.2590334020027747
C17124,60,5,2685.92,4,1.8195027868937914,1.179217765956885
C17125,19,4,152.0,3,0.0049828380497298885,-1.1744578726624517
C17126,5,5,149.93,3,0.3734411123366913,-1.242266213352663
C17127,2,9,2344.15,4,3.084182925475486,0.6148570993879785
C17128,318,3,308.56,2,-1.2976156351647583,0.40290478734793855
C17129,133,9,3497.68,4,3.3572857632941324,2.2288274492463116
C17130,251,2,60.57,2,-1.5343599743887189,-0.1335407208300561
C17131,167,8,6479.25,4,4.849727145375902,4.925830632283242
C17132,60,2,42.28,3,-0.8530038074421458,-1.0727511872265798
C17133,20,3,129.77,3,-0.33206158870332836,-1.1901709471773676
C17134,79,2,146.88,3,-0.8540852340815953,-0.8919617980436971
C17135,56,6,713.12,1,0.8727995845843174,-0.5152862170749916
C17136,221,4,490.7,2,-0.5083734397725385,0.09028579357813309
C17137,60,7,944.34,1,1.3273167598159845,-0.2977588830731707
C17138,524,4,166.26,0,-1.8186360777691672,1.27981244328647
C17139,522,1,83.77,0,-2.821875207125766,1.1950640436364488
C17140,43,8,1464.71,1,2.045690680495415,0.06398160336685609
C17141,55,6,260.74,1,0.5828658181500185,-0.9046301318896921
C17142,412,4,906.8000000000001,2,-0.9315785313900098,1.3676215471015618
C17143,105,4,165.60999999999999,3,-0.2983179875447297,-0.7469989694500185
C17144,332,1,138.8,2,-2.0965689006377555,0.3230090821646662
C17145,66,4,288.98,3,-0.07671083936537532,-0.8307402339829794
C17146,23,4,1131.6499999999999,3,0.6261898806518559,-0.3224441500769476
C17147,24,7,380.03999999999996,1,1.0917854613298061,-0.9514889867822671
C17148,213,3,513.06,2,-0.783816994405034,0.06894927645314672
C17149,171,2,458.44000000000005,2,-0.9858138973337264,-0.1822396498870397
C17150,231,3,1895.18,2,0.04775282851330762,1.3307522938716114
C17151,83,5,360.04,3,0.2266907529431171,-0.6864763581161408
C17152,30,2,269.48,3,-0.5966832542149939,-1.024716938775736
C17153,155,3,202.35,3,-0.7749380681607567,-0.4756284339042408
C17154,85,7,1487.39,1,1.5889822424677558,0.2847140844827846
C17155,25,5,876.6,1,0.7724104828059712,-0.5279020454437539
C17156,311,2,604.8,2,-1.3989595324759603,0.6191931137419274
C17157,30,4,495.8,3,0.18816121351662973,-0.829043949694542
C17158,23,2,38.3,3,-0.7212968706890063,-1.2550638415981012
C17159,43,4,1472.07,3,0.7745098133345906,0.06362034675087487
C17160,34,6,151.85,1,0.5884222342345288,-1.098737758939164
C17161,95,3,284.23,3,-0.5040365825847545,-0.6961895641122655
C17162,68,6,351.51,1,0.5945863864858154,-0.7646114244211092
C17163,169,6,590.84,1,0.38332040979164556,-0.07275891561860463
C17164,163,7,378.62,1,0.5863703154161389,-0.2805002549614013
C17165,87,6,2297.91,4,1.7887053081059365,0.9816467911621495
C17166,100,8,845.19,1,1.4367865086031155,-0.1869412297664366
C17167,10,5,955.9399999999999,1,0.8783383976368492,-0.5330047833056796
C17168,237,4,367.59,2,-0.6463344970566115,0.06302142539552018
C17169,61,4,118.38,3,-0.16927114275239727,-0.9999242685564788
C17170,33,8,369.45,1,1.371237478103708,-0.9153124204090205
C17171,131,2,140.74,3,-1.0468011106919308,-0.6457117048853752
C17172,46,3,434.69,3,-0.2285553966683586,-0.8052646301871677
C17173,33,6,4532.2300000000005,4,3.4346142333854854,2.6196038108126904
C17174,163,3,218.60000000000002,3,-0.7934285527717715,-0.42312895221311636
C17175,232,4,53.64,2,-0.8319189995548342,-0.22800534794684313
C17176,123,5,383.61,3,0.09680801384525266,-0.4730050338752939
C17177,138,7,810.02,1,0.9570552396280549,-0.03472308792845107
C17178,726,1,11.15,0,-3.609408514104334,2.119871251826444
C17179,105,5,800.51,3,0.43267728883435624,-0.20570080399719862
C17180,75,6,2955.59,4,2.2590473839920437,1.4826216648305388
C17181,145,6,1057.1100000000001,1,0.7730040926184155,0.2074925334185234
C17182,299,4,443.03999999999996,2,-0.8223986356146248,0.4269797103950519
C17183,75,4,672.57,3,0.13954738565695654,-0.46117801295608146
C17184,53,8,1209.26,1,1.8436268547637187,-0.10478301033541468
C17185,74,3,386.52,3,-0.36143900592610156,-0.7108012053004978
C17186,211,7,1442.96,1,1.1028394528750822,0.8562785225330162
C17187,127,5,339.09,3,0.05339982098369948,-0.4915017944771461
C17188,58,5,391.5,3,0.33784237968357433,-0.7806349074642125
C17189,94,2,2112.8399999999997,3,0.36724457304175606,0.851578007163591
C17190,72,6,1795.05,1,1.5168258373592696,0.48169339050822724
C17191,331,3,238.72,2,-1.3901198078073356,0.40641032932180743
C17192,7,7,1187.93,1,1.6777506542465006,-0.3470203030801972
C17193,115,5,669.14,3,0.3111327698743221,-0.26900153889625594
C17194,48,5,1848.96,1,1.3199272558069999,0.40979828264239965
C17195,99,3,96.64,3,-0.6402872739941938,-0.8362910727829099
C17196,189,5,1717.6599999999999,1,0.7229701040914541,0.9800652086561992
C17197,110,10,2121.79,1,2.8668952810911352,0.9497942770576833
C17198,10,3,345.45,3,-0.15580573226812616,-1.0552095125531418
C17199,414,2,159.39,0,-2.061833138403057,0.7387112458738019
C17200,0,2,454.05,3,-0.36802661175247764,-1.0129167744108125
C17201,561,1,56.74,0,-2.9809643829132604,1.3606911083298026
C17202,85,3,166.86,3,-0.5439070569063391,-0.844309567555498
C17203,405,2,559.6,0,-1.7694595722613908,1.035352991690543
C17204,244,2,828.4599999999999,2,-1.010646513039032,0.4852886932070765
C17205,61,5,281.72,3,0.2557144277817092,-0.8594364406958844
C17206,135,10,2974.7599999999998,4,3.3296773301087472,1.7956889509216003
C17207,1,5,694.0,3,0.7410225780688432,-0.7991685448192722
C17208,9,3,408.1,3,-0.11152078040286648,-1.006795033589481
C17209,193,4,921.97,2,-0.12688452406553852,0.3214446443967429
C17210,138,7,900.05,1,1.0154784600395053,0.04179942181246856
C17211,30,7,2218.66,4,2.2631455053927736,0.6402925863030512
C17212,615,1,23.18,0,-3.198732837764026,1.593306992571591
C17213,138,4,264.32,3,-0.3540339268505234,-0.5035127221530686
C17214,111,4,228.66,3,-0.2791796192116169,-0.6643929225302532
C17215,128,6,392.97,1,0.40372399904985856,-0.4392153908314892
C17216,214,5,274.18,2,-0.30448448483245333,-0.12594634312172456
C17217,643,1,42.63,0,-3.2877357609813127,1.7452451715255828
C17218,102,6,876.83,1,0.8120812724835522,-0.15368490638391719
C17219,51,3,1217.9499999999998,3,0.2615787178624946,-0.11533994452101227
C17220,139,2,41.46,3,-1.1402625455876823,-0.6914088859774168
C17221,184,1,17.92,2,-1.6378529076448112,-0.4954540491768784
C17222,274,6,1182.41,1,0.3861159384525949,0.9378296545836838
C17224,11,7,853.55,1,1.4462434425194248,-0.611888436263444
C17225,188,4,616.13,2,-0.30720619953347295,0.03731110168859984
C17226,249,7,349.62,1,0.2554185576687092,0.11074156350083096
C17227,167,5,274.61,3,-0.1336212559707483,-0.35287004574099734
C17228,27,1,96.06,3,-1.0173216925575146,-1.1882802523710767
C17229,342,2,77.39,2,-1.853724986929075,0.32082627665228275
C17230,222,5,510.35,2,-0.18026215557157926,0.11347783414002141
C17231,320,2,498.20000000000005,2,-1.500800590064856,0.5721101159539702
C17232,20,7,1350.1699999999998,1,1.735850291368328,-0.14625446941830622
C17233,135,3,605.22,3,-0.4409143876076046,-0.22992111838808715
C17234,272,5,994.53,2,-0.04753548694759032,0.7668117614405985
C17235,114,5,1807.23,1,1.0533036282073158,0.6935012203714662
C17236,26,7,232.5,1,0.988783341427448,-1.067221206029571
C17237,2,5,694.53,3,0.737737060454338,-0.7938821222453198
C17238,93,2,368.01,3,-0.761399525734861,-0.6363054801786182
C17239,245,5,572.7,2,-0.22327870264856786,0.277699887325205
C17240,11,9,2637.57,4,3.2419270798047095,0.9077778153239211
C17241,144,4,4206.82,4,2.1825981927344036,2.876496972599761
C17242,82,4,227.85,3,-0.17445117909861316,-0.8053236607711436
C17243,87,4,785.38,3,0.1691998348715752,-0.307261977702098
C17244,157,6,251.45,1,0.20663326902058562,-0.4192604252377729
C17245,37,8,516.66,1,1.4522487459717712,-0.7708450491367581
C17246,104,7,880.92,1,1.126465745985254,-0.13888240883434105
C17247,24,6,236.68,1,0.679765523849357,-1.0749944782591718
C17248,274,5,1754.9199999999998,2,0.43864593761487486,1.4227898861794455
C17249,509,3,725.72,0,-1.7201328603639674,1.681141505664496
C17250,72,4,631.6600000000001,3,0.12388798796644743,-0.5104579747022968
C17251,102,3,59.14,3,-0.6755105233375825,-0.8536570067246375
C17252,81,4,325.96999999999997,3,-0.10714865944490368,-0.7267608599091112
C17253,442,3,660.8100000000001,0,-1.5190817393401481,1.3019621697021524
C17254,178,4,656.6,2,-0.2446494705923305,0.023349855742943144
C17255,27,5,94.32000000000001,3,0.2575061644812655,-1.1831421824179418
C17256,12,9,980.91,1,2.163240288907395,-0.49549222014449773
C17257,16,9,580.96,1,1.8891826988355591,-0.8160926754838271
C17258,58,4,834.1700000000001,3,0.3061152319145793,-0.40603436335885407
C17259,64,4,1369.54,3,0.6317564933359539,0.07802799591047442
C17260,124,5,624.22,3,0.24931775066128162,-0.26365858532555575
C17261,166,2,647.0600000000001,2,-0.8452653565998869,-0.04609861560423373
C17262,131,4,571.5799999999999,3,-0.12923736007071693,-0.27620350873750465
C17263,17,7,1775.3200000000002,1,2.0226314813148347,0.20060108910486696
C17264,67,6,596.76,1,0.7573660628554717,-0.5609930103392443
C17265,144,7,960.7,1,1.0330593949727793,0.122365548445905
C17266,23,5,2238.99,4,1.6637659217891956,0.6204123237397522
C17267,429,2,262.43,0,-2.049409093457857,0.8988309261610182
C17268,182,3,118.94,2,-0.9270605403491622,-0.4159537787325579
C17269,5,5,351.87,3,0.504486154321455,-1.07062392059379
C17270,358,4,750.6700000000001,2,-0.8369057188789979,0.9737754632290389
C17271,136,5,739.03,3,0.2802680610424325,-0.10804261649963132
C17272,69,4,645.5,3,0.1437575397097593,-0.5132022549166301
C17273,60,3,364.54999999999995,3,-0.3248836993095521,-0.7971781380717018
C17274,140,3,673.59,3,-0.4146942577478797,-0.14762918834434702
C17275,13,3,226.05,3,-0.2441763963810113,-1.1421877262658493
C17276,169,4,314.03999999999996,3,-0.43428207378325273,-0.31133822805558725
C17278,85,3,646.89,3,-0.23240090902109553,-0.43630001128610274
C17279,241,6,1771.2,1,0.8879716537538574,1.2786955726414184
C17280,80,9,902.79,1,1.8657431757353844,-0.23304769340211956
C17281,147,3,59.66,3,-0.8384983664979124,-0.6355977160134691
C17282,18,6,275.68,1,0.7268505215385535,-1.0708614146706525
C17283,149,3,525.01,3,-0.543777421222288,-0.23039379180734382
C17284,575,3,610.7,0,-2.0343166104112265,1.9025503776497885
C17285,216,3,210.43,2,-0.9910912092897736,-0.1737683514529265
C17286,291,4,148.74,2,-0.9843432996807594,0.1381469638648436
C17287,21,5,470.64,3,0.523488426517795,-0.8922983225858703
C17288,35,6,585.4,1,0.8661366377859262,-0.7253987187042873
C17289,85,1,29.98,3,-1.2707111732706395,-0.9639615272994951
C17290,80,2,19.200000000000003,3,-0.9405701417766518,-0.9956496170990161
C17291,484,3,39.04,0,-2.0750042426902535,0.9765878086396046
C17292,384,3,3332.4,4,0.4251028653787289,3.29224040514444
C17293,615,1,142.45,0,-3.121334887097874,1.6946825311342866
C17294,2,3,5240.04,4,3.0494790178695634,3.066341896970861
C17295,66,3,463.77,3,-0.2822735117797031,-0.6838287925033852
C17296,72,3,475.70000000000005,3,-0.2963084748631551,-0.6446730476824292
C17297,66,8,1002.1700000000001,1,1.662056959567864,-0.21793540973599013
C17298,310,3,639.34,2,-1.053926770242896,0.6453692793921397
C17299,18,4,775.6500000000001,3,0.4133178471272923,-0.6492120267693682
C17300,185,6,536.78,1,0.29016800928209924,-0.04133307722995788
C17301,518,3,893.26,0,-1.6440760878562846,1.867068402582478
C17302,621,1,1038.7,0,-2.561507556787416,2.4854809041246315
C17303,572,1,30.68,0,-3.037799472973174,1.3917363158386813
C17304,202,6,1682.21,1,0.9717719032708152,1.0144553614397729
C17305,123,3,1948.71,3,0.47447077158825174,0.8539694767666967
C17306,303,1,27.43,2,-2.063586225810656,0.0881060160668826
C17307,11,3,927.1800000000001,3,0.21806720511164754,-0.5559223939731633
C17308,54,2,1211.26,3,-0.0726402292738801,-0.10817265482717107
C17309,13,4,338.32,3,0.14766828926569364,-1.045107702164766
C17310,8,9,851.06,1,2.093494455964832,-0.625204168012313
C17311,305,6,1061.3100000000002,2,0.19501746928634417,0.984812822301693
C17312,72,7,609.98,1,1.066786920111485,-0.5239224955015935
C17313,20,8,424.78999999999996,1,1.454332157288926,-0.9311424807794608
C17314,106,6,2033.3,4,1.5480322208187967,0.8486199432968821
C17315,325,4,1395.3,2,-0.29881371980815424,1.3621035266153636
C17316,64,2,80.95,3,-0.8424274650817888,-1.02053921090355
C17318,148,2,161.01999999999998,3,-1.0953414624651088,-0.546263395450297
C17319,134,5,2932.97,4,1.7112417265406128,1.7470616335576028
C17320,329,6,915.26,2,0.013134337833056361,0.9767377374680226
C17321,65,6,439.65999999999997,1,0.6626779698716339,-0.7041946727699783
C17322,217,6,841.64,1,0.37185856054025584,0.3725378828174124
C17323,60,7,2406.46,4,2.2761311442210688,0.9449945540299447
C17324,83,2,258.78,3,-0.7959877051086593,-0.7775067539840514
C17325,131,6,405.36,1,0.4008758965056174,-0.4141764818211511
C17326,52,3,1245.9099999999999,3,0.2760933661469796,-0.08673893300789037
C17327,93,3,151.18,3,-0.5831178950410417,-0.8189495253404101
C17328,51,3,888.41,3,0.04773013345297201,-0.39543799916971445
C17329,6,5,1193.16,1,1.046795513893787,-0.35071942304732157
C17330,189,4,490.83000000000004,2,-0.392146652440356,-0.06435379641610947
C17331,78,7,408.21000000000004,1,0.9140754913840594,-0.6664046528425228
C17332,29,5,1294.91,1,1.0293468317974843,-0.15300867849490227
C17333,97,6,1004.51,1,0.9130839834731534,-0.06934084803815053
C17334,71,4,67.91,3,-0.2383171775262011,-0.9944626904705265
C17335,478,1,189.29,0,-2.593704215739531,1.0719711710869748
C17336,89,4,728.7,3,0.1251595477647782,-0.3457662147761269
C17337,200,3,3292.49,4,1.0670229973496346,2.368505238076951
C17338,75,2,52.88,3,-0.9005669056140674,-0.9912024366344718
C17339,151,3,663.85,3,-0.4609388006888899,-0.10271252288843027
C17340,301,3,210.35000000000002,2,-1.2996464437455104,0.23721856628218327
C17341,329,1,4.98,2,-2.1725204388195216,0.1947587063339363
C17342,79,10,1361.37,1,2.4859484624966215,0.15354838817100247
C17343,65,6,543.6700000000001,1,0.7301732398371448,-0.6157896273611916
C17344,136,3,83.94,3,-0.7828183728762126,-0.6681558644013755
C17345,15,8,2148.42,4,2.5909956326421186,0.5097060696358466
C17346,325,2,223.7,2,-1.6970792892895916,0.3629739340920218
C17347,57,9,1002.71,1,2.014061688558969,-0.259345636227878
C17348,38,2,53.75,3,-0.7657126555320871,-1.1693927520940366
C17349,98,4,1962.5600000000002,4,0.893183979820808,0.746497265357866
C17350,2,4,1412.1100000000001,3,0.8844074193310367,-0.18561720900882478
C17351,66,4,1008.29,3,0.39007141848378946,-0.21935062516657464
C17352,230,4,559.58,2,-0.49634015860989256,0.19235496739227048
C17353,29,4,121.96,3,-0.050805544907946594,-1.1516314731391233
C17354,319,4,564.85,2,-0.8159414177397004,0.6272329681418743
C17355,445,1,15.48,0,-2.5867229632370243,0.764652418163644
C17356,64,3,593.35,3,-0.1909261851528046,-0.5833619767321104
C17357,236,4,365.41999999999996,2,-0.6441132255986628,0.05634105729257626
C17358,123,3,198.47,3,-0.6613134924674715,-0.6336763907102249
C17359,129,3,75.78,3,-0.7627074906702109,-0.708943174616611
C17360,54,4,831.99,3,0.3192183665376038,-0.4272310516618221
C17361,101,4,244.0,3,-0.23293051582795246,-0.6997138338073473
C17362,24,5,939.72,1,0.8170004320453661,-0.47908808209068715
C17363,36,1,101.43,3,-1.046501992738101,-1.1401924691339227
C17364,469,2,1482.61,0,-1.4027750073136296,2.129381006161966
C17365,4,3,185.6,3,-0.23776058106140094,-1.2200923443548468
C17366,59,4,252.18,3,-0.07518532906411582,-0.8958705929484085
C17367,248,2,148.45,2,-1.4664436022603822,-0.07335346021113721
C17368,16,10,2162.82,1,3.234689280344346,0.530090037611571
C17369,171,5,477.28999999999996,3,-0.016613808648912494,-0.16125501685095409
C17370,22,8,637.72,1,1.5852500447365125,-0.7404871726879967
C17371,3,8,873.1,1,1.806954891074783,-0.6323048539766456
C17372,121,3,223.75,3,-0.6376496256752312,-0.6218611107156681
C17373,288,4,84.51,2,-1.0151357585730347,0.0690457766697973
C17374,151,5,433.82000000000005,3,0.027766195369232242,-0.2949218765848512
C17375,596,1,34.73,0,-3.1222781238782145,1.511241245579176
C17376,12,6,381.37,1,0.8172126998257684,-1.0100440661257641
C17377,251,3,2290.3799999999997,4,0.2316211785473611,1.763377971234895
C17378,92,8,3264.74,4,3.0359421079337863,1.8309083858092623
C17379,140,6,1357.1299999999999,1,0.9858435003281026,0.43831986765843733
C17380,105,4,731.54,3,0.06893129744307507,-0.2659772662657615
C17381,148,8,4342.8,4,3.5322789664060514,3.018036229026299
C17382,43,6,1032.3,1,1.1271081088584731,-0.30686104063498837
C17383,147,2,828.33,3,-0.6586741441221468,0.016092000318256215
C17384,366,3,28.29,2,-1.653705049271295,0.3968097247586284
C17385,176,9,2175.31,4,2.343093042484135,1.3128022981102545
C17386,118,2,344.91,3,-0.8671260927992133,-0.5350412084998334
C17387,220,3,423.57,2,-0.8672959480669739,0.026737330018367745
C17388,167,6,733.5899999999999,1,0.48321415220015884,0.03890196272390092
C17389,161,5,1222.73,1,0.5034195135773583,0.42398482230897777
C17390,124,5,1079.9199999999998,1,0.54503541745566,0.12367127904117842
C17391,66,4,642.59,3,0.15275750418336334,-0.5301834787959683
C17392,49,10,657.73,1,2.138218471596322,-0.5896004464308877
C17393,143,6,814.67,1,0.6229362636586456,-0.008245294526928959
C17394,8,8,1061.96,1,1.9113646669122448,-0.44760042589132587
C17395,191,6,742.9300000000001,1,0.40216834408059626,0.1629032167621791
C17396,84,6,911.16,1,0.8996891742325298,-0.2115524698145372
C17397,48,5,377.40000000000003,3,0.36498696669588365,-0.8409788409202767
C17398,135,5,148.3,3,-0.09944525158673617,-0.6149794361533436
C17399,145,7,1335.94,1,1.2729346562139283,0.44614302539084494
C17400,86,7,341.17,1,0.8415355784928081,-0.6846989047548772
C17401,341,4,394.56,2,-1.006295724884087,0.5888828080615043
C17402,34,3,342.95,3,-0.24453487849355987,-0.9412718652607537
C17403,486,1,461.94,0,-2.4458088988011077,1.342402136700923
C17404,37,7,1104.28,1,1.5145840862472026,-0.27304181940498284
C17405,11,2,246.82000000000002,3,-0.542428455582717,-1.1358600495162
C17406,289,3,281.78,2,-1.209739922299176,0.23990041167539544
C17407,192,7,306.56,1,0.4343543037005318,-0.20150659641417756
C17408,73,9,1139.88,1,2.045004283487406,-0.06538064935810185
C17409,157,3,1045.84,3,-0.23483051212887548,0.2509819307487505
C17410,87,3,1836.33,3,0.5322041822917057,0.5843563629733661
C17411,250,4,215.48,2,-0.7922261887844939,-0.0033998001123998647
C17412,177,2,193.33,2,-1.1796285892052292,-0.3785587034513373
C17413,55,9,840.2,1,1.9158628811196614,-0.40714561897071205
C17414,293,1,242.14,2,-1.8879598320412219,0.22224298290871736
C17415,204,2,136.54,2,-1.31447652926709,-0.296257932437121
C17416,193,6,231.98,1,0.06333836091349133,-0.2617154321746465
C17418,425,3,498.83,0,-1.562494851215782,1.0820735666950612
C17419,9,6,555.0600000000001,1,0.9408138053041724,-0.8769211556027209
C17420,24,6,654.96,1,0.9512002082179166,-0.7194703710234517
C17421,103,4,169.79999999999998,3,-0.28834006675357227,-0.7531094889715786
C17422,402,5,677.12,2,-0.7253411504547984,1.1256960269661687
C17423,155,4,390.94000000000005,3,-0.3335670003991802,-0.31367894469789265
C17424,466,2,278.14,0,-2.1735040744692844,1.0911136909319732
C17425,16,5,720.1899999999999,3,0.7035763076900404,-0.7043688120338849
C17426,132,5,417.19,3,0.08593404541860387,-0.4009396876059134
C17427,9,5,2204.8500000000004,4,1.6924237432073965,0.5236912951832883
C17428,86,6,1153.18,1,1.0494844523473281,0.003828372080807437
C17429,143,4,406.14,3,-0.2801498456499008,-0.3587907316797989
C17430,353,6,548.5600000000001,2,-0.31193532681790437,0.7811174813099725
C17431,43,4,428.84999999999997,3,0.09753245025969147,-0.8230820037092185
C17432,62,7,2507.56,4,2.3344791245420025,1.0405980764463332
C17433,211,6,226.77,1,-0.005372682250776507,-0.17909683593656703
C17434,41,3,404.26,3,-0.23015510019896623,-0.8553088203711889
C17435,97,6,550.6,1,0.6185279024228213,-0.45514927185799775
C17436,42,6,1317.99,1,1.316130538015412,-0.06886996972847838
C17437,380,7,150.9,2,-0.3489949857342773,0.5753443270306223
C17438,47,2,73.63,3,-0.7854769729494819,-1.1089719507924514
C17439,115,2,309.41999999999996,3,-0.8792682867284201,-0.5797143502660891
C17440,78,6,4137.86,4,3.0153701921991902,2.5020197174119874
C17441,321,2,158.89,2,-1.7246186770965253,0.28854382598372474
C17442,39,5,469.82,3,0.45762618861406557,-0.8059483721573806
C17443,53,7,421.52,1,1.0134490280382362,-0.7759900993559583
C17444,234,5,301.23,2,-0.359519929027828,-0.006235938013462104
C17445,49,6,1678.71,1,1.5248066222457195,0.2715816305484991
C17446,27,9,1031.33,1,2.141517606561131,-0.38009779213504646
C17447,233,4,301.15,2,-0.6749316417142689,-0.012794128573908858
C17448,492,3,33.54,0,-2.107608967487307,1.0106005127358721
C17449,16,5,637.1800000000001,3,0.6497085799731185,-0.7749245549372918
C17450,4,8,2688.44,4,2.981355085277496,0.9155097914443405
C17451,138,2,881.39,3,-0.5915768299613199,0.017667776385355504
C17452,96,2,337.56,3,-0.7920478144662235,-0.6476791482792542
C17453,130,3,156.62,3,-0.7138773931426127,-0.6353959194613717
C17454,124,4,78.1,3,-0.42406546853543675,-0.729496699519919
C17455,48,5,431.71999999999997,3,0.4002368759789001,-0.794808645106362
C17456,22,3,449.62,3,-0.13176004329292682,-0.908637190329943
C17457,45,2,9.370000000000001,3,-0.8199183505828915,-1.1732626968136886
C17458,460,2,74.92,0,-2.283603042658812,0.8893677996227299
C17459,83,4,274.39,3,-0.14787940057704335,-0.7609302663746909
C17460,487,2,1136.71,0,-1.6925702108908376,1.9224244180877728
C17461,190,4,1285.22,2,0.11972786277679417,0.6156872588683449
C17462,81,3,1962.99,3,0.6361744349100117,0.6629975150200549
C17463,264,2,180.07,2,-1.5039956303956858,0.03089753239945793
C17464,47,5,263.91,3,0.29496928562464597,-0.9422775116374513
C17465,125,5,1123.26,1,0.5695306181107782,0.16534477972252598
C17466,91,5,1017.99,1,0.6246190236139822,-0.08855318986777824
C17467,33,3,178.60999999999999,3,-0.3475506797238806,-1.0857913470445257
C17468,66,4,1832.4299999999998,3,0.9248810693767434,0.4811410018231125
C17469,147,3,124.02000000000001,3,-0.7967331941589038,-0.580893853668411
C17470,150,6,2910.8399999999997,4,1.95779892861817,1.807281164462467
C17471,44,6,423.46,1,0.7283837617190823,-0.8195188784278493
C17472,129,3,469.12,3,-0.5074571350483087,-0.37461723902299404
C17473,17,4,244.10999999999999,3,0.07201473572164616,-1.1058393123614896
C17474,424,2,1654.82,0,-1.12769738450574,2.0581364783914733
C17475,60,3,362.03999999999996,3,-0.3265125150735501,-0.7993115547044877
C17476,53,8,1715.04,1,2.1718429651680653,0.3251131906727197
C17477,46,4,846.9399999999999,3,0.357955485346522,-0.45321156963066866
C17478,28,5,2768.26,4,1.9890781574762832,1.0944539454372733
C17479,382,3,392.23,2,-1.475604465975596,0.7835216796829237
C17480,224,4,243.53000000000003,2,-0.679657964509338,-0.1052926763780189
C17481,561,1,323.32,0,-2.8079724680261737,1.5872752541338053
C17482,168,5,1885.05,1,0.9078130617207326,1.0207864052346431
C17483,17,6,684.25,1,0.995613540767235,-0.7284264251040937
C17484,129,3,113.03,3,-0.7385348264435473,-0.6772819118392117
C17485,108,7,289.29,1,0.7280211417129648,-0.6224044977084863
C17486,109,3,245.38,3,-0.5800598472755505,-0.6615076112637843
C17487,234,6,197.47,2,-0.10786371728410651,-0.09277423868557522
C17488,563,1,56.07,0,-2.988658068051321,1.3697935109379786
C17489,306,3,62.129999999999995,2,-1.413978188915398,0.13541619015258333
C17490,54,5,697.07,3,0.5506539013067524,-0.5402543173847743
C17491,7,3,349.85,3,-0.14206208523084654,-1.065977479227036
C17492,270,1,468.72,2,-1.6574477715411484,0.30360183319397605
C17493,18,6,1011.21,1,1.2041584334482949,-0.44568534458580716
C17494,167,5,1413.9,1,0.6056988682385286,0.6154886138472774
C17495,10,2,304.79,3,-0.501180498847143,-1.091423415110881
C17496,0,4,213.66,3,0.11395546346300735,-1.2139317840098873
C17497,214,3,146.9,2,-1.0250588675973988,-0.23743862172040534
C17498,150,4,587.0899999999999,3,-0.18813201237334662,-0.17113766051672935
C17499,348,1,28.83,0,-2.2260030100577115,0.30691327754970515
C17500,286,4,685.4100000000001,2,-0.6179344694411407,0.5701189380046652
C17501,174,4,216.36999999999998,3,-0.5158103779690372,-0.3701747831543807
C17502,345,1,239.51,0,-2.0783979623042934,0.4714764594857953
C17503,569,1,56.41,0,-3.010214136594828,1.3990981407095373
C17504,12,10,1478.45,1,2.8050984603690448,-0.07094549241257875
C17505,179,2,487.29999999999995,2,-0.9961213672897553,-0.11902208702482789
C17506,181,5,569.47,3,0.006910104280198226,-0.03454567674631703
C17507,166,5,323.31,3,-0.09838888574205126,-0.31631260344162443
C17508,98,4,852.73,3,0.1729813505945515,-0.1968213727157192
C17509,88,9,588.27,1,1.6326059220974296,-0.4616917255064409
C17510,115,5,206.83,3,0.011125671924554513,-0.6619496837182548
C17511,402,2,193.73,0,-1.9959954522900638,0.7098678231753699
C17512,118,7,5519.5599999999995,4,4.08580879521598,3.871510685723063
C17513,199,5,853.0799999999999,2,0.12562319217485593,0.2935603266157478
C17514,293,2,304.17,2,-1.5287174188978077,0.27662067568264537
C17515,77,2,272.85,3,-0.7650805468602877,-0.7945633623697756
C17516,138,6,542.36,1,0.46437323064762487,-0.26387945090148274
C17517,77,4,705.94,3,0.15394329757327513,-0.42314274095347143
C17518,192,5,116.10999999999999,2,-0.32721302400933555,-0.3666912768826116
C17519,6,6,441.77,1,0.8781848119968602,-0.9877217133174776
C17520,409,2,237.86,0,-1.9927643014159824,0.7812284386819627
C17521,60,4,129.07999999999998,3,-0.1586981346878134,-0.9956655641239829
C17522,292,2,1065.47,2,-1.0310571150336616,0.9188644496645614
C17523,20,5,1157.46,1,0.9728163805402793,-0.3133600748230334
C17524,100,3,583.02,3,-0.32828986772884644,-0.4180482872452142
C17525,6,3,301.61,3,-0.16973704574396892,-1.1118158171596386
C17526,149,4,168.87,3,-0.4558983100832741,-0.5314467099226791
C17527,69,7,684.1,1,1.1257740074140796,-0.47543077785762805
C17528,54,2,236.06,3,-0.7054773340750167,-0.9370602645055544
C17529,29,7,1546.96,1,1.8308882834365456,0.06453395598931157
C17530,244,3,345.05,2,-1.0053567972322992,0.076060502241282
C17531,73,7,810.66,1,1.193384858737697,-0.34851522071565555
C17532,26,3,1308.5900000000001,3,0.41113405652064194,-0.15919745947535244
C17533,42,3,98.00999999999999,3,-0.43251954214785693,-1.1107752083972513
C17534,105,1,12.33,3,-1.3547538145380105,-0.8822446375241119
C17535,330,1,49.26,2,-2.147415243416133,0.23723117579409594
C17536,70,3,670.98,3,-0.16232640891567157,-0.4883634140728959
C17537,235,6,4765.4800000000005,4,2.852828225557803,3.7947184794726914
C17538,99,4,590.5699999999999,3,-0.0007717419381351516,-0.4148127251483445
C17539,500,1,112.88,0,-2.7231369197268926,1.1134158928735107
C17540,35,5,1131.78,1,0.9017100808074623,-0.26264811922593345
C17541,44,7,1319.43,1,1.6287953454714588,-0.05631988416172376
C17542,149,2,457.79,3,-0.9063877840928534,-0.2891828122004584
C17543,10,10,2613.04,4,3.5486275124842432,0.8837464429268586
C17544,48,5,478.46000000000004,3,0.4305678914407594,-0.755081197530103
C17545,89,6,550.61,1,0.6475699983177434,-0.4938282936092427
C17546,88,7,867.82,1,1.1760359685226467,-0.2273920165687632
C17547,100,4,160.9,3,-0.2832271964737323,-0.7751820138988798
C17548,168,9,1611.36,1,2.006164246640287,0.7947760077431141
C17549,42,9,452.61,1,1.7115267370588096,-0.7994514678510442
C17550,50,4,162.49,3,-0.10072285566453,-1.015627575578591
C17551,73,5,4360.92,4,2.8592786531573,2.6657793547634347
C17552,418,1,36.68,0,-2.474970462633605,0.6521013292367391
C17553,305,2,69.42,2,-1.7246072832031674,0.13512225480473902
C17554,381,2,445.52,0,-1.7563827534331231,0.82232621648972
C17555,430,2,289.17999999999995,0,-2.035679651179124,0.9264034778631158
C17556,194,7,1599.96,1,1.2664222184496807,0.9075123249147795
C17557,56,7,390.63,1,0.9825152098502368,-0.7877377528424213
C17559,28,3,395.90999999999997,3,-0.18839080986196816,-0.9252732653400871
C17560,103,3,317.21000000000004,3,-0.5116704585377267,-0.6294701380918553
C17561,29,4,129.34,3,-0.04601643720344251,-1.1453587182586613
C17562,99,4,670.6,3,0.05116217264065383,-0.3467898832671293
C17563,464,1,192.54,0,-2.540782879813009,1.0070304006579456
C17564,80,5,889.13,1,0.5809217877143059,-0.25127525185919947
C17565,299,2,76.75,2,-1.6980739170860095,0.11233687028157392
C17566,145,4,541.46,3,-0.19959546076959944,-0.23410134584750134
C17567,14,2,169.16,3,-0.6037127571500739,-1.1873606495825009
C17568,37,5,1047.99,1,0.8400772855883203,-0.3241949558676213
C17569,6,5,735.2900000000001,3,0.7496696677337209,-0.7398937153396117
C17570,162,5,487.41999999999996,3,0.022624915572299124,-0.19616831490556622
C17571,308,2,261.12,2,-1.6110956428619576,0.3125687082074387
C17572,56,5,852.1299999999999,1,0.6440181759007272,-0.3987865871974203
C17573,191,3,122.42,2,-0.9574673193321216,-0.369472432720888
C17574,31,6,408.08,1,0.7655860700557194,-0.8954585899021199
C17575,52,4,1119.3500000000001,3,0.5129539605922333,-0.1926564764001295
C17576,18,7,3412.1200000000003,4,3.0811716091812116,1.5966626645586888
C17577,506,1,47.79,0,-2.7871525163335025,1.0871071958390224
C17578,54,3,716.65,3,-0.0746185359997282,-0.5269204737958347
C17579,341,3,122.64,2,-1.5017421781492304,0.3561055865802384
C17580,331,1,151.58,2,-2.0846461169599784,0.3290357175119806
C17581,71,6,1063.07,1,1.045451079843759,-0.14530123766381117
C17582,89,5,1974.72,4,1.2527292821894656,0.7149636529189547
C17583,252,6,316.08,2,-0.09622417562836134,0.09508724499136538
C17584,81,6,1804.83,1,1.490507321050887,0.5335295272715113
C17585,253,5,597.9399999999999,2,-0.23593530131602006,0.3378405704222038
C17586,106,7,500.12,1,0.8720940782302369,-0.4528778805771124
C17587,90,4,192.44,3,-0.22646541764115655,-0.7967334632432528
C17588,539,1,18.86,0,-2.9256979552873856,1.222103682574704
C17589,172,3,1407.1399999999999,2,-0.05481365474936304,0.6306140331806956
C17590,526,4,498.13,0,-1.610534386747907,1.5715628009012597
C17591,7,2,68.83,3,-0.6434138068037121,-1.306489398460633
C17592,48,3,79.0,3,-0.4666324174775632,-1.097917435934221
C17593,50,3,485.59,3,-0.21004263327465705,-0.7426575600717193
C17594,155,3,431.41999999999996,3,-0.6262875394519828,-0.2809265422419898
C17595,73,12,1592.84,1,3.2959116276738825,0.3245830651356159
C17596,207,4,324.85,2,-0.5651862654763207,-0.11838436035849934
C17597,97,2,106.72,3,-0.9454764011310146,-0.8390495409752848
C17598,168,5,338.89,3,-0.09553744890203723,-0.29339824056142866
C17599,97,5,274.35,3,0.12027157973213531,-0.6916068495225155
C17600,199,2,261.79999999999995,2,-1.2150442302889928,-0.21397079371340283
C17601,122,4,511.46999999999997,3,-0.13557952001811874,-0.37081847383868116
C17602,139,3,158.16,3,-0.7455430974571085,-0.5905635090144844
C17603,3,6,272.66999999999996,1,0.779339002837465,-1.145958917357245
C17604,166,6,781.79,1,0.5181220571372228,0.07503442163028859
C17605,568,5,518.89,0,-1.4305102733686057,1.7939718518684866
C17606,0,3,1855.37,3,0.8603220422534408,0.17981293514548008
C17607,203,6,544.0999999999999,1,0.22958806632615603,0.05193560283633129
C17608,127,5,421.44,3,0.10683925451566587,-0.4215070296524795
C17609,91,1,380.13,3,-1.0652648344818187,-0.6373300161276134
C17610,323,4,192.07999999999998,2,-1.072361074558363,0.3297346100452218
C17611,195,3,1314.0,2,-0.19873241821840318,0.6626747508153339
C17612,78,6,2535.75,4,1.9757120154426802,1.1402794299408687
C17613,493,1,153.7,0,-2.671241417552516,1.1142599558351078
C17614,189,5,772.27,2,0.10947761997748126,0.17651510886759497
C17615,413,3,170.91000000000003,0,-1.7317387581967791,0.745321176110974
C17616,30,5,784.01,3,0.6941787459831787,-0.5824207692698175
C17617,33,3,385.51,3,-0.21328694204611687,-0.9099332190272396
C17618,186,4,474.18,2,-0.3920629941808287,-0.09301356393468177
C17619,16,7,568.84,1,1.2433391620395422,-0.8297027790101507
C17620,32,3,464.66,3,-0.15829463555696593,-0.8474942880950664
C17621,108,4,229.78,3,-0.2675644644874503,-0.6779487802621306
C17622,288,3,1392.3600000000001,2,-0.48542114431183364,1.1790205846610704
C17623,90,4,185.69,3,-0.23084569907820293,-0.8024707390485533
C17624,193,3,39.28,2,-1.0186783096721406,-0.43046679095169504
C17625,334,4,273.37,2,-1.0595334665046565,0.45202375202802864
C17626,312,4,162.53,2,-1.0516130142338793,0.25142274956852595
C17627,540,3,308.94,0,-2.1031071243903496,1.4768064941067622
C17628,618,1,51.11,0,-3.191496559044311,1.6315543854359098
C17629,95,6,1296.23,1,1.1096489148708233,0.1689395824103731
C17630,220,8,484.78,1,0.7673713382518254,0.08703506218852347
C17631,8,5,370.77,3,0.5058625898742763,-1.0400517278067842
C17632,21,4,230.69,3,0.048788283999669876,-1.097902105919661
C17633,164,4,611.76,3,-0.22293520641507752,-0.08246581742340507
C17634,55,6,2256.84,4,1.8781961554075541,0.7919885695859245
C17635,488,4,516.3499999999999,0,-1.4607917402226227,1.4032834690008937
C17636,135,6,1002.84,1,0.774081138100924,0.11300543417002612
C17637,29,4,72.77,3,-0.08272644029880791,-1.1934413393410097
C17638,43,5,972.3599999999999,1,0.7692219606340851,-0.3594623028262381
C17639,25,3,724.3,3,0.035599856847706994,-0.6606604930274154
C17640,666,1,84.83,0,-3.3438282593111137,1.8923403939734615
C17641,26,11,921.63,1,2.711937870527304,-0.474866582653031
C17642,147,3,919.87,3,-0.28028178946654886,0.09555221294617212
C17643,50,8,1530.51,1,2.0629841571088736,0.15376099912542823
C17644,4,6,1115.97,1,1.3229527128821619,-0.424345986570976
C17645,478,3,267.39,0,-1.9050442390596143,1.1416620831516289
C17646,323,3,1733.06,2,-0.39136127342032734,1.637862174849786
C17647,65,4,515.42,3,0.07386245273304486,-0.6431096951452187
C17648,53,3,441.87,3,-0.24930223084596104,-0.7653102874221832
C17649,64,4,1146.12,3,0.48677242242263347,-0.11187158341104372
C17650,167,3,335.19,3,-0.7322875393633174,-0.3046875639272692
C17651,376,3,4117.73,4,0.9637631269242131,3.9210572997515087
C17652,95,3,56.239999999999995,3,-0.651986266263601,-0.8899734916456684
C17653,211,4,652.52,2,-0.3670689845520504,0.1794680171099905
C17654,11,4,216.07,3,0.07559542710868083,-1.1586880221044296
C17655,51,4,287.74,3,-0.0230737509340825,-0.904333295458404
C17656,15,4,479.33,3,0.23191508916477918,-0.9155820053202965
C17657,72,6,137.64999999999998,1,0.4412882886539747,-0.9270415605591974
C17658,243,4,291.01,2,-0.7178063060649493,0.026946609990231594
C17659,184,2,73.46,2,-1.282822053986794,-0.4465926408438986
C17660,66,6,1145.88,1,1.117336275562209,-0.09909518900453845
C17661,332,4,180.25,2,-1.1127029807711268,0.363202964563684
C17662,297,3,479.9,2,-1.1102094017315784,0.4469833527309657
C17663,204,5,432.9,2,-0.16519171442009029,-0.03939901662637554
C17664,331,3,295.76,2,-1.3531048073378351,0.4548924347935619
C17665,445,2,224.12,0,-2.1323408372809616,0.9436437414286997
C17666,7,4,381.86,3,0.19769943180291832,-1.037115789367941
C17667,84,4,1497.29,3,0.6420683588754791,0.2833300563659612
C17668,229,4,406.57000000000005,2,-0.592003576331808,0.057465609293543746
C17669,210,8,994.69,1,1.134562040201423,0.4720822242488351
C17670,82,5,868.7,1,0.5604052342509064,-0.2589681929417995
C17671,137,3,698.99,3,-0.3873230684620113,-0.14054785251286184
C17672,19,1,95.61,3,-0.9885781047308949,-1.2273502588438683
C17673,271,2,193.13,2,-1.5209267527436836,0.07584967986594861
C17674,22,7,4688.56,4,3.894974759590894,2.7009380295523626
C17675,278,5,284.77,2,-0.5298971626683806,0.19255497649453995
C17676,6,5,261.44,3,0.44217391085306196,-1.1426504768717098
C17677,16,2,121.22,3,-0.6420813909591248,-1.2184361769471481
C17678,21,6,2189.4,4,1.9578336048757163,0.5702448435088824
C17679,147,5,457.29999999999995,3,0.057520888758865824,-0.2943084171598174
C17680,22,7,1078.54,1,1.552322375388475,-0.3674590671366836
C17681,215,2,128.72,2,-1.3594751254882291,-0.249709330752141
C17682,577,1,248.26,0,-2.9147524107843092,1.6008517900170727
C17683,109,4,148.93,3,-0.3236599529681536,-0.7418326547304533
C17684,402,2,76.07,0,-2.0723486247171574,0.6098607311380867
C17685,384,2,155.54,0,-1.9554479964395461,0.590360668426173
C17686,18,7,448.79,1,1.1581761438711702,-0.922069411311127
C17687,164,6,367.43,1,0.25649008230233883,-0.28682969615920345
C17688,80,6,1720.1000000000001,1,1.4391528835543834,0.4566759013188468
C17689,81,6,920.96,1,0.9169370464194466,-0.21773061584419098
C17690,85,7,213.62,1,0.7623939334208486,-0.7979481084827962
C17691,342,8,882.66,1,0.5827748382381415,1.0152045486317929
C17692,283,2,342.51,2,-1.4675429120990222,0.26084900048287146
C17693,188,6,656.73,1,0.35711888027396377,0.07512825927936194
C17694,217,5,287.5,2,-0.306729081934257,-0.10011696500043396
C17695,352,4,84.95,2,-1.2471350818291134,0.378919933408462
C17696,210,3,90.01,2,-1.0474587251848646,-0.3051369928838166
C17697,3,6,416.99,1,0.872992664614434,-1.0232917108059896
C17698,375,3,398.32,2,-1.446246322958052,0.7548463961677672
C17699,87,7,374.11,1,0.8592819010819586,-0.6518650586476225
C17700,199,3,90.66,2,-1.0071129612457437,-0.35777985642420485
C17701,171,6,1496.54,1,0.9637979374085132,0.7067278827896086
C17702,128,3,598.6,3,-0.4198041523033731,-0.26939947975292816
C17703,210,2,297.26,2,-1.2319571108663734,-0.1306356295316216
C17704,67,8,1860.85,1,2.215651221983194,0.5167500102185044
C17705,180,7,2650.72,4,1.9991048296533132,1.732920262457657
C17706,300,4,261.37,2,-0.9439193055002201,0.2774021845651882
C17707,68,5,201.46,3,0.17822510340331596,-0.893803193696156
C17708,69,3,544.5799999999999,3,-0.24072178381687506,-0.6006351559969489
C17709,232,4,398.3,2,-0.6082585847263275,0.06494420450573236
C17710,72,7,695.8299999999999,1,1.1224976106848827,-0.4509528469260305
C17711,190,5,460.28000000000003,2,-0.09661168351935688,-0.08383008850993781
C17712,579,2,145.59,0,-2.6696477663521,1.5249118334964435
C17713,482,3,1007.07,0,-1.439561068523863,1.789709276107804
C17714,61,6,925.05,1,0.9921801889777287,-0.3109730552373337
C17715,426,6,1426.92,2,-0.00689056982570172,1.8807179403843077
C17716,128,3,166.39,3,-0.7002784396968301,-0.6367636243172166
C17717,10,6,507.23,1,0.9061460046829167,-0.9127391267982995
C17718,123,4,98.63,3,-0.40711347283734683,-0.7168828215813338
C17719,68,4,871.76,3,0.2942140243031915,-0.32572471010034404
C17720,319,3,254.48000000000002,2,-1.336339251931427,0.3617745237400447
C17721,86,4,559.58,3,0.026300759993717733,-0.5040204181516137
C17722,181,3,777.36,2,-0.4961622148914362,0.1388454123087181
C17723,62,6,960.6899999999999,1,1.0116786241416975,-0.27584429880795874
C17724,150,2,282.55,3,-1.0237358303280475,-0.4332950515965321
C17725,247,2,1629.47,2,-0.5017349790079322,1.1806284089694317
C17726,479,3,723.1899999999999,0,-1.6128911300305455,1.5339128843743481
C17727,385,7,579.78,2,-0.08882889130127762,0.9640577830845696
C17728,72,6,328.01,1,0.5648187144845165,-0.7652418831818625
C17729,301,6,327.57,2,-0.26661105358480647,0.3418144320541821
C17730,27,5,428.43000000000006,3,0.47432036165631447,-0.8991597795573544
C17731,352,3,258.3,2,-1.4536322142833444,0.5246074227162587
C17732,350,5,822.1099999999999,2,-0.4425212623579599,0.9974638220398439
C17733,18,7,889.1400000000001,1,1.4439327262124135,-0.547786537109039
C17734,61,7,1549.47,1,1.7163746728441858,0.22141745829851608
C17735,118,7,942.6,1,1.1156794728302029,-0.018753294992250417
C17736,149,5,3830.5,4,2.239234630584926,2.582471425630483
C17737,10,6,890.04,1,1.1545631212630265,-0.5873633414609514
C17738,93,6,176.94,1,0.3905663039741413,-0.7920916218132686
C17739,15,3,434.29,3,-0.11630199336894341,-0.9555187624005864
C17740,14,7,1172.14,1,1.642097884571275,-0.3265896973889539
C17741,122,6,2375.92,4,1.7122976040792615,1.2172106063442873
C17742,378,5,736.32,2,-0.5998176401581747,1.0599514964383054
C17743,31,6,1725.19,1,1.620299030581381,0.2240411635674203
C17744,92,4,1045.1200000000001,3,0.31960581045094066,-0.062311903827192594
C17746,83,5,595.74,3,0.3796436914189455,-0.4861391866629057
C17747,128,2,9.47,3,-1.121097875886368,-0.7717946654118805
C17748,213,4,445.82,2,-0.5084618377604332,0.013451762804674557
C17749,7,8,343.77,1,1.4489386621399742,-1.062874012084832
C17750,5,9,866.97,1,2.1147072940155054,-0.6261890169796873
C17751,61,3,715.0,3,-0.10109542722757056,-0.49447133775096946
C17752,154,3,314.28999999999996,3,-0.6986673278463092,-0.3853190920600968
C17753,15,3,241.65999999999997,3,-0.24130549162349937,-1.1192478643820745
C17754,60,5,641.19,3,0.49261495537202366,-0.5587348203204745
C17755,51,1,68.85,3,-1.1220859134954546,-1.0953452843600187
C17756,5,6,1509.71,1,1.5748331899137344,-0.08484412408558269
C17757,99,3,390.11,3,-0.4498456157230807,-0.5868513201041619
C17758,1,6,1138.52,1,1.348474450005722,-0.41968705607950674
C17759,28,3,293.77,3,-0.25467257963677137,-1.012088872859109
C17760,217,3,308.42999999999995,2,-0.9311254629533283,-0.08563566625043423
C17761,251,1,578.58,2,-1.517196692014443,0.3050963209303161
C17762,135,5,1897.1200000000001,1,1.035417531040749,0.8714594784874998
C17763,42,4,64.05,3,-0.13556797569215912,-1.137985827408627
C17764,371,3,176.78,2,-1.5754926010802872,0.5472009936943211
C17765,77,5,299.38,3,0.20910332870401035,-0.7670509844174369
C17766,189,5,745.14,2,0.09187213325347098,0.15345550996421667
C17767,426,3,2231.56,2,-0.4417028124966848,2.5596724559270285
C17768,96,5,879.76,1,0.5167700949709232,-0.1818643978055332
C17769,33,6,722.19,1,0.9621627539181734,-0.6188036424061655
C17770,169,5,503.01,3,0.007335587599964939,-0.14906575147057022
C17771,9,6,653.25,1,1.0045322992750743,-0.7934629168882824
C17772,407,3,354.24,0,-1.5909936094247814,0.8721299459186083
C17773,121,5,741.56,3,0.3363516177726386,-0.1784313031919474
C17774,365,3,95.46,2,-1.6064869311696726,0.44906605359487556
C17775,413,1,1122.08,0,-1.7524739534383593,1.5504755778421258
C17776,17,6,658.47,1,0.9788841103306339,-0.7503385688464119
C17777,110,9,1299.39,1,2.014225520349649,0.24912733923540384
C17778,1,5,567.85,3,0.65915998498982,-0.9063918548694445
C17779,654,1,47.36,0,-3.324590278382462,1.8024608563744922
C17780,177,3,232.06,2,-0.8355062586519157,-0.3439852367905209
C17781,30,4,883.84,3,0.43997223704722144,-0.49922283806656836
C17782,166,3,129.09,3,-0.8624026817508319,-0.48470165869316717
C17783,245,3,288.84999999999997,2,-1.0454561468354924,0.03312830904713073
C17784,105,5,330.75,3,0.1278356580392559,-0.6049812013746775
C17785,78,4,644.0899999999999,3,0.1101774901746283,-0.47087724648835577
C17786,396,3,169.42000000000002,2,-1.6710050007640307,0.6618437425842806
C17787,231,7,375.67,1,0.33765331418824346,0.04583627508237567
C17788,170,2,131.01,2,-1.1946637873889214,-0.46538021479473246
C17789,268,5,311.0,2,-0.47658120523294806,0.166490203516664
C17790,109,6,421.37,1,0.4911131932637043,-0.5069591974803019
C17791,284,2,1523.87,2,-0.7045517290753752,1.2698017029343112
C17792,9,3,327.46000000000004,3,-0.16385054263744772,-1.075336355210138
C17793,26,2,117.05,3,-0.6810819397277065,-1.173621136670764
C17794,310,2,458.97999999999996,2,-1.4899571393041924,0.49041501683432825
C17795,122,7,845.1099999999999,1,1.0378974269730425,-0.08227279624695741
C17796,321,5,143.48,2,-0.777650950194409,0.2804085969324628
C17797,198,4,496.11,2,-0.42138535637343644,-0.016342510189692735
C17798,75,6,719.62,1,0.8080580677264598,-0.41787856959581005
C17799,89,5,2159.75,4,1.372800908011199,0.8722330073270673
C17800,465,3,299.46999999999997,0,-1.8370436852411662,1.1060617953395158
C17801,527,2,90.09,0,-2.516931970894289,1.2262697876509032
C17802,226,5,532.8299999999999,2,-0.18019199935430127,0.15192884819818941
C17803,89,5,793.76,3,0.4863682205754888,-0.2888131226407085
C17804,72,8,625.0,1,1.395523106535558,-0.5095017413361365
C17805,26,7,1441.97,1,1.7736454139703424,-0.03921187740189023
C17806,149,3,325.81,3,-0.6730443934089024,-0.3997071755726576
C17807,231,5,5536.37,4,3.0486108771229636,4.428951361359719
C17808,644,1,258.74,0,-3.1511248234553038,1.9337674338190447
C17809,607,2,82.44,0,-2.8122523557471695,1.606642755929276
C17810,62,5,974.39,1,0.701579724069028,-0.2658540068803444
C17811,380,2,209.61,0,-1.9058425165078015,0.6169746118340429
C17812,467,3,276.46000000000004,0,-1.8592344796093925,1.0961759399491118
C17813,36,7,1426.28,1,1.727169184882535,-0.004188454499885881
C17814,90,8,810.69,1,1.4506929117167957,-0.26462448565629804
C17815,337,4,453.19,2,-0.9537311214926485,0.6193726000133993
C17816,15,4,489.8,3,0.23870939237157565,-0.9066828530711858
C17817,49,4,90.33,3,-0.1439202357293782,-1.081797119031607
C17818,46,4,904.89,3,0.39556101264679466,-0.403955994383681
C17819,194,3,326.57,2,-0.8358764932292484,-0.18144389283285617
C17820,29,6,953.3100000000001,1,1.1266613936171876,-0.4417030795422274
C17821,220,3,344.39,2,-0.9186782716499865,-0.040563040094772566
C17822,292,4,297.48,2,-0.8914508155493904,0.26940696378747664
C17823,293,5,584.79,2,-0.3896467714314171,0.5201011142822158
C17824,22,12,4439.45,4,5.328265907310545,2.4974740687001677
C17825,15,8,427.87,1,1.4744781176035668,-0.9527042839656122
C17826,3,6,265.2,1,0.7744914913804671,-1.1523081692484443
C17827,60,3,516.88,3,-0.22603210356062145,-0.6677026975648231
C17828,303,1,35.63,2,-2.0582649950278737,0.09507574371184033
C17829,109,4,355.77,3,-0.18943515112538584,-0.5660255247203253
C17830,179,9,2769.86,4,2.718026368294108,1.8326578712411503
C17831,82,5,3844.0400000000004,4,2.4911943558659737,2.269971984027521
C17832,12,5,665.49,3,0.6825976080799274,-0.7702057559360207
C17833,117,8,558.58,1,1.189095850131393,-0.34833922727783
C17834,508,1,217.46,0,-2.6843073659180092,1.240992940769405
C17835,241,5,747.42,2,-0.09537974784576372,0.40686232346040974
C17836,222,5,2030.21,4,0.8060214807112914,1.4053083534650705
C17837,31,7,1183.43,1,1.5877236468545346,-0.23478258935975005
C17838,356,3,113.64,2,-1.5620243157531686,0.42099498816732556
C17840,59,2,341.21999999999997,3,-0.6553830480569306,-0.8234980564059615
C17841,128,4,258.31,3,-0.32163949141959103,-0.5569804243106318
C17842,5,4,826.4300000000001,3,0.4934534028528171,-0.6689179356838338
C17843,0,10,3793.27,4,4.350809363008797,1.8385433409588827
C17844,184,1,389.45,2,-1.3967557280439433,-0.17966588918527693
C17845,292,5,384.0,2,-0.5163160924217884,0.344600343149821
C17846,92,7,1416.33,1,1.5174630794554107,0.2581670259134409
C17847,40,4,577.3000000000001,3,0.2047545478164581,-0.7114122548640693
C17848,49,5,349.12,3,0.3430057589774811,-0.860179961450133
C17849,74,5,1139.21,1,0.7649830529193185,-0.06773119908803756
C17850,69,2,325.92,3,-0.7016061942172643,-0.7881431464574286
C17851,94,6,1237.6200000000001,1,1.075244544209231,0.11428708890725707
C17852,54,6,1998.8200000000002,4,1.7143885371368617,0.5678441992924408
C17853,301,3,283.39,2,-1.2522485539437518,0.29930014032946495
C17854,141,4,131.22,3,-0.4512949399541547,-0.6021354808335713
C17855,1,5,936.1800000000001,1,0.8981805867242362,-0.5933235885929484
C17856,317,4,1464.9499999999998,2,-0.22458009809457832,1.3826161918391007
C17857,377,4,643.5,2,-0.9754111751367173,0.9745673861469593
C17858,32,2,35.34,3,-0.7558827626281995,-1.214056281688081
C17859,124,3,3658.87,4,1.5806164470430317,2.3123846156393104
C17860,103,6,436.6,1,0.5227731109886646,-0.5230298443943006
C17861,179,5,288.7,3,-0.16803123393616262,-0.2828627315980166
C17862,429,6,1199.65,2,-0.16526137595550505,1.7020538094689677
C17863,16,3,392.51,3,-0.14704376396143878,-0.9861944345410438
C17864,216,5,330.53999999999996,2,-0.2751696588068463,-0.06837033470965383
C17865,12,6,1502.04,1,1.5444497365746297,-0.05751178809225949
C17866,104,5,2389.7,4,1.467580733278704,1.1402219724217935
C17867,58,8,1549.8200000000002,1,2.046479400082653,0.2088613791816225
C17868,275,7,236.19,1,0.08744464019429073,0.14006427558029305
C17869,100,4,203.54000000000002,3,-0.2555567964032642,-0.7389394301450997
C17870,27,4,1229.6000000000001,3,0.6752348279882294,-0.21984614268158956
C17871,113,5,1183.11,1,0.6519225234028907,0.15818400973420035
C17872,349,4,439.03999999999996,2,-1.0064668991294985,0.6653768521205744
C17873,67,4,106.22,3,-0.19893884358673056,-0.9812442236095508
C17874,25,5,3247.85,4,2.311187128375798,1.4875816957886772
C17875,58,4,187.22,3,-0.11371040892944788,-0.955920375542437
C17876,30,7,758.25,1,1.3154407922850748,-0.6010074075960544
C17877,606,1,139.0,0,-3.0909086401974166,1.6482266841261957
C17878,223,4,1222.16,2,-0.04096557698396236,0.7216743791988551
C17879,18,2,69.72,3,-0.6827602176446033,-1.2525375860698502
C17880,430,2,163.09,0,-2.117503308423151,0.8192311658201018
C17881,163,3,183.35,3,-0.8163033558319028,-0.4530902814185747
C17882,32,4,374.67,3,0.10229735031833023,-0.9223285461243664
C17883,183,3,239.05,2,-0.8527469388167026,-0.3090283278922589
C17884,82,4,2219.4,4,1.1179265240050615,0.8874276918283074
C17885,718,2,114.36000000000001,0,-3.1944075329529307,2.17056305542753
C17886,314,2,48.7,2,-1.7707181823011673,0.16103440459592414
C17887,135,6,1199.12,1,0.9014532329844012,0.279836914920306
C17888,41,4,111.91,3,-0.10088070715340551,-1.1021423572094693
C17889,238,2,765.71,2,-1.0295902021971648,0.4029376363231023
C17890,54,8,1356.67,1,1.9356562612193435,0.025346533761877597
C17891,41,4,144.77,3,-0.07955684818728023,-1.0742124486224802
C17892,5,6,535.92,1,0.9429110772350032,-0.9125332805957478
C17893,644,1,11.03,0,-3.3118714182361586,1.7232221612663043
C17894,39,7,454.37,1,1.0855787092294353,-0.8157718529202621
C17895,88,7,2376.43,4,2.1550191357437734,1.0548763764141182
C17896,42,2,23.68,3,-0.7997438014654447,-1.1756074926386157
C17897,116,3,51.379999999999995,3,-0.7313585361946343,-0.792549586500335
C17898,102,2,614.01,3,-0.6344276596641171,-0.38369018923339465
C17899,216,5,1697.79,1,0.6120806811637791,1.0937467534084448
C17900,27,3,511.98,3,-0.10943998623863145,-0.8314535606698852
C17901,85,4,108.96,3,-0.2624908886140327,-0.8918683914230062
C17902,102,4,318.33,3,-0.18832495639741673,-0.6316998624287756
C17903,191,5,682.9300000000001,2,0.04424326002121229,0.11025095656377114
C17904,67,4,315.71999999999997,3,-0.06298788639247499,-0.8031761819487415
C17905,80,5,617.51,3,0.40465926268755786,-0.4821432302644933
C17906,243,6,1008.5200000000001,1,0.38578637486116807,0.6401147846722515
C17907,152,3,182.94,3,-0.7766454583110439,-0.5066341097520916
C17908,55,3,944.1500000000001,3,0.06938372086968178,-0.3287170898101691
C17909,306,4,162.66,2,-1.0297519483162374,0.22251760418637362
C17910,42,7,926.8399999999999,1,1.3812905894342784,-0.3996802250206392
C17911,46,2,63.23,3,-0.7885964001918135,-1.122647545543932
C17912,170,1,21.94,2,-1.5844318951691747,-0.5597403451807103
C17913,30,5,320.35,3,0.3932955917460018,-0.9765163692528765
C17914,118,5,738.22,3,0.3450725420954383,-0.1957780127892529
C17915,108,3,627.83,3,-0.3282468948817803,-0.3412737541467735
C17916,77,3,216.82,3,-0.48245087837727346,-0.8405327483475191
C17917,87,2,151.6,3,-0.8800578883176685,-0.8492624333948119
C17918,206,3,79.09,2,-1.0400272438595861,-0.33376239089616627
C17919,204,2,199.70000000000002,2,-1.2734900736280006,-0.2425740302352272
C17920,44,4,195.07,3,-0.05780399231990212,-1.0169512987560023
C17921,98,1,48.79,3,-1.3056876497066738,-0.885106429749346
C17922,391,1,13.31,0,-2.392140798126358,0.5016672206591316
C17923,8,5,473.32,3,0.5724104211882187,-0.9528876339055146
C17924,83,3,305.26000000000005,3,-0.4468361625350334,-0.7363460447319639
C17925,101,6,1881.48,1,1.4676588337855128,0.695398284963908
C17926,131,4,448.77000000000004,3,-0.20893252500163112,-0.3805879297225356
C17927,50,6,1812.15,1,1.6077704684531167,0.3898371386457843
C17928,61,7,1380.27,1,1.6065756181555555,0.0776030781123158
C17929,84,4,173.11,3,-0.21723254087387384,-0.8421789622803899
C17930,215,5,1058.2,2,0.20066062023622705,0.5452805565922162
C17931,314,3,203.82,2,-1.3510668211615087,0.29453550547584123
C17933,88,7,812.75,1,1.1402993613021803,-0.27419968747215595
C17934,287,3,111.84,2,-1.3127602839721508,0.08578517571280095
C17935,72,4,1004.49,3,0.3658287773255611,-0.19356485788893382
C17936,91,4,124.88999999999999,3,-0.27393012936442024,-0.8493127794581685
C17937,334,3,1598.1999999999998,2,-0.5188000109395967,1.5764309960450797
C17938,138,6,860.59,1,0.6708824101604076,0.006605479397893748
C17939,73,8,433.52,1,1.267636427628122,-0.6674174413363703
C17940,342,1,19.95,0,-2.209988808695298,0.27034993142595914
C17941,87,5,452.67,3,0.2722833895765146,-0.5884001740221456
C17942,73,2,138.94,3,-0.8374610379709113,-0.9277261753886311
C17943,154,3,147.56,3,-0.8068635239942721,-0.5270340542849499
C17944,329,3,228.79999999999998,2,-1.3892982975460635,0.3883067784502043
C17945,167,4,292.21,3,-0.4411893267686801,-0.3395648833480983
C17946,140,2,22.099999999999998,3,-1.1564552925033509,-0.7030283027764167
C17947,95,2,69.41,3,-0.9624290995454019,-0.8804336821146186
C17948,37,3,3460.12,4,1.767403715275235,1.72272692149492
C17949,550,1,537.88,0,-2.6288139630205936,1.7164487857803563
C17950,15,7,945.8499999999999,1,1.4916219320603445,-0.5140927412088192
C17951,31,7,1514.17,1,1.8023509479639765,0.046335425432116766
C17952,195,6,885.21,1,0.47998038417315747,0.3031802517796071
C17953,38,4,1330.48,3,0.7007749861681193,-0.0809061513616216
C17954,158,5,962.2699999999999,1,0.34528740633076876,0.18809465270294984
C17955,534,1,11.1,0,-2.91258640249535,1.191328239428633
C17956,0,5,500.01,3,0.6187659850446814,-0.9688895418070679
C17957,344,5,665.8,2,-0.5221788968864727,0.8355898726604744
C17958,193,5,1498.71,1,0.5663689495907889,0.8133087415775215
C17959,179,9,2439.56,4,2.5036845966413033,1.5519138418351106
C17960,43,7,978.82,1,1.4113925503288163,-0.350663011308507
C17961,49,5,876.8,1,0.6854334491553561,-0.41166948782924573
C17962,68,7,726.68,1,1.1570349224731877,-0.4440751322883944
C17963,95,4,296.52,3,-0.1770719766529979,-0.6840892192725078
C17964,299,3,503.06,2,-1.102439071070407,0.4763404638488175
C17965,19,4,113.67,3,-0.019890671206861145,-1.2070370995686992
C17966,141,8,2981.98,4,2.6746074058512805,1.827532846100274
C17967,86,5,853.5,1,0.5360236860907164,-0.2525439273789981
C17968,144,5,150.3,3,-0.1308124478329295,-0.5697560409849098
C17969,29,2,6.58,3,-0.7636576537320251,-1.2530091469847555
C17970,173,6,6109.260000000001,4,3.9498741158046156,4.637058556126003
C17971,341,7,663.26,1,0.12503967002977154,0.8222316425723071
C17972,0,7,1700.24,1,2.0356104371250283,0.05457459979860772
C17973,59,8,623.22,1,1.4415508708046147,-0.573881904521209
C17974,186,1,64.94,2,-1.6145990932669099,-0.4458167305457717
C17975,37,9,742.13,1,1.9175523736442026,-0.5775487848638198
C17977,90,3,88.77999999999999,3,-0.6127228109659401,-0.8864952733171305
C17978,0,3,269.15,3,-0.16902462753497055,-1.168421380096568
C17979,126,5,475.9,3,0.1458094649039758,-0.38005377866591683
C17980,37,10,2398.0,4,3.311086307620516,0.8315399700612514
C17981,142,3,1085.8400000000001,3,-0.15443152644368713,0.2124414995267475
C17982,171,5,596.65,3,0.0608425457697336,-0.05980298127752109
C17983,81,7,4141.5,4,3.3258331961147864,2.5212756700852648
C17984,350,5,264.79,2,-0.8041832550238431,0.5237603328827926
C17985,0,2,106.43,3,-0.5936078611074521,-1.3083822285498605
C17986,181,3,139.48,2,-0.9101020553452395,-0.4033314011261129
C17987,119,5,198.67000000000002,3,-0.008687404929442023,-0.6495416519822215
C17988,695,1,182.74,0,-3.3855455397889758,2.115802907132083
C17989,83,5,1886.28,1,1.2171145663472254,0.6107769493033995
C17990,208,4,324.98,2,-0.5687313553241323,-0.11343792449893511
C17991,205,3,384.15000000000003,2,-0.8384350293047822,-0.07930746334540871
C17992,21,9,1590.82,1,2.526364483534519,0.06643448388323245
C17993,356,2,221.71,2,-1.8108836366830128,0.5111966456869713
C17994,237,4,165.12,2,-0.7777234722505061,-0.10907134975991689
C17995,208,2,699.48,2,-0.9636853500177956,0.20156613076663688
C17996,234,3,981.94,2,-0.5557648898195676,0.5690364467841216
C17997,282,4,787.04,2,-0.5374658509692587,0.6371573017532896
C17998,32,4,302.48,3,0.05545105151234779,-0.9836876484035733
C17999,65,4,2131.87,4,1.1228262940535916,0.7308191160367161

